arm,shared_interface,refine_intrinsics,intrinsics_source,camera,water_z_recovered_m,water_z_gt_m,water_z_error_mm,camera_height_recovered_m,camera_height_gt_m,camera_height_drift_mm,surface_height_sum_m,focal_length_recovered_px,focal_length_gt_px,focal_drift_pct,standoff_m,reprojection_rms_px_control,seed
percamera_fixed,False,False,ground_truth_fixed,cam0,1.0317999307427415,1.031,0.7999307427415392,1.0317999307427415,1.031,0.7999307427415392,1.0317999307427415,1587.79,1587.79,0.0,1.0317999307427415,0.49955965254052914,42
percamera_fixed,False,False,ground_truth_fixed,cam1,1.027998001372097,1.031,-3.0019986279028466,1.0292538257310162,1.031,-1.7461742689837134,1.027998001372097,1587.79,1587.79,0.0,1.0292538257310162,0.49955965254052914,42
percamera_fixed,False,False,ground_truth_fixed,cam10,1.0329929844262857,1.031,1.9929844262858154,1.0326960324230285,1.031,1.6960324230286261,1.0329929844262857,1587.79,1587.79,0.0,1.0326960324230285,0.49955965254052914,42
percamera_fixed,False,False,ground_truth_fixed,cam11,1.0377300927490185,1.031,6.73009274901859,1.0361208030688187,1.031,5.120803068818791,1.0377300927490185,1587.79,1587.79,0.0,1.0361208030688187,0.49955965254052914,42
percamera_fixed,False,False,ground_truth_fixed,cam2,1.0321111449075588,1.031,1.1111449075589253,1.03209559266636,1.031,1.0955926663600568,1.0321111449075588,1587.79,1587.79,0.0,1.03209559266636,0.49955965254052914,42
percamera_fixed,False,False,ground_truth_fixed,cam3,1.0289861830292935,1.031,-2.0138169707064613,1.0298465762189184,1.031,-1.1534237810815196,1.0289861830292935,1587.79,1587.79,0.0,1.0298465762189184,0.49955965254052914,42
percamera_fixed,False,False,ground_truth_fixed,cam4,1.0274938342645783,1.031,-3.506165735421618,1.0288345973406257,1.031,-2.1654026593742604,1.0274938342645783,1587.79,1587.79,0.0,1.0288345973406257,0.49955965254052914,42
percamera_fixed,False,False,ground_truth_fixed,cam5,1.0346792627893608,1.031,3.6792627893609264,1.0339591509834358,1.031,2.9591509834359098,1.0346792627893608,1587.79,1587.79,0.0,1.0339591509834358,0.49955965254052914,42
percamera_fixed,False,False,ground_truth_fixed,cam6,1.0311124562598306,1.031,0.11245625983069552,1.0313162798529898,1.031,0.3162798529898758,1.0311124562598306,1587.79,1587.79,0.0,1.0313162798529898,0.49955965254052914,42
percamera_fixed,False,False,ground_truth_fixed,cam7,1.029553997014647,1.031,-1.4460029853529122,1.0303438560500624,1.031,-0.6561439499375155,1.029553997014647,1587.79,1587.79,0.0,1.0303438560500624,0.49955965254052914,42
percamera_fixed,False,False,ground_truth_fixed,cam8,1.0331678667905817,1.031,2.167866790581785,1.0328394439297532,1.031,1.839443929753326,1.0331678667905817,1587.79,1587.79,0.0,1.0328394439297532,0.49955965254052914,42
percamera_fixed,False,False,ground_truth_fixed,cam9,1.030724787772407,1.031,-0.2752122275928581,1.0311741832162604,1.031,0.17418321626050393,1.030724787772407,1587.79,1587.79,0.0,1.0311741832162604,0.49955965254052914,42
percamera_refined,False,True,refined_from_ground_truth,cam0,1.0234444745326723,1.031,-7.555525467327628,1.0234444745326723,1.031,-7.555525467327628,1.0234444745326723,1585.3853734245417,1587.79,-0.15144487466593337,1.0234444745326723,0.4989658261108221,42
percamera_refined,False,True,refined_from_ground_truth,cam1,1.0271306288748667,1.031,-3.869371125133192,1.0275919602810584,1.031,-3.408039718941547,1.0271306288748667,1586.3167625235444,1587.79,-0.09278541094575175,1.0275919602810584,0.4989658261108221,42
percamera_refined,False,True,refined_from_ground_truth,cam10,1.022372406665433,1.031,-8.627593334566974,1.0224623386219778,1.031,-8.537661378022143,1.022372406665433,1584.8824801504504,1587.79,-0.1831174052960117,1.0224623386219778,0.4989658261108221,42
percamera_refined,False,True,refined_from_ground_truth,cam11,1.0308650028413926,1.031,-0.13499715860731953,1.0288100110723413,1.031,-2.189988927658648,1.0308650028413926,1585.3292554124387,1587.79,-0.1549792219097799,1.0288100110723413,0.4989658261108221,42
percamera_refined,False,True,refined_from_ground_truth,cam2,1.0231048366256308,1.031,-7.89516337436913,1.0238754491031345,1.031,-7.124550896865367,1.0231048366256308,1586.1236309936687,1587.79,-0.10494895460553672,1.0238754491031345,0.4989658261108221,42
percamera_refined,False,True,refined_from_ground_truth,cam3,1.0246348503026168,1.031,-6.36514969738311,1.0252597215076555,1.031,-5.740278492344375,1.0246348503026168,1586.1734045913822,1587.79,-0.10181418251895659,1.0252597215076555,0.4989658261108221,42
percamera_refined,False,True,refined_from_ground_truth,cam4,1.0114898020852703,1.031,-19.51019791472963,1.0143234902950757,1.031,-16.67650970492418,1.0114898020852703,1585.1820235500772,1587.79,-0.16425197601211222,1.0143234902950757,0.4989658261108221,42
percamera_refined,False,True,refined_from_ground_truth,cam5,1.0245688699761204,1.031,-6.431130023879517,1.023560679443539,1.031,-7.439320556460904,1.0245688699761204,1584.8789576219779,1587.79,-0.1833392563262209,1.023560679443539,0.4989658261108221,42
percamera_refined,False,True,refined_from_ground_truth,cam6,1.024969452183919,1.031,-6.030547816080922,1.0236740435466254,1.031,-7.325956453374527,1.024969452183919,1584.4865193866578,1587.79,-0.20805526003704,1.0236740435466254,0.4989658261108221,42
percamera_refined,False,True,refined_from_ground_truth,cam7,1.0236145860240153,1.031,-7.385413975984578,1.0244340911581256,1.031,-6.565908841874357,1.0236145860240153,1586.0151149946437,1587.79,-0.11178335959769756,1.0244340911581256,0.4989658261108221,42
percamera_refined,False,True,refined_from_ground_truth,cam8,1.0249917269927447,1.031,-6.00827300725526,1.0250638113526904,1.031,-5.936188647309493,1.0249917269927447,1585.8915595566862,1587.79,-0.1195649577912572,1.0250638113526904,0.4989658261108221,42
percamera_refined,False,True,refined_from_ground_truth,cam9,1.021063356966711,1.031,-9.936643033289005,1.0226148272537001,1.031,-8.385172746299796,1.021063356966711,1585.965303707935,1587.79,-0.1149205053605973,1.0226148272537001,0.4989658261108221,42
shared_fixed,True,False,ground_truth_fixed,cam0,1.0316297963842145,1.031,0.6297963842145649,1.0316297963842145,1.031,0.6297963842145649,1.0316297963842145,1587.79,1587.79,0.0,1.0316297963842145,0.4996245176118636,42
shared_fixed,True,False,ground_truth_fixed,cam1,1.0316297963842145,1.031,0.6297963842145649,1.0318189575586436,1.031,0.8189575586436959,1.0316297963842145,1587.79,1587.79,0.0,1.0318189575586436,0.4996245176118636,42
shared_fixed,True,False,ground_truth_fixed,cam10,1.0316297963842145,1.031,0.6297963842145649,1.031654504458719,1.031,0.654504458719174,1.0316297963842145,1587.79,1587.79,0.0,1.031654504458719,0.4996245176118636,42
shared_fixed,True,False,ground_truth_fixed,cam11,1.0316297963842145,1.031,0.6297963842145649,1.031640003766453,1.031,0.6400037664531233,1.0316297963842145,1587.79,1587.79,0.0,1.031640003766453,0.4996245176118636,42
shared_fixed,True,False,ground_truth_fixed,cam2,1.0316297963842145,1.031,0.6297963842145649,1.0317037739826658,1.031,0.7037739826658562,1.0316297963842145,1587.79,1587.79,0.0,1.0317037739826658,0.4996245176118636,42
shared_fixed,True,False,ground_truth_fixed,cam3,1.0316297963842145,1.031,0.6297963842145649,1.0317083668826421,1.031,0.7083668826421974,1.0316297963842145,1587.79,1587.79,0.0,1.0317083668826421,0.4996245176118636,42
shared_fixed,True,False,ground_truth_fixed,cam4,1.0316297963842145,1.031,0.6297963842145649,1.0317995920038776,1.031,0.7995920038776916,1.0316297963842145,1587.79,1587.79,0.0,1.0317995920038776,0.4996245176118636,42
shared_fixed,True,False,ground_truth_fixed,cam5,1.0316297963842145,1.031,0.6297963842145649,1.0317087592957064,1.031,0.7087592957064626,1.0316297963842145,1587.79,1587.79,0.0,1.0317087592957064,0.4996245176118636,42
shared_fixed,True,False,ground_truth_fixed,cam6,1.0316297963842145,1.031,0.6297963842145649,1.0316476821168041,1.031,0.6476821168042157,1.0316297963842145,1587.79,1587.79,0.0,1.0316476821168041,0.4996245176118636,42
shared_fixed,True,False,ground_truth_fixed,cam7,1.0316297963842145,1.031,0.6297963842145649,1.031791352110218,1.031,0.7913521102180798,1.0316297963842145,1587.79,1587.79,0.0,1.031791352110218,0.4996245176118636,42
shared_fixed,True,False,ground_truth_fixed,cam8,1.0316297963842145,1.031,0.6297963842145649,1.0317003584335291,1.031,0.7003584335292246,1.0316297963842145,1587.79,1587.79,0.0,1.0317003584335291,0.4996245176118636,42
shared_fixed,True,False,ground_truth_fixed,cam9,1.0316297963842145,1.031,0.6297963842145649,1.031777943612742,1.031,0.7779436127421935,1.0316297963842145,1587.79,1587.79,0.0,1.031777943612742,0.4996245176118636,42
shared_refined,True,True,refined_from_ground_truth,cam0,1.0235831839762572,1.031,-7.416816023742667,1.0235831839762572,1.031,-7.416816023742667,1.0235831839762572,1585.2815626608071,1587.79,-0.1579829410181966,1.0235831839762572,0.49903604691219283,42
shared_refined,True,True,refined_from_ground_truth,cam1,1.0235831839762572,1.031,-7.416816023742667,1.0249057146311873,1.031,-6.094285368812624,1.0235831839762572,1586.1070545163147,1587.79,-0.10599295144101024,1.0249057146311873,0.49903604691219283,42
shared_refined,True,True,refined_from_ground_truth,cam10,1.0235831839762572,1.031,-7.416816023742667,1.0234769831353263,1.031,-7.523016864673604,1.0235831839762572,1584.8640113058332,1587.79,-0.18428058459662738,1.0234769831353263,0.49903604691219283,42
shared_refined,True,True,refined_from_ground_truth,cam11,1.0235831839762572,1.031,-7.416816023742667,1.0232136470172608,1.031,-7.786352982739109,1.0235831839762572,1584.8552192689287,1587.79,-0.1848343125395181,1.0232136470172608,0.49903604691219283,42
shared_refined,True,True,refined_from_ground_truth,cam2,1.0235831839762572,1.031,-7.416816023742667,1.024404367346577,1.031,-6.595632653422889,1.0235831839762572,1586.1527067152563,1587.79,-0.1031177476079136,1.024404367346577,0.49903604691219283,42
shared_refined,True,True,refined_from_ground_truth,cam3,1.0235831839762572,1.031,-7.416816023742667,1.0246204840192046,1.031,-6.379515980795336,1.0235831839762572,1586.1362644416345,1587.79,-0.10415329220901359,1.0246204840192046,0.49903604691219283,42
shared_refined,True,True,refined_from_ground_truth,cam4,1.0235831839762572,1.031,-7.416816023742667,1.0240700413226274,1.031,-6.929958677372561,1.0235831839762572,1585.9116643496939,1587.79,-0.1182987454453107,1.0240700413226274,0.49903604691219283,42
shared_refined,True,True,refined_from_ground_truth,cam5,1.0235831839762572,1.031,-7.416816023742667,1.0229934363135496,1.031,-8.006563686450363,1.0235831839762572,1584.8643798354135,1587.79,-0.18425737437485198,1.0229934363135496,0.49903604691219283,42
shared_refined,True,True,refined_from_ground_truth,cam6,1.0235831839762572,1.031,-7.416816023742667,1.0228167260848262,1.031,-8.183273915173706,1.0235831839762572,1584.4856481303489,1587.79,-0.20811013230031047,1.0228167260848262,0.49903604691219283,42
shared_refined,True,True,refined_from_ground_truth,cam7,1.0235831839762572,1.031,-7.416816023742667,1.0245911247765238,1.031,-6.408875223476107,1.0235831839762572,1586.0518417414933,1587.79,-0.10947028627883415,1.0245911247765238,0.49903604691219283,42
shared_refined,True,True,refined_from_ground_truth,cam8,1.0235831839762572,1.031,-7.416816023742667,1.0241134577187316,1.031,-6.886542281268282,1.0235831839762572,1585.8042823078717,1587.79,-0.12506173310880023,1.0241134577187316,0.49903604691219283,42
shared_refined,True,True,refined_from_ground_truth,cam9,1.0235831839762572,1.031,-7.416816023742667,1.0246165117822938,1.031,-6.383488217706068,1.0235831839762572,1585.9811014894258,1587.79,-0.11392555127404641,1.0246165117822938,0.49903604691219283,42
percamera_fixed,False,False,ground_truth_fixed,cam0,1.0367784981646473,1.031,5.778498164647372,1.0367784981646473,1.031,5.778498164647372,1.0367784981646473,1587.79,1587.79,0.0,1.0367784981646473,0.49828614668076937,43
percamera_fixed,False,False,ground_truth_fixed,cam1,1.0301135607794003,1.031,-0.8864392205996108,1.0319569224968435,1.031,0.9569224968435375,1.0301135607794003,1587.79,1587.79,0.0,1.0319569224968435,0.49828614668076937,43
percamera_fixed,False,False,ground_truth_fixed,cam10,1.0289862210691443,1.031,-2.0137789308556364,1.031224963078828,1.031,0.22496307882802213,1.0289862210691443,1587.79,1587.79,0.0,1.031224963078828,0.49828614668076937,43
percamera_fixed,False,False,ground_truth_fixed,cam11,1.029507035994687,1.031,-1.4929640053129578,1.031478621679278,1.031,0.4786216792780351,1.029507035994687,1587.79,1587.79,0.0,1.031478621679278,0.49828614668076937,43
percamera_fixed,False,False,ground_truth_fixed,cam2,1.0283448830309003,1.031,-2.6551169690995913,1.0307816915372985,1.031,-0.21830846270143311,1.0283448830309003,1587.79,1587.79,0.0,1.0307816915372985,0.49828614668076937,43
percamera_fixed,False,False,ground_truth_fixed,cam3,1.02264883295472,1.031,-8.351167045279828,1.0265512211534422,1.031,-4.448778846557699,1.02264883295472,1587.79,1587.79,0.0,1.0265512211534422,0.49828614668076937,43
percamera_fixed,False,False,ground_truth_fixed,cam4,1.030380624343357,1.031,-0.6193756566428288,1.032324673854603,1.031,1.324673854603109,1.030380624343357,1587.79,1587.79,0.0,1.032324673854603,0.49828614668076937,43
percamera_fixed,False,False,ground_truth_fixed,cam5,1.030325598830399,1.031,-0.6744011696009355,1.0320613101159033,1.031,1.06131011590338,1.030325598830399,1587.79,1587.79,0.0,1.0320613101159033,0.49828614668076937,43
percamera_fixed,False,False,ground_truth_fixed,cam6,1.0271429623175576,1.031,-3.857037682442277,1.0297337310572738,1.031,-1.2662689427260787,1.0271429623175576,1587.79,1587.79,0.0,1.0297337310572738,0.49828614668076937,43
percamera_fixed,False,False,ground_truth_fixed,cam7,1.0314635699128463,1.031,0.4635699128463511,1.0329862654545137,1.031,1.986265454513747,1.0314635699128463,1587.79,1587.79,0.0,1.0329862654545137,0.49828614668076937,43
percamera_fixed,False,False,ground_truth_fixed,cam8,1.0305482966326622,1.031,-0.4517033673376858,1.0322726737155403,1.031,1.2726737155404066,1.0305482966326622,1587.79,1587.79,0.0,1.0322726737155403,0.49828614668076937,43
percamera_fixed,False,False,ground_truth_fixed,cam9,1.0319082760473939,1.031,0.9082760473939633,1.033224895660534,1.031,2.2248956605341874,1.0319082760473939,1587.79,1587.79,0.0,1.033224895660534,0.49828614668076937,43
percamera_refined,False,True,refined_from_ground_truth,cam0,1.039960955709482,1.031,8.960955709482077,1.039960955709482,1.031,8.960955709482077,1.039960955709482,1588.394646946653,1587.79,0.03808104010310052,1.039960955709482,0.49797564072105777,43
percamera_refined,False,True,refined_from_ground_truth,cam1,1.0362761923476047,1.031,5.276192347604791,1.0377008087709443,1.031,6.700808770944366,1.0362761923476047,1588.699969862085,1587.79,0.05731046688069979,1.0377008087709443,0.49797564072105777,43
percamera_refined,False,True,refined_from_ground_truth,cam10,1.0307766876347115,1.031,-0.22331236528838616,1.033279369169221,1.031,2.2793691692211127,1.0307766876347115,1588.3937567514165,1587.79,0.03802497505441779,1.033279369169221,0.49797564072105777,43
percamera_refined,False,True,refined_from_ground_truth,cam11,1.0339366638849943,1.031,2.9366638849943616,1.0359282977958528,1.031,4.9282977958529095,1.0339366638849943,1588.7335762906982,1587.79,0.059427020619746605,1.0359282977958528,0.49797564072105777,43
percamera_refined,False,True,refined_from_ground_truth,cam2,1.0296081937154653,1.031,-1.3918062845346135,1.0318710994331899,1.031,0.8710994331899702,1.0296081937154653,1587.7946197067886,1587.79,0.00029095200175192535,1.0318710994331899,0.49797564072105777,43
percamera_refined,False,True,refined_from_ground_truth,cam3,1.0227721801157108,1.031,-8.227819884289111,1.0279050776004055,1.031,-3.094922399594413,1.0227721801157108,1589.119002665172,1587.79,0.083701412981067,1.0279050776004055,0.49797564072105777,43
percamera_refined,False,True,refined_from_ground_truth,cam4,1.0389103518226863,1.031,7.910351822686401,1.0397853117893852,1.031,8.785311789385242,1.0389103518226863,1588.8548107398756,1587.79,0.06706244149891429,1.0397853117893852,0.49797564072105777,43
percamera_refined,False,True,refined_from_ground_truth,cam5,1.031706563049296,1.031,0.7065630492961716,1.03445209079101,1.031,3.452090791010054,1.031706563049296,1588.850068553274,1587.79,0.06676377564249994,1.03445209079101,0.49797564072105777,43
percamera_refined,False,True,refined_from_ground_truth,cam6,1.0289566397186558,1.031,-2.0433602813441087,1.032310550032732,1.031,1.3105500327321717,1.0289566397186558,1588.743030056392,1587.79,0.06002242465262919,1.032310550032732,0.49797564072105777,43
percamera_refined,False,True,refined_from_ground_truth,cam7,1.034582833539613,1.031,3.582833539613084,1.0361227447712142,1.031,5.122744771214327,1.034582833539613,1588.2579892209137,1587.79,0.029474251690321175,1.0361227447712142,0.49797564072105777,43
percamera_refined,False,True,refined_from_ground_truth,cam8,1.033410146361644,1.031,2.410146361644161,1.0358634354434713,1.031,4.863435443471342,1.033410146361644,1589.0452137841683,1587.79,0.079054143442665,1.0358634354434713,0.49797564072105777,43
percamera_refined,False,True,refined_from_ground_truth,cam9,1.032311682226684,1.031,1.3116822266840966,1.0334229076265542,1.031,2.4229076265542826,1.032311682226684,1587.1013093477952,1587.79,-0.043374164858371776,1.0334229076265542,0.49797564072105777,43
shared_fixed,True,False,ground_truth_fixed,cam0,1.031821588530504,1.031,0.8215885305040693,1.031821588530504,1.031,0.8215885305040693,1.031821588530504,1587.79,1587.79,0.0,1.031821588530504,0.4983940768033085,43
shared_fixed,True,False,ground_truth_fixed,cam1,1.031821588530504,1.031,0.8215885305040693,1.0318257366924783,1.031,0.8257366924784293,1.031821588530504,1587.79,1587.79,0.0,1.0318257366924783,0.4983940768033085,43
shared_fixed,True,False,ground_truth_fixed,cam10,1.031821588530504,1.031,0.8215885305040693,1.0318632548389441,1.031,0.8632548389442274,1.031821588530504,1587.79,1587.79,0.0,1.0318632548389441,0.4983940768033085,43
shared_fixed,True,False,ground_truth_fixed,cam11,1.031821588530504,1.031,0.8215885305040693,1.0317572949488938,1.031,0.7572949488938718,1.031821588530504,1587.79,1587.79,0.0,1.0317572949488938,0.4983940768033085,43
shared_fixed,True,False,ground_truth_fixed,cam2,1.031821588530504,1.031,0.8215885305040693,1.0319321604716294,1.031,0.9321604716294729,1.031821588530504,1587.79,1587.79,0.0,1.0319321604716294,0.4983940768033085,43
shared_fixed,True,False,ground_truth_fixed,cam3,1.031821588530504,1.031,0.8215885305040693,1.0318229335258244,1.031,0.8229335258245207,1.031821588530504,1587.79,1587.79,0.0,1.0318229335258244,0.4983940768033085,43
shared_fixed,True,False,ground_truth_fixed,cam4,1.031821588530504,1.031,0.8215885305040693,1.03198670522489,1.031,0.9867052248901942,1.031821588530504,1587.79,1587.79,0.0,1.03198670522489,0.4983940768033085,43
shared_fixed,True,False,ground_truth_fixed,cam5,1.031821588530504,1.031,0.8215885305040693,1.031747835706059,1.031,0.7478357060590746,1.031821588530504,1587.79,1587.79,0.0,1.031747835706059,0.4983940768033085,43
shared_fixed,True,False,ground_truth_fixed,cam6,1.031821588530504,1.031,0.8215885305040693,1.0316921795479952,1.031,0.6921795479952753,1.031821588530504,1587.79,1587.79,0.0,1.0316921795479952,0.4983940768033085,43
shared_fixed,True,False,ground_truth_fixed,cam7,1.031821588530504,1.031,0.8215885305040693,1.0318346204227078,1.031,0.8346204227078768,1.031821588530504,1587.79,1587.79,0.0,1.0318346204227078,0.4983940768033085,43
shared_fixed,True,False,ground_truth_fixed,cam8,1.031821588530504,1.031,0.8215885305040693,1.031778205764681,1.031,0.778205764681017,1.031821588530504,1587.79,1587.79,0.0,1.031778205764681,0.4983940768033085,43
shared_fixed,True,False,ground_truth_fixed,cam9,1.031821588530504,1.031,0.8215885305040693,1.0317448412224208,1.031,0.7448412224209111,1.031821588530504,1587.79,1587.79,0.0,1.0317448412224208,0.4983940768033085,43
shared_refined,True,True,refined_from_ground_truth,cam0,1.0336058785066788,1.031,2.605878506678927,1.0336058785066788,1.031,2.605878506678927,1.0336058785066788,1587.71986946194,1587.79,-0.004416864828463268,1.0336058785066788,0.49807927361184445,43
shared_refined,True,True,refined_from_ground_truth,cam1,1.0336058785066788,1.031,2.605878506678927,1.0343028893567041,1.031,3.3028893567041973,1.0336058785066788,1588.3536393817947,1587.79,0.035498358208245484,1.0343028893567041,0.49807927361184445,43
shared_refined,True,True,refined_from_ground_truth,cam10,1.0336058785066788,1.031,2.605878506678927,1.0342796524892561,1.031,3.279652489256213,1.0336058785066788,1588.356985785403,1587.79,0.03570911678515098,1.0342796524892561,0.49807927361184445,43
shared_refined,True,True,refined_from_ground_truth,cam11,1.0336058785066788,1.031,2.605878506678927,1.03436165254881,1.031,3.3616525488100457,1.0336058785066788,1588.46139937112,1587.79,0.042285149240142594,1.03436165254881,0.49807927361184445,43
shared_refined,True,True,refined_from_ground_truth,cam2,1.0336058785066788,1.031,2.605878506678927,1.0337643860155303,1.031,2.764386015530418,1.0336058785066788,1587.8010631906632,1587.79,0.000696766616694143,1.0337643860155303,0.49807927361184445,43
shared_refined,True,True,refined_from_ground_truth,cam3,1.0336058785066788,1.031,2.605878506678927,1.0349227030828902,1.031,3.922703082890333,1.0336058785066788,1589.1996460063885,1587.79,0.08878038067934577,1.0349227030828902,0.49807927361184445,43
shared_refined,True,True,refined_from_ground_truth,cam4,1.0336058785066788,1.031,2.605878506678927,1.0348307430097585,1.031,3.830743009758608,1.0336058785066788,1588.7315006812219,1587.79,0.059296297446255246,1.0348307430097585,0.49807927361184445,43
shared_refined,True,True,refined_from_ground_truth,cam5,1.0336058785066788,1.031,2.605878506678927,1.0348222320969356,1.031,3.8222320969356627,1.0336058785066788,1588.8072683177488,1587.79,0.06406819023604243,1.0348222320969356,0.49807927361184445,43
shared_refined,True,True,refined_from_ground_truth,cam6,1.0336058785066788,1.031,2.605878506678927,1.0349222418802468,1.031,3.922241880246924,1.0336058785066788,1588.9009466542232,1587.79,0.06996811002860572,1.0349222418802468,0.49807927361184445,43
shared_refined,True,True,refined_from_ground_truth,cam7,1.0336058785066788,1.031,2.605878506678927,1.034267638790591,1.031,3.2676387905909987,1.0336058785066788,1588.059605125583,1587.79,0.01697989819705278,1.034267638790591,0.49807927361184445,43
shared_refined,True,True,refined_from_ground_truth,cam8,1.0336058785066788,1.031,2.605878506678927,1.0348616470320056,1.031,3.861647032005644,1.0336058785066788,1588.8554728872464,1587.79,0.06710414395143029,1.0348616470320056,0.49807927361184445,43
shared_refined,True,True,refined_from_ground_truth,cam9,1.0336058785066788,1.031,2.605878506678927,1.0332244737139686,1.031,2.224473713968722,1.0336058785066788,1586.9383829934102,1587.79,-0.05363536781248004,1.0332244737139686,0.49807927361184445,43
percamera_fixed,False,False,ground_truth_fixed,cam0,1.026306774533067,1.031,-4.69322546693296,1.026306774533067,1.031,-4.69322546693296,1.026306774533067,1587.79,1587.79,0.0,1.026306774533067,0.49995242711277404,44
percamera_fixed,False,False,ground_truth_fixed,cam1,1.03020108593127,1.031,-0.7989140687298946,1.0293114505583696,1.031,-1.688549441630327,1.03020108593127,1587.79,1587.79,0.0,1.0293114505583696,0.49995242711277404,44
percamera_fixed,False,False,ground_truth_fixed,cam10,1.03293016724459,1.031,1.930167244590164,1.0310905120275407,1.031,0.09051202754073451,1.03293016724459,1587.79,1587.79,0.0,1.0310905120275407,0.49995242711277404,44
percamera_fixed,False,False,ground_truth_fixed,cam11,1.0352466080978389,1.031,4.246608097838944,1.0328537856746975,1.031,1.8537856746976278,1.0352466080978389,1587.79,1587.79,0.0,1.0328537856746975,0.49995242711277404,44
percamera_fixed,False,False,ground_truth_fixed,cam2,1.0371734407572653,1.031,6.173440757265336,1.0342118779087006,1.031,3.2118779087007,1.0371734407572653,1587.79,1587.79,0.0,1.0342118779087006,0.49995242711277404,44
percamera_fixed,False,False,ground_truth_fixed,cam3,1.0376610957083225,1.031,6.6610957083226285,1.034630919286758,1.031,3.630919286758072,1.0376610957083225,1587.79,1587.79,0.0,1.034630919286758,0.49995242711277404,44
percamera_fixed,False,False,ground_truth_fixed,cam4,1.032492081117392,1.031,1.4920811173921855,1.030880164108458,1.031,-0.11983589154196395,1.032492081117392,1587.79,1587.79,0.0,1.030880164108458,0.49995242711277404,44
percamera_fixed,False,False,ground_truth_fixed,cam5,1.0323463755150877,1.031,1.346375515087761,1.0308833977570455,1.031,-0.11660224295440003,1.0323463755150877,1587.79,1587.79,0.0,1.0308833977570455,0.49995242711277404,44
percamera_fixed,False,False,ground_truth_fixed,cam6,1.033476207676411,1.031,2.476207676411102,1.0315655288538386,1.031,0.5655288538386483,1.033476207676411,1587.79,1587.79,0.0,1.0315655288538386,0.49995242711277404,44
percamera_fixed,False,False,ground_truth_fixed,cam7,1.0338988827655635,1.031,2.898882765563604,1.0318298964223396,1.031,0.8298964223396599,1.0338988827655635,1587.79,1587.79,0.0,1.0318298964223396,0.49995242711277404,44
percamera_fixed,False,False,ground_truth_fixed,cam8,1.0324546735311653,1.031,1.4546735311653514,1.0308366461683907,1.031,-0.16335383160925865,1.0324546735311653,1587.79,1587.79,0.0,1.0308366461683907,0.49995242711277404,44
percamera_fixed,False,False,ground_truth_fixed,cam9,1.0336781197007876,1.031,2.6781197007876845,1.0318397446808782,1.031,0.8397446808783293,1.0336781197007876,1587.79,1587.79,0.0,1.0318397446808782,0.49995242711277404,44
percamera_refined,False,True,refined_from_ground_truth,cam0,1.0299470555246468,1.031,-1.0529444753530903,1.0299470555246468,1.031,-1.0529444753530903,1.0299470555246468,1588.6767875951261,1587.79,0.0558504333146184,1.0299470555246468,0.4994584182232543,44
percamera_refined,False,True,refined_from_ground_truth,cam1,1.0298893958258846,1.031,-1.1106041741153483,1.0287617115878451,1.031,-2.2382884121547875,1.0298893958258846,1587.3055975640966,1587.79,-0.03050796616072329,1.0287617115878451,0.4994584182232543,44
percamera_refined,False,True,refined_from_ground_truth,cam10,1.025414859506504,1.031,-5.585140493495899,1.023846271062999,1.031,-7.153728937000947,1.025414859506504,1586.11582358184,1587.79,-0.10544067024984155,1.023846271062999,0.4994584182232543,44
percamera_refined,False,True,refined_from_ground_truth,cam11,1.0336740514007159,1.031,2.674051400715971,1.0311018696193126,1.031,0.1018696193126889,1.0336740514007159,1587.2146349231782,1587.79,-0.03623684976109901,1.0311018696193126,0.4994584182232543,44
percamera_refined,False,True,refined_from_ground_truth,cam2,1.036604779943586,1.031,5.604779943586102,1.0336729784182523,1.031,2.672978418252425,1.036604779943586,1587.5955152497527,1587.79,-0.012248770318951748,1.0336729784182523,0.4994584182232543,44
percamera_refined,False,True,refined_from_ground_truth,cam3,1.034575405114993,1.031,3.575405114992991,1.032410507089561,1.031,1.4105070895611416,1.034575405114993,1587.703403165557,1587.79,-0.005453922397991624,1.032410507089561,0.4994584182232543,44
percamera_refined,False,True,refined_from_ground_truth,cam4,1.035190420671775,1.031,4.190420671775108,1.033069824926129,1.031,2.06982492612906,1.035190420671775,1587.854990388136,1587.79,0.0040931349949325,1.033069824926129,0.4994584182232543,44
percamera_refined,False,True,refined_from_ground_truth,cam5,1.029779777888667,1.031,-1.2202221113328804,1.0285306888376384,1.031,-2.469311162361487,1.029779777888667,1587.1729537462809,1587.79,-0.03886195616039158,1.0285306888376384,0.4994584182232543,44
percamera_refined,False,True,refined_from_ground_truth,cam6,1.0329139758334973,1.031,1.9139758334973944,1.0324101906408052,1.031,1.4101906408052756,1.0329139758334973,1588.976429598208,1587.79,0.07472207270532949,1.0324101906408052,0.4994584182232543,44
percamera_refined,False,True,refined_from_ground_truth,cam7,1.0334783635425973,1.031,2.4783635425973394,1.031368428024883,1.031,0.3684280248830163,1.0334783635425973,1587.8756038191868,1587.79,0.005391381680629806,1.031368428024883,0.4994584182232543,44
percamera_refined,False,True,refined_from_ground_truth,cam8,1.0310921197257956,1.031,0.09211972579570293,1.028270176070032,1.031,-2.7298239299680116,1.0310921197257956,1586.0330706995578,1587.79,-0.11065249815417356,1.028270176070032,0.4994584182232543,44
percamera_refined,False,True,refined_from_ground_truth,cam9,1.0309872724289066,1.031,-0.012727571093273937,1.0299732168630815,1.031,-1.0267831369183966,1.0309872724289066,1588.2471331487955,1587.79,0.028790529528180186,1.0299732168630815,0.4994584182232543,44
shared_fixed,True,False,ground_truth_fixed,cam0,1.0313713531837816,1.031,0.37135318378167526,1.0313713531837816,1.031,0.37135318378167526,1.0313713531837816,1587.79,1587.79,0.0,1.0313713531837816,0.5000231584633048,44
shared_fixed,True,False,ground_truth_fixed,cam1,1.0313713531837816,1.031,0.37135318378167526,1.031553665071303,1.031,0.5536650713031666,1.0313713531837816,1587.79,1587.79,0.0,1.031553665071303,0.5000231584633048,44
shared_fixed,True,False,ground_truth_fixed,cam10,1.0313713531837816,1.031,0.37135318378167526,1.0314212165925172,1.031,0.4212165925172595,1.0313713531837816,1587.79,1587.79,0.0,1.0314212165925172,0.5000231584633048,44
shared_fixed,True,False,ground_truth_fixed,cam11,1.0313713531837816,1.031,0.37135318378167526,1.031492929764189,1.031,0.4929297641891317,1.0313713531837816,1587.79,1587.79,0.0,1.031492929764189,0.5000231584633048,44
shared_fixed,True,False,ground_truth_fixed,cam2,1.0313713531837816,1.031,0.37135318378167526,1.0314495753978008,1.031,0.4495753978008832,1.0313713531837816,1587.79,1587.79,0.0,1.0314495753978008,0.5000231584633048,44
shared_fixed,True,False,ground_truth_fixed,cam3,1.0313713531837816,1.031,0.37135318378167526,1.0315017148572705,1.031,0.5017148572705743,1.0313713531837816,1587.79,1587.79,0.0,1.0315017148572705,0.5000231584633048,44
shared_fixed,True,False,ground_truth_fixed,cam4,1.0313713531837816,1.031,0.37135318378167526,1.031508986890935,1.031,0.508986890935148,1.0313713531837816,1587.79,1587.79,0.0,1.031508986890935,0.5000231584633048,44
shared_fixed,True,False,ground_truth_fixed,cam5,1.0313713531837816,1.031,0.37135318378167526,1.0316357044197177,1.031,0.6357044197178308,1.0313713531837816,1587.79,1587.79,0.0,1.0316357044197177,0.5000231584633048,44
shared_fixed,True,False,ground_truth_fixed,cam6,1.0313713531837816,1.031,0.37135318378167526,1.03151728638076,1.031,0.5172863807600958,1.0313713531837816,1587.79,1587.79,0.0,1.03151728638076,0.5000231584633048,44
shared_fixed,True,False,ground_truth_fixed,cam7,1.0313713531837816,1.031,0.37135318378167526,1.0314807846124494,1.031,0.4807846124494919,1.0313713531837816,1587.79,1587.79,0.0,1.0314807846124494,0.5000231584633048,44
shared_fixed,True,False,ground_truth_fixed,cam8,1.0313713531837816,1.031,0.37135318378167526,1.031522480718452,1.031,0.5224807184520674,1.0313713531837816,1587.79,1587.79,0.0,1.031522480718452,0.5000231584633048,44
shared_fixed,True,False,ground_truth_fixed,cam9,1.0313713531837816,1.031,0.37135318378167526,1.0316443575682281,1.031,0.6443575682282265,1.0313713531837816,1587.79,1587.79,0.0,1.0316443575682281,0.5000231584633048,44
shared_refined,True,True,refined_from_ground_truth,cam0,1.0316266334704538,1.031,0.6266334704538856,1.0316266334704538,1.031,0.6266334704538856,1.0316266334704538,1588.7959123218563,1587.79,0.06335298256421727,1.0316266334704538,0.4995063575075525,44
shared_refined,True,True,refined_from_ground_truth,cam1,1.0316266334704538,1.031,0.6266334704538856,1.0304286981158217,1.031,-0.5713018841781992,1.0316266334704538,1587.3503382487506,1587.79,-0.027690170063379423,1.0304286981158217,0.4995063575075525,44
shared_refined,True,True,refined_from_ground_truth,cam10,1.0316266334704538,1.031,0.6266334704538856,1.029106538079408,1.031,-1.8934619205919212,1.0316266334704538,1586.4985403385003,1587.79,-0.08133693130071545,1.029106538079408,0.4995063575075525,44
shared_refined,True,True,refined_from_ground_truth,cam11,1.0316266334704538,1.031,0.6266334704538856,1.029933767949107,1.031,-1.0662320508929568,1.0316266334704538,1587.159206988495,1587.79,-0.03972773550059644,1.029933767949107,0.4995063575075525,44
shared_refined,True,True,refined_from_ground_truth,cam2,1.0316266334704538,1.031,0.6266334704538856,1.030258424866804,1.031,-0.7415751331958376,1.0316266334704538,1587.5023096917646,1587.79,-0.01811891422892002,1.030258424866804,0.4995063575075525,44
shared_refined,True,True,refined_from_ground_truth,cam3,1.0316266334704538,1.031,0.6266334704538856,1.0304337789829168,1.031,-0.5662210170831461,1.0316266334704538,1587.574646855522,1587.79,-0.013563074744018938,1.0304337789829168,0.4995063575075525,44
shared_refined,True,True,refined_from_ground_truth,cam4,1.0316266334704538,1.031,0.6266334704538856,1.0305388113121214,1.031,-0.46118868787847767,1.0316266334704538,1587.6135053079763,1587.79,-0.011115745282666633,1.0305388113121214,0.4995063575075525,44
shared_refined,True,True,refined_from_ground_truth,cam5,1.0316266334704538,1.031,0.6266334704538856,1.0302044745694925,1.031,-0.7955254305074266,1.0316266334704538,1587.2056048542995,1587.79,-0.036805569105514906,1.0302044745694925,0.4995063575075525,44
shared_refined,True,True,refined_from_ground_truth,cam6,1.0316266334704538,1.031,0.6266334704538856,1.0316307596243544,1.031,0.6307596243544378,1.0316266334704538,1588.8063764170133,1587.79,0.06401201777397274,1.0316307596243544,0.4995063575075525,44
shared_refined,True,True,refined_from_ground_truth,cam7,1.0316266334704538,1.031,0.6266334704538856,1.0301869923771645,1.031,-0.8130076228354266,1.0316266334704538,1587.7087367295064,1587.79,-0.005118011229037642,1.0301869923771645,0.4995063575075525,44
shared_refined,True,True,refined_from_ground_truth,cam8,1.0316266334704538,1.031,0.6266334704538856,1.0290287895352894,1.031,-1.9712104647104933,1.0316266334704538,1586.0575542797149,1587.79,-0.10911050707493519,1.0290287895352894,0.4995063575075525,44
shared_refined,True,True,refined_from_ground_truth,cam9,1.0316266334704538,1.031,0.6266334704538856,1.030819945587818,1.031,-0.1800544121819403,1.0316266334704538,1588.2705355659778,1587.79,0.030264428292015238,1.030819945587818,0.4995063575075525,44
percamera_fixed,False,False,ground_truth_fixed,cam0,1.032025540025143,1.031,1.0255400251431013,1.032025540025143,1.031,1.0255400251431013,1.032025540025143,1587.79,1587.79,0.0,1.032025540025143,0.49738224967174294,45
percamera_fixed,False,False,ground_truth_fixed,cam1,1.0292361831749985,1.031,-1.7638168250013742,1.0299848187138416,1.031,-1.0151812861582954,1.0292361831749985,1587.79,1587.79,0.0,1.0299848187138416,0.49738224967174294,45
percamera_fixed,False,False,ground_truth_fixed,cam10,1.028318279345817,1.031,-2.6817206541829286,1.0295172854376284,1.031,-1.4827145623714788,1.028318279345817,1587.79,1587.79,0.0,1.0295172854376284,0.49738224967174294,45
percamera_fixed,False,False,ground_truth_fixed,cam11,1.0286382411489603,1.031,-2.3617588510396192,1.0297160235119371,1.031,-1.2839764880627769,1.0286382411489603,1587.79,1587.79,0.0,1.0297160235119371,0.49738224967174294,45
percamera_fixed,False,False,ground_truth_fixed,cam2,1.0300486548966494,1.031,-0.9513451033504872,1.0305432742435365,1.031,-0.4567257564633831,1.0300486548966494,1587.79,1587.79,0.0,1.0305432742435365,0.49738224967174294,45
percamera_fixed,False,False,ground_truth_fixed,cam3,1.0347613081412637,1.031,3.7613081412637417,1.0339411838543622,1.031,2.9411838543622615,1.0347613081412637,1587.79,1587.79,0.0,1.0339411838543622,0.49738224967174294,45
percamera_fixed,False,False,ground_truth_fixed,cam4,1.0343688803261357,1.031,3.3688803261358036,1.0338622291424355,1.031,2.8622291424356128,1.0343688803261357,1587.79,1587.79,0.0,1.0338622291424355,0.49738224967174294,45
percamera_fixed,False,False,ground_truth_fixed,cam5,1.0316404609710126,1.031,0.6404609710126685,1.0319752724044784,1.031,0.9752724044784777,1.0316404609710126,1587.79,1587.79,0.0,1.0319752724044784,0.49738224967174294,45
percamera_fixed,False,False,ground_truth_fixed,cam6,1.0286230843719313,1.031,-2.376915628068632,1.0297798447355702,1.031,-1.2201552644297564,1.0286230843719313,1587.79,1587.79,0.0,1.0297798447355702,0.49738224967174294,45
percamera_fixed,False,False,ground_truth_fixed,cam7,1.0412587575110246,1.031,10.258757511024674,1.0387063552756186,1.031,7.706355275618693,1.0412587575110246,1587.79,1587.79,0.0,1.0387063552756186,0.49738224967174294,45
percamera_fixed,False,False,ground_truth_fixed,cam8,1.0309858762319755,1.031,-0.014123768024454364,1.0314670943502608,1.031,0.4670943502609326,1.0309858762319755,1587.79,1587.79,0.0,1.0314670943502608,0.49738224967174294,45
percamera_fixed,False,False,ground_truth_fixed,cam9,1.0329221586134252,1.031,1.9221586134252622,1.033032459300802,1.031,2.032459300802092,1.0329221586134252,1587.79,1587.79,0.0,1.033032459300802,0.49738224967174294,45
percamera_refined,False,True,refined_from_ground_truth,cam0,1.0314969559789173,1.031,0.4969559789174127,1.0314969559789173,1.031,0.4969559789174127,1.0314969559789173,1587.456134609499,1587.79,-0.021027049578403463,1.0314969559789173,0.49700059188221757,45
percamera_refined,False,True,refined_from_ground_truth,cam1,1.0301687790195484,1.031,-0.8312209804515192,1.0301583508916672,1.031,-0.8416491083327315,1.0301687790195484,1586.8480469640544,1587.79,-0.059324787027599156,1.0301583508916672,0.49700059188221757,45
percamera_refined,False,True,refined_from_ground_truth,cam10,1.0283851754150897,1.031,-2.614824584910247,1.0302713168048783,1.031,-0.7286831951216488,1.0283851754150897,1588.4588035450035,1587.79,0.04212166249967465,1.0302713168048783,0.49700059188221757,45
percamera_refined,False,True,refined_from_ground_truth,cam11,1.03274355852051,1.031,1.7435585205101134,1.0325368038685134,1.031,1.5368038685135144,1.03274355852051,1587.6119074200753,1587.79,-0.011216381254739189,1.0325368038685134,0.49700059188221757,45
percamera_refined,False,True,refined_from_ground_truth,cam2,1.0276035453525838,1.031,-3.396454647416114,1.028766526106697,1.031,-2.233473893302973,1.0276035453525838,1587.5285964714308,1587.79,-0.0164633565250562,1.028766526106697,0.49700059188221757,45
percamera_refined,False,True,refined_from_ground_truth,cam3,1.0379329484415558,1.031,6.932948441555897,1.037565761507072,1.031,6.565761507071999,1.0379329484415558,1588.6280472720214,1587.79,0.05278073750441891,1.037565761507072,0.49700059188221757,45
percamera_refined,False,True,refined_from_ground_truth,cam4,1.038040220015015,1.031,7.040220015015031,1.0382959561954304,1.031,7.295956195430442,1.038040220015015,1589.0031560104255,1587.79,0.07640531874023417,1.0382959561954304,0.49700059188221757,45
percamera_refined,False,True,refined_from_ground_truth,cam5,1.0344687552094785,1.031,3.4687552094785357,1.035894231541174,1.031,4.894231541174188,1.0344687552094785,1589.2059450359077,1587.79,0.0891770974692954,1.035894231541174,0.49700059188221757,45
percamera_refined,False,True,refined_from_ground_truth,cam6,1.0281123693082566,1.031,-2.887630691743359,1.0295629401706743,1.031,-1.4370598293256265,1.0281123693082566,1587.6431204364505,1587.79,-0.009250566104423059,1.0295629401706743,0.49700059188221757,45
percamera_refined,False,True,refined_from_ground_truth,cam7,1.0484139285196539,1.031,17.413928519653954,1.0450731460685219,1.031,14.073146068521947,1.0484139285196539,1588.5662263179688,1587.79,0.04888721543584787,1.0450731460685219,0.49700059188221757,45
percamera_refined,False,True,refined_from_ground_truth,cam8,1.032277434219934,1.031,1.2774342199339817,1.0331055997152747,1.031,2.1055997152747974,1.032277434219934,1588.2296983789104,1587.79,0.027692476896214673,1.0331055997152747,0.49700059188221757,45
percamera_refined,False,True,refined_from_ground_truth,cam9,1.0333213606651668,1.031,2.3213606651668606,1.0328022883287389,1.031,1.8022883287389657,1.0333213606651668,1587.0727439598838,1587.79,-0.045173230724222115,1.0328022883287389,0.49700059188221757,45
shared_fixed,True,False,ground_truth_fixed,cam0,1.0319174367012192,1.031,0.917436701219243,1.0319174367012192,1.031,0.917436701219243,1.0319174367012192,1587.79,1587.79,0.0,1.0319174367012192,0.49752319129500466,45
shared_fixed,True,False,ground_truth_fixed,cam1,1.0319174367012192,1.031,0.917436701219243,1.0318909399703877,1.031,0.8909399703878051,1.0319174367012192,1587.79,1587.79,0.0,1.0318909399703877,0.49752319129500466,45
shared_fixed,True,False,ground_truth_fixed,cam10,1.0319174367012192,1.031,0.917436701219243,1.032091816669865,1.031,1.09181666986502,1.0319174367012192,1587.79,1587.79,0.0,1.032091816669865,0.49752319129500466,45
shared_fixed,True,False,ground_truth_fixed,cam11,1.0319174367012192,1.031,0.917436701219243,1.0320539061228857,1.031,1.053906122885806,1.0319174367012192,1587.79,1587.79,0.0,1.0320539061228857,0.49752319129500466,45
shared_fixed,True,False,ground_truth_fixed,cam2,1.0319174367012192,1.031,0.917436701219243,1.0318539069558403,1.031,0.8539069558404222,1.0319174367012192,1587.79,1587.79,0.0,1.0318539069558403,0.49752319129500466,45
shared_fixed,True,False,ground_truth_fixed,cam3,1.0319174367012192,1.031,0.917436701219243,1.0318705999600672,1.031,0.8705999600673309,1.0319174367012192,1587.79,1587.79,0.0,1.0318705999600672,0.49752319129500466,45
shared_fixed,True,False,ground_truth_fixed,cam4,1.0319174367012192,1.031,0.917436701219243,1.0320836589844027,1.031,1.0836589844027689,1.0319174367012192,1587.79,1587.79,0.0,1.0320836589844027,0.49752319129500466,45
shared_fixed,True,False,ground_truth_fixed,cam5,1.0319174367012192,1.031,0.917436701219243,1.0321650276375947,1.031,1.16502763759474,1.0319174367012192,1587.79,1587.79,0.0,1.0321650276375947,0.49752319129500466,45
shared_fixed,True,False,ground_truth_fixed,cam6,1.0319174367012192,1.031,0.917436701219243,1.0321300056580218,1.031,1.1300056580219042,1.0319174367012192,1587.79,1587.79,0.0,1.0321300056580218,0.49752319129500466,45
shared_fixed,True,False,ground_truth_fixed,cam7,1.0319174367012192,1.031,0.917436701219243,1.031974955187056,1.031,0.9749551870561479,1.0319174367012192,1587.79,1587.79,0.0,1.031974955187056,0.49752319129500466,45
shared_fixed,True,False,ground_truth_fixed,cam8,1.0319174367012192,1.031,0.917436701219243,1.0321203649132007,1.031,1.1203649132007776,1.0319174367012192,1587.79,1587.79,0.0,1.0321203649132007,0.49752319129500466,45
shared_fixed,True,False,ground_truth_fixed,cam9,1.0319174367012192,1.031,0.917436701219243,1.032287988935236,1.031,1.287988935236184,1.0319174367012192,1587.79,1587.79,0.0,1.032287988935236,0.49752319129500466,45
shared_refined,True,True,refined_from_ground_truth,cam0,1.0323841763883739,1.031,1.3841763883739588,1.0323841763883739,1.031,1.3841763883739588,1.0323841763883739,1587.483883258928,1587.79,-0.019279422409257292,1.0323841763883739,0.49718531907820396,45
shared_refined,True,True,refined_from_ground_truth,cam1,1.0323841763883739,1.031,1.3841763883739588,1.0320663548453477,1.031,1.0663548453477834,1.0323841763883739,1586.9150518550007,1587.79,-0.05510477739495022,1.0320663548453477,0.49718531907820396,45
shared_refined,True,True,refined_from_ground_truth,cam10,1.0323841763883739,1.031,1.3841763883739588,1.0336700979445363,1.031,2.6700979445364315,1.0323841763883739,1588.731614353806,1587.79,0.05930345661617827,1.0336700979445363,0.49718531907820396,45
shared_refined,True,True,refined_from_ground_truth,cam11,1.0323841763883739,1.031,1.3841763883739588,1.0324143100406467,1.031,1.414310040646738,1.0323841763883739,1587.5409164794623,1587.79,-0.015687434770191543,1.0324143100406467,0.49718531907820396,45
shared_refined,True,True,refined_from_ground_truth,cam2,1.0323841763883739,1.031,1.3841763883739588,1.032671351601557,1.031,1.6713516015571805,1.0323841763883739,1587.705442636069,1587.79,-0.005325475278911316,1.032671351601557,0.49718531907820396,45
shared_refined,True,True,refined_from_ground_truth,cam3,1.0323841763883739,1.031,1.3841763883739588,1.0331305952546366,1.031,2.130595254636658,1.0323841763883739,1588.0801377615976,1587.79,0.018273056361208625,1.0331305952546366,0.49718531907820396,45
shared_refined,True,True,refined_from_ground_truth,cam4,1.0323841763883739,1.031,1.3841763883739588,1.0338386732621059,1.031,2.838673262105962,1.0323841763883739,1588.4662356693138,1587.79,0.04258974230306795,1.0338386732621059,0.49718531907820396,45
shared_refined,True,True,refined_from_ground_truth,cam5,1.0323841763883739,1.031,1.3841763883739588,1.0342211994596497,1.031,3.221199459649826,1.0323841763883739,1588.8711519312058,1587.79,0.06809161987452972,1.0342211994596497,0.49718531907820396,45
shared_refined,True,True,refined_from_ground_truth,cam6,1.0323841763883739,1.031,1.3841763883739588,1.03294460951615,1.031,1.9446095161501642,1.0323841763883739,1587.7579691487258,1587.79,-0.002017322900015595,1.03294460951615,0.49718531907820396,45
shared_refined,True,True,refined_from_ground_truth,cam7,1.0323841763883739,1.031,1.3841763883739588,1.032256723459668,1.031,1.2567234596680965,1.0323841763883739,1587.326490521142,1587.79,-0.02919211475434323,1.032256723459668,0.49718531907820396,45
shared_refined,True,True,refined_from_ground_truth,cam8,1.0323841763883739,1.031,1.3841763883739588,1.0332420762464734,1.031,2.2420762464734345,1.0323841763883739,1588.0938572803852,1587.79,0.019137120172395154,1.0332420762464734,0.49718531907820396,45
shared_refined,True,True,refined_from_ground_truth,cam9,1.0323841763883739,1.031,1.3841763883739588,1.0321594092570818,1.031,1.1594092570819114,1.0323841763883739,1586.9008579214249,1587.79,-0.05599872014404331,1.0321594092570818,0.49718531907820396,45
percamera_fixed,False,False,ground_truth_fixed,cam0,1.032516426825611,1.031,1.5164268256111502,1.032516426825611,1.031,1.5164268256111502,1.032516426825611,1587.79,1587.79,0.0,1.032516426825611,0.49570960408351217,46
percamera_fixed,False,False,ground_truth_fixed,cam1,1.0325510414021,1.031,1.5510414021000507,1.0327183310239594,1.031,1.718331023959463,1.0325510414021,1587.79,1587.79,0.0,1.0327183310239594,0.49570960408351217,46
percamera_fixed,False,False,ground_truth_fixed,cam10,1.0247356669078767,1.031,-6.264333092123264,1.0268448555852154,1.031,-4.155144414784484,1.0247356669078767,1587.79,1587.79,0.0,1.0268448555852154,0.49570960408351217,46
percamera_fixed,False,False,ground_truth_fixed,cam11,1.0276219965817177,1.031,-3.378003418282205,1.0290397292383833,1.031,-1.9602707616166448,1.0276219965817177,1587.79,1587.79,0.0,1.0290397292383833,0.49570960408351217,46
percamera_fixed,False,False,ground_truth_fixed,cam2,1.0335739792007073,1.031,2.5739792007073437,1.0333582081885688,1.031,2.358208188568911,1.0335739792007073,1587.79,1587.79,0.0,1.0333582081885688,0.49570960408351217,46
percamera_fixed,False,False,ground_truth_fixed,cam3,1.027343668410517,1.031,-3.656331589482864,1.0288956593954985,1.031,-2.1043406045013757,1.027343668410517,1587.79,1587.79,0.0,1.0288956593954985,0.49570960408351217,46
percamera_fixed,False,False,ground_truth_fixed,cam4,1.0313592771355378,1.031,0.3592771355378499,1.031790997957107,1.031,0.7909979571070203,1.0313592771355378,1587.79,1587.79,0.0,1.031790997957107,0.49570960408351217,46
percamera_fixed,False,False,ground_truth_fixed,cam5,1.02499248677814,1.031,-6.007513221859995,1.027223455606532,1.031,-3.776544393467862,1.02499248677814,1587.79,1587.79,0.0,1.027223455606532,0.49570960408351217,46
percamera_fixed,False,False,ground_truth_fixed,cam6,1.0299764261404096,1.031,-1.0235738595902877,1.030815087794981,1.031,-0.18491220501881678,1.0299764261404096,1587.79,1587.79,0.0,1.030815087794981,0.49570960408351217,46
percamera_fixed,False,False,ground_truth_fixed,cam7,1.031911353457394,1.031,0.9113534573941262,1.0320769652369477,1.031,1.07696523694778,1.031911353457394,1587.79,1587.79,0.0,1.0320769652369477,0.49570960408351217,46
percamera_fixed,False,False,ground_truth_fixed,cam8,1.0307641793984725,1.031,-0.23582060152738116,1.0313753196651778,1.031,0.37531966517789783,1.0307641793984725,1587.79,1587.79,0.0,1.0313753196651778,0.49570960408351217,46
percamera_fixed,False,False,ground_truth_fixed,cam9,1.0298163435168028,1.031,-1.1836564831970708,1.0306067583946805,1.031,-0.39324160531939434,1.0298163435168028,1587.79,1587.79,0.0,1.0306067583946805,0.49570960408351217,46
percamera_refined,False,True,refined_from_ground_truth,cam0,1.0352625555851804,1.031,4.262555585180516,1.0352625555851804,1.031,4.262555585180516,1.0352625555851804,1587.9171061945024,1587.79,0.008005227045289555,1.0352625555851804,0.49535857613397655,46
percamera_refined,False,True,refined_from_ground_truth,cam1,1.0335540545121291,1.031,2.5540545121292,1.0336055355241989,1.031,2.605535524198954,1.0335540545121291,1587.3565099233233,1587.79,-0.027301474167028526,1.0336055355241989,0.49535857613397655,46
percamera_refined,False,True,refined_from_ground_truth,cam10,1.0202067955901086,1.031,-10.793204409891288,1.0239764161124163,1.031,-7.023583887583618,1.0202067955901086,1587.54970008012,1587.79,-0.015134238147364854,1.0239764161124163,0.49535857613397655,46
percamera_refined,False,True,refined_from_ground_truth,cam11,1.0304636843066828,1.031,-0.5363156933171354,1.0325036728337948,1.031,1.5036728337949334,1.0304636843066828,1588.5528412855128,1587.79,0.0480442177814999,1.0325036728337948,0.49535857613397655,46
percamera_refined,False,True,refined_from_ground_truth,cam2,1.034415312474408,1.031,3.415312474408072,1.0336908200990211,1.031,2.6908200990212183,1.034415312474408,1586.881330305028,1587.79,-0.05722858154868572,1.0336908200990211,0.49535857613397655,46
percamera_refined,False,True,refined_from_ground_truth,cam3,1.023979373716248,1.031,-7.020626283751996,1.0257034906024567,1.031,-5.296509397543225,1.023979373716248,1586.6915074238605,1587.79,-0.06918374445861897,1.0257034906024567,0.49535857613397655,46
percamera_refined,False,True,refined_from_ground_truth,cam4,1.0302892752893296,1.031,-0.7107247106703518,1.030159018842176,1.031,-0.840981157823828,1.0302892752893296,1586.6547188885966,1587.79,-0.071500709250178,1.030159018842176,0.49535857613397655,46
percamera_refined,False,True,refined_from_ground_truth,cam5,1.0230969589590428,1.031,-7.903041040957071,1.025809018450081,1.031,-5.190981549918927,1.0230969589590428,1587.4597489340717,1587.79,-0.020799417172814,1.025809018450081,0.49535857613397655,46
percamera_refined,False,True,refined_from_ground_truth,cam6,1.0318731746178962,1.031,0.8731746178962663,1.0323659161073448,1.031,1.3659161073449333,1.0318731746178962,1587.5945694873706,1587.79,-0.012308335020966267,1.0323659161073448,0.49535857613397655,46
percamera_refined,False,True,refined_from_ground_truth,cam7,1.0301275266141299,1.031,-0.8724733858700429,1.031250030504922,1.031,0.2500305049220053,1.0301275266141299,1587.775971307163,1587.79,-0.0008835357847683433,1.031250030504922,0.49535857613397655,46
percamera_refined,False,True,refined_from_ground_truth,cam8,1.0319966627370374,1.031,0.9966627370374681,1.0331193991817111,1.031,2.1193991817112234,1.0319966627370374,1588.2917234350414,1587.79,0.031598853440405396,1.0331193991817111,0.49535857613397655,46
percamera_refined,False,True,refined_from_ground_truth,cam9,1.0329930230435043,1.031,1.9930230435043494,1.0340379689148935,1.031,3.0379689148936073,1.0329930230435043,1588.3352084105068,1587.79,0.03433756419342624,1.0340379689148935,0.49535857613397655,46
shared_fixed,True,False,ground_truth_fixed,cam0,1.0306330095052618,1.031,-0.3669904947380953,1.0306330095052618,1.031,-0.3669904947380953,1.0306330095052618,1587.79,1587.79,0.0,1.0306330095052618,0.4957819608811698,46
shared_fixed,True,False,ground_truth_fixed,cam1,1.0306330095052618,1.031,-0.3669904947380953,1.0308170210984204,1.031,-0.18297890157947805,1.0306330095052618,1587.79,1587.79,0.0,1.0308170210984204,0.4957819608811698,46
shared_fixed,True,False,ground_truth_fixed,cam10,1.0306330095052618,1.031,-0.3669904947380953,1.0305757145482892,1.031,-0.4242854517106931,1.0306330095052618,1587.79,1587.79,0.0,1.0305757145482892,0.4957819608811698,46
shared_fixed,True,False,ground_truth_fixed,cam11,1.0306330095052618,1.031,-0.3669904947380953,1.0306899062192918,1.031,-0.31009378070812055,1.0306330095052618,1587.79,1587.79,0.0,1.0306899062192918,0.4957819608811698,46
shared_fixed,True,False,ground_truth_fixed,cam2,1.0306330095052618,1.031,-0.3669904947380953,1.030725813351915,1.031,-0.27418664808487314,1.0306330095052618,1587.79,1587.79,0.0,1.030725813351915,0.4957819608811698,46
shared_fixed,True,False,ground_truth_fixed,cam3,1.0306330095052618,1.031,-0.3669904947380953,1.0307294072101256,1.031,-0.27059278987429103,1.0306330095052618,1587.79,1587.79,0.0,1.0307294072101256,0.4957819608811698,46
shared_fixed,True,False,ground_truth_fixed,cam4,1.0306330095052618,1.031,-0.3669904947380953,1.0307338510413862,1.031,-0.26614895861376553,1.0306330095052618,1587.79,1587.79,0.0,1.0307338510413862,0.4957819608811698,46
shared_fixed,True,False,ground_truth_fixed,cam5,1.0306330095052618,1.031,-0.3669904947380953,1.0307055462413728,1.031,-0.2944537586271334,1.0306330095052618,1587.79,1587.79,0.0,1.0307055462413728,0.4957819608811698,46
shared_fixed,True,False,ground_truth_fixed,cam6,1.0306330095052618,1.031,-0.3669904947380953,1.0307332682342785,1.031,-0.26673176572145074,1.0306330095052618,1587.79,1587.79,0.0,1.0307332682342785,0.4957819608811698,46
shared_fixed,True,False,ground_truth_fixed,cam7,1.0306330095052618,1.031,-0.3669904947380953,1.0306107194846432,1.031,-0.3892805153566936,1.0306330095052618,1587.79,1587.79,0.0,1.0306107194846432,0.4957819608811698,46
shared_fixed,True,False,ground_truth_fixed,cam8,1.0306330095052618,1.031,-0.3669904947380953,1.0307286148143158,1.031,-0.2713851856841476,1.0306330095052618,1587.79,1587.79,0.0,1.0307286148143158,0.4957819608811698,46
shared_fixed,True,False,ground_truth_fixed,cam9,1.0306330095052618,1.031,-0.3669904947380953,1.030642261001255,1.031,-0.35773899874502746,1.0306330095052618,1587.79,1587.79,0.0,1.030642261001255,0.4957819608811698,46
shared_refined,True,True,refined_from_ground_truth,cam0,1.0310104320998348,1.031,0.010432099834867259,1.0310104320998348,1.031,0.010432099834867259,1.0310104320998348,1587.6077014081757,1587.79,-0.011481278495537326,1.0310104320998348,0.4954782974405605,46
shared_refined,True,True,refined_from_ground_truth,cam1,1.0310104320998348,1.031,0.010432099834867259,1.030727906105161,1.031,-0.27209389483884294,1.0310104320998348,1587.17373891789,1587.79,-0.038812505564966786,1.030727906105161,0.4954782974405605,46
shared_refined,True,True,refined_from_ground_truth,cam10,1.0310104320998348,1.031,0.010432099834867259,1.0313896579076562,1.031,0.3896579076563267,1.0310104320998348,1587.8758593251998,1587.79,0.005407473607962182,1.0313896579076562,0.4954782974405605,46
shared_refined,True,True,refined_from_ground_truth,cam11,1.0310104320998348,1.031,0.010432099834867259,1.0319911613702204,1.031,0.9911613702204836,1.0310104320998348,1588.4427537495362,1587.79,0.04111083641641901,1.0319911613702204,0.4954782974405605,46
shared_refined,True,True,refined_from_ground_truth,cam2,1.0310104320998348,1.031,0.010432099834867259,1.030151784603308,1.031,-0.8482153966919981,1.0310104320998348,1586.6725885950498,1587.79,-0.07037526404311586,1.030151784603308,0.4954782974405605,46
shared_refined,True,True,refined_from_ground_truth,cam3,1.0310104320998348,1.031,0.010432099834867259,1.0302074997626023,1.031,-0.7925002373976309,1.0310104320998348,1586.7530181561112,1587.79,-0.06530976035172946,1.0302074997626023,0.4954782974405605,46
shared_refined,True,True,refined_from_ground_truth,cam4,1.0310104320998348,1.031,0.010432099834867259,1.029924077916343,1.031,-1.0759220836569217,1.0310104320998348,1586.5813306109271,1587.79,-0.07612274854186249,1.029924077916343,0.4954782974405605,46
shared_refined,True,True,refined_from_ground_truth,cam5,1.0310104320998348,1.031,0.010432099834867259,1.0309602350639024,1.031,-0.039764936097475,1.0310104320998348,1587.5920526437658,1587.79,-0.012466847393810323,1.0309602350639024,0.4954782974405605,46
shared_refined,True,True,refined_from_ground_truth,cam6,1.0310104320998348,1.031,0.010432099834867259,1.0310303733361295,1.031,0.030373336129541073,1.0310104320998348,1587.494952446239,1587.79,-0.018582278119960677,1.0310303733361295,0.4954782974405605,46
shared_refined,True,True,refined_from_ground_truth,cam7,1.0310104320998348,1.031,0.010432099834867259,1.031231168378819,1.031,0.23116837881898,1.0310104320998348,1587.7297253972997,1587.79,-0.0037961319003298145,1.031231168378819,0.4954782974405605,46
shared_refined,True,True,refined_from_ground_truth,cam8,1.0310104320998348,1.031,0.010432099834867259,1.0315699644555243,1.031,0.5699644555243744,1.0310104320998348,1588.0812300931618,1587.79,0.0183418520813116,1.0315699644555243,0.4954782974405605,46
shared_refined,True,True,refined_from_ground_truth,cam9,1.0310104320998348,1.031,0.010432099834867259,1.0316454612171693,1.031,0.6454612171693519,1.0310104320998348,1588.0676727557343,1587.79,0.017488002552877226,1.0316454612171693,0.4954782974405605,46
percamera_fixed,False,False,ground_truth_fixed,cam0,1.0300704825438098,1.031,-0.9295174561900765,1.0300704825438098,1.031,-0.9295174561900765,1.0300704825438098,1587.79,1587.79,0.0,1.0300704825438098,0.49742683270496235,47
percamera_fixed,False,False,ground_truth_fixed,cam1,1.0302955490424053,1.031,-0.7044509575946378,1.0301603159091137,1.031,-0.8396840908861947,1.0302955490424053,1587.79,1587.79,0.0,1.0301603159091137,0.49742683270496235,47
percamera_fixed,False,False,ground_truth_fixed,cam10,1.0391855110316834,1.031,8.185511031683523,1.0365578739113404,1.031,5.5578739113404385,1.0391855110316834,1587.79,1587.79,0.0,1.0365578739113404,0.49742683270496235,47
percamera_fixed,False,False,ground_truth_fixed,cam11,1.0291552463303582,1.031,-1.8447536696417632,1.029429377246243,1.031,-1.5706227537568562,1.0291552463303582,1587.79,1587.79,0.0,1.029429377246243,0.49742683270496235,47
percamera_fixed,False,False,ground_truth_fixed,cam2,1.0313827254882062,1.031,0.3827254882062814,1.030938006369505,1.031,-0.06199363049486095,1.0313827254882062,1587.79,1587.79,0.0,1.030938006369505,0.49742683270496235,47
percamera_fixed,False,False,ground_truth_fixed,cam3,1.0280410538789246,1.031,-2.9589461210752788,1.0284610696858965,1.031,-2.5389303141034603,1.0280410538789246,1587.79,1587.79,0.0,1.0284610696858965,0.49742683270496235,47
percamera_fixed,False,False,ground_truth_fixed,cam4,1.0304659941690055,1.031,-0.5340058309943885,1.0302420685098421,1.031,-0.7579314901577927,1.0304659941690055,1587.79,1587.79,0.0,1.0302420685098421,0.49742683270496235,47
percamera_fixed,False,False,ground_truth_fixed,cam5,1.0271636710756964,1.031,-3.8363289243035226,1.0277001432872153,1.031,-3.2998567127846545,1.0271636710756964,1587.79,1587.79,0.0,1.0277001432872153,0.49742683270496235,47
percamera_fixed,False,False,ground_truth_fixed,cam6,1.0266758793784003,1.031,-4.324120621599592,1.0274008286343794,1.031,-3.5991713656204904,1.0266758793784003,1587.79,1587.79,0.0,1.0274008286343794,0.49742683270496235,47
percamera_fixed,False,False,ground_truth_fixed,cam7,1.0264924063556145,1.031,-4.507593644385466,1.0272960496769834,1.031,-3.703950323016514,1.0264924063556145,1587.79,1587.79,0.0,1.0272960496769834,0.49742683270496235,47
percamera_fixed,False,False,ground_truth_fixed,cam8,1.0337082517413758,1.031,2.7082517413759,1.0324635978173677,1.031,1.4635978173678232,1.0337082517413758,1587.79,1587.79,0.0,1.0324635978173677,0.49742683270496235,47
percamera_fixed,False,False,ground_truth_fixed,cam9,1.0312452581241653,1.031,0.24525812416542614,1.0307197645838426,1.031,-0.28023541615729286,1.0312452581241653,1587.79,1587.79,0.0,1.0307197645838426,0.49742683270496235,47
percamera_refined,False,True,refined_from_ground_truth,cam0,1.0306494779473627,1.031,-0.35052205263719216,1.0306494779473627,1.031,-0.35052205263719216,1.0306494779473627,1587.60661196187,1587.79,-0.011549892500269762,1.0306494779473627,0.4970808031814874,47
percamera_refined,False,True,refined_from_ground_truth,cam1,1.0306829592481046,1.031,-0.31704075189531444,1.0307322998981234,1.031,-0.26770010187648907,1.0306829592481046,1587.8568649015367,1587.79,0.004211193012725008,1.0307322998981234,0.4970808031814874,47
percamera_refined,False,True,refined_from_ground_truth,cam10,1.0350879238400414,1.031,4.08792384004153,1.0338030562003302,1.031,2.8030562003302784,1.0350879238400414,1587.6018294737025,1587.79,-0.01185109657432195,1.0338030562003302,0.4970808031814874,47
percamera_refined,False,True,refined_from_ground_truth,cam11,1.028659490557479,1.031,-2.340509442520844,1.0291666539035766,1.031,-1.8333460964232717,1.028659490557479,1587.535003144496,1587.79,-0.01605986027774657,1.0291666539035766,0.4970808031814874,47
percamera_refined,False,True,refined_from_ground_truth,cam2,1.0219843789397685,1.031,-9.01562106023146,1.0248040592850451,1.031,-6.195940714954773,1.0219843789397685,1588.4758435400493,1587.79,0.04319485196715503,1.0248040592850451,0.4970808031814874,47
percamera_refined,False,True,refined_from_ground_truth,cam3,1.0270226950986774,1.031,-3.9773049013225314,1.0283848287235238,1.031,-2.615171276476147,1.0270226950986774,1588.1691353627946,1587.79,0.023878180539908533,1.0283848287235238,0.4970808031814874,47
percamera_refined,False,True,refined_from_ground_truth,cam4,1.0320941672091863,1.031,1.0941672091864252,1.0318227884998536,1.031,0.8227884998537327,1.0320941672091863,1587.877109675342,1587.79,0.0054862214362059935,1.0318227884998536,0.4970808031814874,47
percamera_refined,False,True,refined_from_ground_truth,cam5,1.0273538091461785,1.031,-3.6461908538214516,1.0287735775399034,1.031,-2.226422460096522,1.0273538091461785,1588.455570043404,1587.79,0.04191801456136717,1.0287735775399034,0.4970808031814874,47
percamera_refined,False,True,refined_from_ground_truth,cam6,1.026439798452293,1.031,-4.560201547706866,1.0284296712149321,1.031,-2.570328785067799,1.026439798452293,1588.7498804218526,1587.79,0.06045386492247912,1.0284296712149321,0.4970808031814874,47
percamera_refined,False,True,refined_from_ground_truth,cam7,1.0244471833600013,1.031,-6.5528166399986265,1.0260642782783964,1.031,-4.935721721603503,1.0244471833600013,1587.8845760799832,1587.79,0.005956460236126863,1.0260642782783964,0.4970808031814874,47
percamera_refined,False,True,refined_from_ground_truth,cam8,1.0294185116722465,1.031,-1.5814883277533998,1.028714804045811,1.031,-2.2851959541889677,1.0294185116722465,1586.8933983990996,1587.79,-0.05646852549142768,1.028714804045811,0.4970808031814874,47
percamera_refined,False,True,refined_from_ground_truth,cam9,1.030492238035267,1.031,-0.5077619647329001,1.0300873975644913,1.031,-0.9126024355086138,1.030492238035267,1587.1192846472654,1587.79,-0.0422420693375404,1.0300873975644913,0.4970808031814874,47
shared_fixed,True,False,ground_truth_fixed,cam0,1.0300468529827824,1.031,-0.9531470172174927,1.0300468529827824,1.031,-0.9531470172174927,1.0300468529827824,1587.79,1587.79,0.0,1.0300468529827824,0.49752432107640365,47
shared_fixed,True,False,ground_truth_fixed,cam1,1.0300468529827824,1.031,-0.9531470172174927,1.029971398480562,1.031,-1.028601519437844,1.0300468529827824,1587.79,1587.79,0.0,1.029971398480562,0.49752432107640365,47
shared_fixed,True,False,ground_truth_fixed,cam10,1.0300468529827824,1.031,-0.9531470172174927,1.0299387808096785,1.031,-1.0612191903214274,1.0300468529827824,1587.79,1587.79,0.0,1.0299387808096785,0.49752432107640365,47
shared_fixed,True,False,ground_truth_fixed,cam11,1.0300468529827824,1.031,-0.9531470172174927,1.0300699059646783,1.031,-0.9300940353216269,1.0300468529827824,1587.79,1587.79,0.0,1.0300699059646783,0.49752432107640365,47
shared_fixed,True,False,ground_truth_fixed,cam2,1.0300468529827824,1.031,-0.9531470172174927,1.0299666687122457,1.031,-1.03333128775418,1.0300468529827824,1587.79,1587.79,0.0,1.0299666687122457,0.49752432107640365,47
shared_fixed,True,False,ground_truth_fixed,cam3,1.0300468529827824,1.031,-0.9531470172174927,1.0298910948829458,1.031,-1.108905117054082,1.0300468529827824,1587.79,1587.79,0.0,1.0298910948829458,0.49752432107640365,47
shared_fixed,True,False,ground_truth_fixed,cam4,1.0300468529827824,1.031,-0.9531470172174927,1.0299201845731536,1.031,-1.07981542684632,1.0300468529827824,1587.79,1587.79,0.0,1.0299201845731536,0.49752432107640365,47
shared_fixed,True,False,ground_truth_fixed,cam5,1.0300468529827824,1.031,-0.9531470172174927,1.0297650458872087,1.031,-1.2349541127911756,1.0300468529827824,1587.79,1587.79,0.0,1.0297650458872087,0.49752432107640365,47
shared_fixed,True,False,ground_truth_fixed,cam6,1.0300468529827824,1.031,-0.9531470172174927,1.029823492084969,1.031,-1.1765079150309887,1.0300468529827824,1587.79,1587.79,0.0,1.029823492084969,0.49752432107640365,47
shared_fixed,True,False,ground_truth_fixed,cam7,1.0300468529827824,1.031,-0.9531470172174927,1.0298518978209292,1.031,-1.148102179070687,1.0300468529827824,1587.79,1587.79,0.0,1.0298518978209292,0.49752432107640365,47
shared_fixed,True,False,ground_truth_fixed,cam8,1.0300468529827824,1.031,-0.9531470172174927,1.0298057841316213,1.031,-1.1942158683786452,1.0300468529827824,1587.79,1587.79,0.0,1.0298057841316213,0.49752432107640365,47
shared_fixed,True,False,ground_truth_fixed,cam9,1.0300468529827824,1.031,-0.9531470172174927,1.0298398822223565,1.031,-1.1601177776434657,1.0300468529827824,1587.79,1587.79,0.0,1.0298398822223565,0.49752432107640365,47
shared_refined,True,True,refined_from_ground_truth,cam0,1.0284662729173644,1.031,-2.5337270826355507,1.0284662729173644,1.031,-2.5337270826355507,1.0284662729173644,1587.4135112684683,1587.79,-0.023711494059775427,1.0284662729173644,0.4971347539025142,47
shared_refined,True,True,refined_from_ground_truth,cam1,1.0284662729173644,1.031,-2.5337270826355507,1.0285523817108817,1.031,-2.447618289118214,1.0284662729173644,1587.7044589430493,1587.79,-0.005387428876026445,1.0285523817108817,0.4971347539025142,47
shared_refined,True,True,refined_from_ground_truth,cam10,1.0284662729173644,1.031,-2.5337270826355507,1.02813461000945,1.031,-2.8653899905499713,1.0284662729173644,1587.1434799667463,1587.79,-0.0407182330946559,1.02813461000945,0.4971347539025142,47
shared_refined,True,True,refined_from_ground_truth,cam11,1.0284662729173644,1.031,-2.5337270826355507,1.028517801216603,1.031,-2.4821987833969494,1.0284662729173644,1587.424285445158,1587.79,-0.02303292972257308,1.028517801216603,0.4971347539025142,47
shared_refined,True,True,refined_from_ground_truth,cam2,1.0284662729173644,1.031,-2.5337270826355507,1.029241971087616,1.031,-1.7580289123839687,1.0284662729173644,1588.4946831585353,1587.79,0.044381382836226294,1.029241971087616,0.4971347539025142,47
shared_refined,True,True,refined_from_ground_truth,cam3,1.0284662729173644,1.031,-2.5337270826355507,1.029134839173517,1.031,-1.8651608264830255,1.0284662729173644,1588.190234802883,1587.79,0.025207036376536297,1.029134839173517,0.4971347539025142,47
shared_refined,True,True,refined_from_ground_truth,cam4,1.0284662729173644,1.031,-2.5337270826355507,1.0285973472689232,1.031,-2.40265273107676,1.0284662729173644,1587.6143741334079,1587.79,-0.011061026117565896,1.0285973472689232,0.4971347539025142,47
shared_refined,True,True,refined_from_ground_truth,cam5,1.0284662729173644,1.031,-2.5337270826355507,1.0293962196286217,1.031,-1.603780371378205,1.0284662729173644,1588.5688200797729,1587.79,0.04905057216463847,1.0293962196286217,0.4971347539025142,47
shared_refined,True,True,refined_from_ground_truth,cam6,1.0284662729173644,1.031,-2.5337270826355507,1.0297522490528646,1.031,-1.247750947135362,1.0284662729173644,1588.9021675015758,1587.79,0.07004499975285575,1.0297522490528646,0.4971347539025142,47
shared_refined,True,True,refined_from_ground_truth,cam7,1.0284662729173644,1.031,-2.5337270826355507,1.0289098131434018,1.031,-2.0901868565981196,1.0284662729173644,1588.1155627881499,1587.79,0.020504146527557766,1.0289098131434018,0.4971347539025142,47
shared_refined,True,True,refined_from_ground_truth,cam8,1.0284662729173644,1.031,-2.5337270826355507,1.0275779878571907,1.031,-3.4220121428092387,1.0284662729173644,1586.8077928843406,1587.79,-0.06186001396024166,1.0275779878571907,0.4971347539025142,47
shared_refined,True,True,refined_from_ground_truth,cam9,1.0284662729173644,1.031,-2.5337270826355507,1.0280654931906281,1.031,-2.934506809371795,1.0284662729173644,1586.9443453620129,1587.79,-0.05325985413606847,1.0280654931906281,0.4971347539025142,47
percamera_fixed,False,False,ground_truth_fixed,cam0,1.0328478380965023,1.031,1.8478380965023522,1.0328478380965023,1.031,1.8478380965023522,1.0328478380965023,1587.79,1587.79,0.0,1.0328478380965023,0.5024280209919373,48
percamera_fixed,False,False,ground_truth_fixed,cam1,1.029523698906341,1.031,-1.4763010936589271,1.0305325110462251,1.031,-0.46748895377479727,1.029523698906341,1587.79,1587.79,0.0,1.0305325110462251,0.5024280209919373,48
percamera_fixed,False,False,ground_truth_fixed,cam10,1.0330120826687486,1.031,2.012082668748638,1.032908983700322,1.031,1.9089837003221088,1.0330120826687486,1587.79,1587.79,0.0,1.032908983700322,0.5024280209919373,48
percamera_fixed,False,False,ground_truth_fixed,cam11,1.0359801586010897,1.031,4.980158601089801,1.0350646317069574,1.031,4.064631706957478,1.0359801586010897,1587.79,1587.79,0.0,1.0350646317069574,0.5024280209919373,48
percamera_fixed,False,False,ground_truth_fixed,cam2,1.0315521015557185,1.031,0.5521015557186093,1.0318008308227122,1.031,0.8008308227123173,1.0315521015557185,1587.79,1587.79,0.0,1.0318008308227122,0.5024280209919373,48
percamera_fixed,False,False,ground_truth_fixed,cam3,1.030749593781549,1.031,-0.25040621845096034,1.031227450673963,1.031,0.22745067396301444,1.030749593781549,1587.79,1587.79,0.0,1.031227450673963,0.5024280209919373,48
percamera_fixed,False,False,ground_truth_fixed,cam4,1.0308553679445895,1.031,-0.14463205541037638,1.031368734983134,1.031,0.36873498313405584,1.0308553679445895,1587.79,1587.79,0.0,1.031368734983134,0.5024280209919373,48
percamera_fixed,False,False,ground_truth_fixed,cam5,1.0305806765903918,1.031,-0.4193234096081522,1.0311181859456526,1.031,0.11818594565271567,1.0305806765903918,1587.79,1587.79,0.0,1.0311181859456526,0.5024280209919373,48
percamera_fixed,False,False,ground_truth_fixed,cam6,1.0285731397449291,1.031,-2.426860255070773,1.0297186394945272,1.031,-1.2813605054726729,1.0285731397449291,1587.79,1587.79,0.0,1.0297186394945272,0.5024280209919373,48
percamera_fixed,False,False,ground_truth_fixed,cam7,1.0250917634482233,1.031,-5.9082365517766355,1.0272953258886364,1.031,-3.7046741113635484,1.0250917634482233,1587.79,1587.79,0.0,1.0272953258886364,0.5024280209919373,48
percamera_fixed,False,False,ground_truth_fixed,cam8,1.0297973903658815,1.031,-1.2026096341184456,1.030656148549179,1.031,-0.34385145082094226,1.0297973903658815,1587.79,1587.79,0.0,1.030656148549179,0.5024280209919373,48
percamera_fixed,False,False,ground_truth_fixed,cam9,1.0273017071215158,1.031,-3.6982928784841107,1.0288170756682518,1.031,-2.1829243317481595,1.0273017071215158,1587.79,1587.79,0.0,1.0288170756682518,0.5024280209919373,48
percamera_refined,False,True,refined_from_ground_truth,cam0,1.0287360274893778,1.031,-2.2639725106221587,1.0287360274893778,1.031,-2.2639725106221587,1.0287360274893778,1586.9388899136786,1587.79,-0.053603441659245965,1.0287360274893778,0.5020198997045953,48
percamera_refined,False,True,refined_from_ground_truth,cam1,1.032682128461898,1.031,1.6821284618981913,1.0331149479235864,1.031,2.114947923586463,1.032682128461898,1588.0562890811775,1587.79,0.016771051661589185,1.0331149479235864,0.5020198997045953,48
percamera_refined,False,True,refined_from_ground_truth,cam10,1.0315397519104397,1.031,0.5397519104397563,1.0305779639215733,1.031,-0.42203607842661306,1.0315397519104397,1587.111307104499,1587.79,-0.04274449993392982,1.0305779639215733,0.5020198997045953,48
percamera_refined,False,True,refined_from_ground_truth,cam11,1.0333531566633525,1.031,2.3531566633525625,1.0322182465479737,1.031,1.2182465479737559,1.0333531566633525,1587.2884595706294,1587.79,-0.0315873276296366,1.0322182465479737,0.5020198997045953,48
percamera_refined,False,True,refined_from_ground_truth,cam2,1.0338261127849577,1.031,2.8261127849578127,1.033208335052331,1.031,2.2083350523309786,1.0338261127849577,1587.444368543149,1587.79,-0.021768083742240738,1.033208335052331,0.5020198997045953,48
percamera_refined,False,True,refined_from_ground_truth,cam3,1.0278808357534313,1.031,-3.119164246568662,1.0284284371612062,1.031,-2.571562838793673,1.0278808357534313,1587.2068908337978,1587.79,-0.036724577318292775,1.0284284371612062,0.5020198997045953,48
percamera_refined,False,True,refined_from_ground_truth,cam4,1.0311229393583354,1.031,0.1229393583355165,1.0312195897150072,1.031,0.21958971500724012,1.0311229393583354,1587.4768865102901,1587.79,-0.01972008198249448,1.0312195897150072,0.5020198997045953,48
percamera_refined,False,True,refined_from_ground_truth,cam5,1.0306790115370434,1.031,-0.320988462956473,1.0310774029157628,1.031,0.07740291576285863,1.0306790115370434,1587.750756187794,1587.79,-0.002471599657763036,1.0310774029157628,0.5020198997045953,48
percamera_refined,False,True,refined_from_ground_truth,cam6,1.0304057331243333,1.031,-0.5942668756666603,1.0303984403210982,1.031,-0.6015596789017419,1.0304057331243333,1587.3023961077056,1587.79,-0.03070959587189575,1.0303984403210982,0.5020198997045953,48
percamera_refined,False,True,refined_from_ground_truth,cam7,1.0204096810926924,1.031,-10.59031890730755,1.0224473351359276,1.031,-8.552664864072357,1.0204096810926924,1586.8422788249004,1587.79,-0.05968806801274471,1.0224473351359276,0.5020198997045953,48
percamera_refined,False,True,refined_from_ground_truth,cam8,1.0284412395785616,1.031,-2.558760421438322,1.0281896526907497,1.031,-2.8103473092502274,1.0284412395785616,1586.810533023107,1587.79,-0.061687438319490376,1.0281896526907497,0.5020198997045953,48
percamera_refined,False,True,refined_from_ground_truth,cam9,1.0241614080819603,1.031,-6.838591918039594,1.025251879589801,1.031,-5.748120410199009,1.0241614080819603,1587.0617808048255,1587.79,-0.04586369703641292,1.025251879589801,0.5020198997045953,48
shared_fixed,True,False,ground_truth_fixed,cam0,1.031032370078422,1.031,0.03237007842216144,1.031032370078422,1.031,0.03237007842216144,1.031032370078422,1587.79,1587.79,0.0,1.031032370078422,0.5025122496723174,48
shared_fixed,True,False,ground_truth_fixed,cam1,1.031032370078422,1.031,0.03237007842216144,1.0311355205921318,1.031,0.13552059213184364,1.031032370078422,1587.79,1587.79,0.0,1.0311355205921318,0.5025122496723174,48
shared_fixed,True,False,ground_truth_fixed,cam10,1.031032370078422,1.031,0.03237007842216144,1.0309856094943892,1.031,-0.014390505610695215,1.031032370078422,1587.79,1587.79,0.0,1.0309856094943892,0.5025122496723174,48
shared_fixed,True,False,ground_truth_fixed,cam11,1.031032370078422,1.031,0.03237007842216144,1.0310033091831166,1.031,0.0033091831166398578,1.031032370078422,1587.79,1587.79,0.0,1.0310033091831166,0.5025122496723174,48
shared_fixed,True,False,ground_truth_fixed,cam2,1.031032370078422,1.031,0.03237007842216144,1.0309460433826503,1.031,-0.053956617349637526,1.031032370078422,1587.79,1587.79,0.0,1.0309460433826503,0.5025122496723174,48
shared_fixed,True,False,ground_truth_fixed,cam3,1.031032370078422,1.031,0.03237007842216144,1.030937271202327,1.031,-0.06272879767288408,1.031032370078422,1587.79,1587.79,0.0,1.030937271202327,0.5025122496723174,48
shared_fixed,True,False,ground_truth_fixed,cam4,1.031032370078422,1.031,0.03237007842216144,1.0309885569720771,1.031,-0.011443027922775073,1.031032370078422,1587.79,1587.79,0.0,1.0309885569720771,0.5025122496723174,48
shared_fixed,True,False,ground_truth_fixed,cam5,1.031032370078422,1.031,0.03237007842216144,1.0309310234590963,1.031,-0.06897654090365357,1.031032370078422,1587.79,1587.79,0.0,1.0309310234590963,0.5025122496723174,48
shared_fixed,True,False,ground_truth_fixed,cam6,1.031032370078422,1.031,0.03237007842216144,1.0309748754609684,1.031,-0.025124539031473603,1.031032370078422,1587.79,1587.79,0.0,1.0309748754609684,0.5025122496723174,48
shared_fixed,True,False,ground_truth_fixed,cam7,1.031032370078422,1.031,0.03237007842216144,1.0310243355132973,1.031,0.02433551329739103,1.031032370078422,1587.79,1587.79,0.0,1.0310243355132973,0.5025122496723174,48
shared_fixed,True,False,ground_truth_fixed,cam8,1.031032370078422,1.031,0.03237007842216144,1.0310271391888515,1.031,0.027139188851554863,1.031032370078422,1587.79,1587.79,0.0,1.0310271391888515,0.5025122496723174,48
shared_fixed,True,False,ground_truth_fixed,cam9,1.031032370078422,1.031,0.03237007842216144,1.0309900334700546,1.031,-0.009966529945337754,1.031032370078422,1587.79,1587.79,0.0,1.0309900334700546,0.5025122496723174,48
shared_refined,True,True,refined_from_ground_truth,cam0,1.0278575157922656,1.031,-3.1424842077343307,1.0278575157922656,1.031,-3.1424842077343307,1.0278575157922656,1586.7256358485154,1587.79,-0.06703431508477802,1.0278575157922656,0.502127127221592,48
shared_refined,True,True,refined_from_ground_truth,cam1,1.0278575157922656,1.031,-3.1424842077343307,1.0290787506755714,1.031,-1.9212493244284978,1.0278575157922656,1587.5821532250995,1587.79,-0.013090318927592288,1.0290787506755714,0.502127127221592,48
shared_refined,True,True,refined_from_ground_truth,cam10,1.0278575157922656,1.031,-3.1424842077343307,1.0275503375983284,1.031,-3.4496624016715494,1.0278575157922656,1586.6808845704531,1587.79,-0.06985277836154773,1.0275503375983284,0.502127127221592,48
shared_refined,True,True,refined_from_ground_truth,cam11,1.0278575157922656,1.031,-3.1424842077343307,1.027746257610952,1.031,-3.2537423890479644,1.0278575157922656,1586.7488176534391,1587.79,-0.06557431061795609,1.027746257610952,0.502127127221592,48
shared_refined,True,True,refined_from_ground_truth,cam2,1.0278575157922656,1.031,-3.1424842077343307,1.028297151929063,1.031,-2.702848070937014,1.0278575157922656,1586.9400963080693,1587.79,-0.053527462191514566,1.028297151929063,0.502127127221592,48
shared_refined,True,True,refined_from_ground_truth,cam3,1.0278575157922656,1.031,-3.1424842077343307,1.0281052386828662,1.031,-2.8947613171337316,1.0278575157922656,1586.8978414904561,1587.79,-0.05618869683924405,1.0281052386828662,0.502127127221592,48
shared_refined,True,True,refined_from_ground_truth,cam4,1.0278575157922656,1.031,-3.1424842077343307,1.0284841476746636,1.031,-2.515852325336354,1.0278575157922656,1587.084660579698,1587.79,-0.04442271460973587,1.0284841476746636,0.502127127221592,48
shared_refined,True,True,refined_from_ground_truth,cam5,1.0278575157922656,1.031,-3.1424842077343307,1.0287468756333065,1.031,-2.2531243666934486,1.0278575157922656,1587.3940992538407,1587.79,-0.024934074793216587,1.0287468756333065,0.502127127221592,48
shared_refined,True,True,refined_from_ground_truth,cam6,1.0278575157922656,1.031,-3.1424842077343307,1.028358448074958,1.031,-2.641551925042007,1.0278575157922656,1587.0085236821913,1587.79,-0.049217863685292795,1.028358448074958,0.502127127221592,48
shared_refined,True,True,refined_from_ground_truth,cam7,1.0278575157922656,1.031,-3.1424842077343307,1.0278158665521813,1.031,-3.184133447818649,1.0278575157922656,1586.6775030012163,1587.79,-0.07006575169157298,1.0278158665521813,0.502127127221592,48
shared_refined,True,True,refined_from_ground_truth,cam8,1.0278575157922656,1.031,-3.1424842077343307,1.0276313813093083,1.031,-3.368618690691605,1.0278575157922656,1586.54811147149,1587.79,-0.07821491056814123,1.0276313813093083,0.502127127221592,48
shared_refined,True,True,refined_from_ground_truth,cam9,1.0278575157922656,1.031,-3.1424842077343307,1.0279560427292815,1.031,-3.043957270718378,1.0278575157922656,1586.9527735080646,1587.79,-0.05272904426500517,1.0279560427292815,0.502127127221592,48
percamera_fixed,False,False,ground_truth_fixed,cam0,1.0345162568094304,1.031,3.5162568094304625,1.0345162568094304,1.031,3.5162568094304625,1.0345162568094304,1587.79,1587.79,0.0,1.0345162568094304,0.49692349128582747,49
percamera_fixed,False,False,ground_truth_fixed,cam1,1.0247020456953924,1.031,-6.297954304607556,1.0274925256401475,1.031,-3.507474359852436,1.0247020456953924,1587.79,1587.79,0.0,1.0274925256401475,0.49692349128582747,49
percamera_fixed,False,False,ground_truth_fixed,cam10,1.0230454597053387,1.031,-7.95454029466125,1.026451964868084,1.031,-4.548035131915817,1.0230454597053387,1587.79,1587.79,0.0,1.026451964868084,0.49692349128582747,49
percamera_fixed,False,False,ground_truth_fixed,cam11,1.0280489638198433,1.031,-2.9510361801565743,1.0299061411812391,1.031,-1.0938588187607845,1.0280489638198433,1587.79,1587.79,0.0,1.0299061411812391,0.49692349128582747,49
percamera_fixed,False,False,ground_truth_fixed,cam2,1.0279599569755387,1.031,-3.0400430244612586,1.0298382937876933,1.031,-1.1617062123066013,1.0279599569755387,1587.79,1587.79,0.0,1.0298382937876933,0.49692349128582747,49
percamera_fixed,False,False,ground_truth_fixed,cam3,1.025851970354657,1.031,-5.148029645343,1.0281640458478098,1.031,-2.8359541521900677,1.025851970354657,1587.79,1587.79,0.0,1.0281640458478098,0.49692349128582747,49
percamera_fixed,False,False,ground_truth_fixed,cam4,1.031542270176942,1.031,0.5422701769421945,1.032259560176252,1.031,1.2595601762521724,1.031542270176942,1587.79,1587.79,0.0,1.032259560176252,0.49692349128582747,49
percamera_fixed,False,False,ground_truth_fixed,cam5,1.0348699350742283,1.031,3.8699350742283922,1.0348465714745707,1.031,3.8465714745707924,1.0348699350742283,1587.79,1587.79,0.0,1.0348465714745707,0.49692349128582747,49
percamera_fixed,False,False,ground_truth_fixed,cam6,1.0293251470316218,1.031,-1.6748529683781044,1.0309155351278556,1.031,-0.08446487214430753,1.0293251470316218,1587.79,1587.79,0.0,1.0309155351278556,0.49692349128582747,49
percamera_fixed,False,False,ground_truth_fixed,cam7,1.0342293435620553,1.031,3.229343562055398,1.0345460537718578,1.031,3.5460537718579044,1.0342293435620553,1587.79,1587.79,0.0,1.0345460537718578,0.49692349128582747,49
percamera_fixed,False,False,ground_truth_fixed,cam8,1.029233497868031,1.031,-1.7665021319688279,1.0308492450103597,1.031,-0.15075498964023382,1.029233497868031,1587.79,1587.79,0.0,1.0308492450103597,0.49692349128582747,49
percamera_fixed,False,False,ground_truth_fixed,cam9,1.0313061898445688,1.031,0.30618984456887155,1.0324960137495192,1.031,1.4960137495192427,1.0313061898445688,1587.79,1587.79,0.0,1.0324960137495192,0.49692349128582747,49
percamera_refined,False,True,refined_from_ground_truth,cam0,1.0373321306061394,1.031,6.332130606139463,1.0373321306061394,1.031,6.332130606139463,1.0373321306061394,1588.5921548930173,1587.79,0.05052021319049493,1.0373321306061394,0.49656049722179446,49
percamera_refined,False,True,refined_from_ground_truth,cam1,1.0331436892706984,1.031,2.1436892706985233,1.0345451465257582,1.031,3.545146525758325,1.0331436892706984,1588.623336647023,1587.79,0.05248405941737185,1.0345451465257582,0.49656049722179446,49
percamera_refined,False,True,refined_from_ground_truth,cam10,1.0289836757510276,1.031,-2.0163242489723565,1.0312729828811589,1.031,0.2729828811589563,1.0289836757510276,1588.2073183547225,1587.79,0.0262829690779329,1.0312729828811589,0.49656049722179446,49
percamera_refined,False,True,refined_from_ground_truth,cam11,1.0325861063026593,1.031,1.586106302659429,1.0336469656955714,1.031,2.646965695571435,1.0325861063026593,1588.219277366908,1587.79,0.02703615509028786,1.0336469656955714,0.49656049722179446,49
percamera_refined,False,True,refined_from_ground_truth,cam2,1.0325411049649096,1.031,1.5411049649096675,1.0329603322031156,1.031,1.9603322031156445,1.0325411049649096,1587.4447369468178,1587.79,-0.02174488145045501,1.0329603322031156,0.49656049722179446,49
percamera_refined,False,True,refined_from_ground_truth,cam3,1.0232979978654333,1.031,-7.702002134566621,1.026993419694415,1.031,-4.0065803055848725,1.0232979978654333,1588.7826899682857,1587.79,0.06252023052706789,1.026993419694415,0.49656049722179446,49
percamera_refined,False,True,refined_from_ground_truth,cam4,1.0359541902771572,1.031,4.954190277157267,1.036111970304138,1.031,5.111970304138014,1.0359541902771572,1588.479838697173,1587.79,0.04344646944324786,1.036111970304138,0.49656049722179446,49
percamera_refined,False,True,refined_from_ground_truth,cam5,1.0412709665848212,1.031,10.270966584821295,1.0408433298830326,1.031,9.843329883032714,1.0412709665848212,1589.2005206321387,1587.79,0.0888354651521134,1.0408433298830326,0.49656049722179446,49
percamera_refined,False,True,refined_from_ground_truth,cam6,1.0397118056382155,1.031,8.711805638215608,1.0407073008734762,1.031,9.707300873476266,1.0397118056382155,1590.1486259377252,1587.79,0.1485477259414195,1.0407073008734762,0.49656049722179446,49
percamera_refined,False,True,refined_from_ground_truth,cam7,1.0375512767775468,1.031,6.551276777546855,1.038049663576204,1.031,7.049663576204068,1.0375512767775468,1588.7375712636647,1587.79,0.05967862649750365,1.038049663576204,0.49656049722179446,49
percamera_refined,False,True,refined_from_ground_truth,cam8,1.0291097102448374,1.031,-1.8902897551624775,1.0311597981004423,1.031,0.15979810044242093,1.0291097102448374,1588.1713252172976,1587.79,0.024016098936110678,1.0311597981004423,0.49656049722179446,49
percamera_refined,False,True,refined_from_ground_truth,cam9,1.0375994097256875,1.031,6.599409725687622,1.0384361966763207,1.031,7.436196676320783,1.0375994097256875,1589.0070702082821,1587.79,0.07665183735142345,1.0384361966763207,0.49656049722179446,49
shared_fixed,True,False,ground_truth_fixed,cam0,1.0312934133388754,1.031,0.29341333887544785,1.0312934133388754,1.031,0.29341333887544785,1.0312934133388754,1587.79,1587.79,0.0,1.0312934133388754,0.497082072430328,49
shared_fixed,True,False,ground_truth_fixed,cam1,1.0312934133388754,1.031,0.29341333887544785,1.0313558753212002,1.031,0.3558753212002941,1.0312934133388754,1587.79,1587.79,0.0,1.0313558753212002,0.497082072430328,49
shared_fixed,True,False,ground_truth_fixed,cam10,1.0312934133388754,1.031,0.29341333887544785,1.0314522891016122,1.031,0.4522891016123243,1.0312934133388754,1587.79,1587.79,0.0,1.0314522891016122,0.497082072430328,49
shared_fixed,True,False,ground_truth_fixed,cam11,1.0312934133388754,1.031,0.29341333887544785,1.0313296723091392,1.031,0.3296723091392728,1.0312934133388754,1587.79,1587.79,0.0,1.0313296723091392,0.497082072430328,49
shared_fixed,True,False,ground_truth_fixed,cam2,1.0312934133388754,1.031,0.29341333887544785,1.0313349430477965,1.031,0.33494304779657647,1.0312934133388754,1587.79,1587.79,0.0,1.0313349430477965,0.497082072430328,49
shared_fixed,True,False,ground_truth_fixed,cam3,1.0312934133388754,1.031,0.29341333887544785,1.031185328728579,1.031,0.18532872857912608,1.0312934133388754,1587.79,1587.79,0.0,1.031185328728579,0.497082072430328,49
shared_fixed,True,False,ground_truth_fixed,cam4,1.0312934133388754,1.031,0.29341333887544785,1.0312088324422195,1.031,0.2088324422195864,1.0312934133388754,1587.79,1587.79,0.0,1.0312088324422195,0.497082072430328,49
shared_fixed,True,False,ground_truth_fixed,cam5,1.0312934133388754,1.031,0.29341333887544785,1.0313836157252494,1.031,0.3836157252494754,1.0312934133388754,1587.79,1587.79,0.0,1.0313836157252494,0.497082072430328,49
shared_fixed,True,False,ground_truth_fixed,cam6,1.0312934133388754,1.031,0.29341333887544785,1.0314356131915332,1.031,0.4356131915332906,1.0312934133388754,1587.79,1587.79,0.0,1.0314356131915332,0.497082072430328,49
shared_fixed,True,False,ground_truth_fixed,cam7,1.0312934133388754,1.031,0.29341333887544785,1.031523813426269,1.031,0.5238134262690597,1.0312934133388754,1587.79,1587.79,0.0,1.031523813426269,0.497082072430328,49
shared_fixed,True,False,ground_truth_fixed,cam8,1.0312934133388754,1.031,0.29341333887544785,1.0314262061505524,1.031,0.42620615055244393,1.0312934133388754,1587.79,1587.79,0.0,1.0314262061505524,0.497082072430328,49
shared_fixed,True,False,ground_truth_fixed,cam9,1.0312934133388754,1.031,0.29341333887544785,1.031566839774186,1.031,0.5668397741860343,1.0312934133388754,1587.79,1587.79,0.0,1.031566839774186,0.497082072430328,49
shared_refined,True,True,refined_from_ground_truth,cam0,1.0354971105175648,1.031,4.497110517564851,1.0354971105175648,1.031,4.497110517564851,1.0354971105175648,1588.7161047748998,1587.79,0.05832665370734422,1.0354971105175648,0.4967187077193876,49
shared_refined,True,True,refined_from_ground_truth,cam1,1.0354971105175648,1.031,4.497110517564851,1.0358689461996982,1.031,4.868946199698243,1.0354971105175648,1588.8459370758337,1587.79,0.06650357262822877,1.0358689461996982,0.4967187077193876,49
shared_refined,True,True,refined_from_ground_truth,cam10,1.0354971105175648,1.031,4.497110517564851,1.035762427451445,1.031,4.7624274514450615,1.0354971105175648,1588.5945459562429,1587.79,0.05067080383696325,1.035762427451445,0.4967187077193876,49
shared_refined,True,True,refined_from_ground_truth,cam11,1.0354971105175648,1.031,4.497110517564851,1.0354178553553801,1.031,4.417855355380196,1.0354971105175648,1588.4963649220567,1587.79,0.044487301346951676,1.0354178553553801,0.4967187077193876,49
shared_refined,True,True,refined_from_ground_truth,cam2,1.0354971105175648,1.031,4.497110517564851,1.0346716014420525,1.031,3.6716014420525855,1.0354971105175648,1587.5886931445245,1587.79,-0.012678430741812376,1.0346716014420525,0.4967187077193876,49
shared_refined,True,True,refined_from_ground_truth,cam3,1.0354971105175648,1.031,4.497110517564851,1.0355288139353567,1.031,4.528813935356757,1.0354971105175648,1588.921849351875,1587.79,0.07128457490442452,1.0355288139353567,0.4967187077193876,49
shared_refined,True,True,refined_from_ground_truth,cam4,1.0354971105175648,1.031,4.497110517564851,1.0352009890180511,1.031,4.2009890180512155,1.0354971105175648,1588.4688273695413,1587.79,0.04275296919248109,1.0352009890180511,0.4967187077193876,49
shared_refined,True,True,refined_from_ground_truth,cam5,1.0354971105175648,1.031,4.497110517564851,1.0357539024794853,1.031,4.753902479485372,1.0354971105175648,1588.8147765138312,1587.79,0.06454106108687448,1.0357539024794853,0.4967187077193876,49
shared_refined,True,True,refined_from_ground_truth,cam6,1.0354971105175648,1.031,4.497110517564851,1.0368062343589386,1.031,5.806234358938678,1.0354971105175648,1589.799646570958,1587.79,0.1265687887540551,1.0368062343589386,0.4967187077193876,49
shared_refined,True,True,refined_from_ground_truth,cam7,1.0354971105175648,1.031,4.497110517564851,1.0359200114312148,1.031,4.920011431214899,1.0354971105175648,1588.6318458729304,1587.79,0.05301997574807971,1.0359200114312148,0.4967187077193876,49
shared_refined,True,True,refined_from_ground_truth,cam8,1.0354971105175648,1.031,4.497110517564851,1.0357268420163146,1.031,4.726842016314681,1.0354971105175648,1588.6439571948056,1587.79,0.053782754319249795,1.0357268420163146,0.4967187077193876,49
shared_refined,True,True,refined_from_ground_truth,cam9,1.0354971105175648,1.031,4.497110517564851,1.0363649073973402,1.031,5.364907397340302,1.0354971105175648,1589.0481114242782,1587.79,0.07923663861582707,1.0363649073973402,0.4967187077193876,49
percamera_fixed,False,False,ground_truth_fixed,cam0,1.0301275391106883,1.031,-0.8724608893115882,1.0301275391106883,1.031,-0.8724608893115882,1.0301275391106883,1587.79,1587.79,0.0,1.0301275391106883,0.49606521135567433,50
percamera_fixed,False,False,ground_truth_fixed,cam1,1.02793618227015,1.031,-3.0638177298498714,1.0286076805162712,1.031,-2.3923194837287554,1.02793618227015,1587.79,1587.79,0.0,1.0286076805162712,0.49606521135567433,50
percamera_fixed,False,False,ground_truth_fixed,cam10,1.0313500882241382,1.031,0.35008822413828966,1.030957012558408,1.031,-0.042987441591924025,1.0313500882241382,1587.79,1587.79,0.0,1.030957012558408,0.49606521135567433,50
percamera_fixed,False,False,ground_truth_fixed,cam11,1.0358788995106218,1.031,4.878899510621926,1.0342961934728427,1.031,3.2961934728428233,1.0358788995106218,1587.79,1587.79,0.0,1.0342961934728427,0.49606521135567433,50
percamera_fixed,False,False,ground_truth_fixed,cam2,1.0306833817126437,1.031,-0.31661828735618514,1.0306301539787524,1.031,-0.36984602124756627,1.0306833817126437,1587.79,1587.79,0.0,1.0306301539787524,0.49606521135567433,50
percamera_fixed,False,False,ground_truth_fixed,cam3,1.0347272025207148,1.031,3.7272025207149007,1.0334263954265328,1.031,2.42639542653289,1.0347272025207148,1587.79,1587.79,0.0,1.0334263954265328,0.49606521135567433,50
percamera_fixed,False,False,ground_truth_fixed,cam4,1.0332027099272223,1.031,2.2027099272223793,1.032389517220381,1.031,1.3895172203810535,1.0332027099272223,1587.79,1587.79,0.0,1.032389517220381,0.49606521135567433,50
percamera_fixed,False,False,ground_truth_fixed,cam5,1.0311521232863528,1.031,0.15212328635283434,1.0307542777335532,1.031,-0.2457222664467018,1.0311521232863528,1587.79,1587.79,0.0,1.0307542777335532,0.49606521135567433,50
percamera_fixed,False,False,ground_truth_fixed,cam6,1.0307422110000737,1.031,-0.25778899992623394,1.030457463548471,1.031,-0.5425364515290187,1.0307422110000737,1587.79,1587.79,0.0,1.030457463548471,0.49606521135567433,50
percamera_fixed,False,False,ground_truth_fixed,cam7,1.0339916707485273,1.031,2.991670748527353,1.032827015164967,1.031,1.827015164967083,1.0339916707485273,1587.79,1587.79,0.0,1.032827015164967,0.49606521135567433,50
percamera_fixed,False,False,ground_truth_fixed,cam8,1.0321266300041312,1.031,1.1266300041312682,1.0314719106996617,1.031,0.4719106996617928,1.0321266300041312,1587.79,1587.79,0.0,1.0314719106996617,0.49606521135567433,50
percamera_fixed,False,False,ground_truth_fixed,cam9,1.027184486494955,1.031,-3.815513505044832,1.0278490886112202,1.031,-3.1509113887797646,1.027184486494955,1587.79,1587.79,0.0,1.0278490886112202,0.49606521135567433,50
percamera_refined,False,True,refined_from_ground_truth,cam0,1.03862916766632,1.031,7.629167666320047,1.03862916766632,1.031,7.629167666320047,1.03862916766632,1589.6562760587542,1587.79,0.1175392248820208,1.03862916766632,0.49565293663255827,50
percamera_refined,False,True,refined_from_ground_truth,cam1,1.0296889644455498,1.031,-1.3110355544501129,1.0315219596224874,1.031,0.5219596224874667,1.0296889644455498,1589.1369118816506,1587.79,0.0848293465540539,1.0315219596224874,0.49565293663255827,50
percamera_refined,False,True,refined_from_ground_truth,cam10,1.0364870209081258,1.031,5.487020908125917,1.036341052675119,1.031,5.3410526751189735,1.0364870209081258,1589.1226622162565,1587.79,0.08393189378044291,1.036341052675119,0.49565293663255827,50
percamera_refined,False,True,refined_from_ground_truth,cam11,1.0360907889647004,1.031,5.090788964700499,1.035228620930083,1.031,4.228620930083027,1.0360907889647004,1588.084108186836,1587.79,0.018523116207808093,1.035228620930083,0.49565293663255827,50
percamera_refined,False,True,refined_from_ground_truth,cam2,1.0356357326178187,1.031,4.6357326178188,1.036128676132426,1.031,5.128676132426069,1.0356357326178187,1589.6324186453185,1587.79,0.11603667017165388,1.036128676132426,0.49565293663255827,50
percamera_refined,False,True,refined_from_ground_truth,cam3,1.037187055966216,1.031,6.1870559662160485,1.0361080151594546,1.031,5.108015159454693,1.037187055966216,1588.4674199526999,1587.79,0.04266432920599656,1.0361080151594546,0.49565293663255827,50
percamera_refined,False,True,refined_from_ground_truth,cam4,1.0381481811097615,1.031,7.148181109761564,1.0371252601236407,1.031,6.1252601236407855,1.0381481811097615,1588.9861419839306,1587.79,0.07533376478820258,1.0371252601236407,0.49565293663255827,50
percamera_refined,False,True,refined_from_ground_truth,cam5,1.037126017201832,1.031,6.126017201832035,1.0361705570535478,1.031,5.170557053547853,1.037126017201832,1588.9167915195403,1587.79,0.07096602948376975,1.0361705570535478,0.49565293663255827,50
percamera_refined,False,True,refined_from_ground_truth,cam6,1.0317991429209172,1.031,0.7991429209173173,1.0318696141675139,1.031,0.8696141675139657,1.0317991429209172,1588.4613604249587,1587.79,0.042282696386721205,1.0318696141675139,0.49565293663255827,50
percamera_refined,False,True,refined_from_ground_truth,cam7,1.0305341137897306,1.031,-0.4658862102693284,1.0302311446804342,1.031,-0.76885531956572,1.0305341137897306,1587.9470983785268,1587.79,0.00989415341618384,1.0302311446804342,0.49565293663255827,50
percamera_refined,False,True,refined_from_ground_truth,cam8,1.039539455161226,1.031,8.539455161226117,1.0388067520239865,1.031,7.806752023986618,1.039539455161226,1589.6505192324184,1587.79,0.1171766563851947,1.0388067520239865,0.49565293663255827,50
percamera_refined,False,True,refined_from_ground_truth,cam9,1.0325682461641368,1.031,1.5682461641368661,1.0331949704533765,1.031,2.194970453376577,1.0325682461641368,1589.0518021370524,1587.79,0.07946908199777222,1.0331949704533765,0.49565293663255827,50
shared_fixed,True,False,ground_truth_fixed,cam0,1.0311568419580257,1.031,0.15684195802578849,1.0311568419580257,1.031,0.15684195802578849,1.0311568419580257,1587.79,1587.79,0.0,1.0311568419580257,0.49613946087048055,50
shared_fixed,True,False,ground_truth_fixed,cam1,1.0311568419580257,1.031,0.15684195802578849,1.031210421705485,1.031,0.21042170548501993,1.0311568419580257,1587.79,1587.79,0.0,1.031210421705485,0.49613946087048055,50
shared_fixed,True,False,ground_truth_fixed,cam10,1.0311568419580257,1.031,0.15684195802578849,1.0311213625957256,1.031,0.12136259572570474,1.0311568419580257,1587.79,1587.79,0.0,1.0311213625957256,0.49613946087048055,50
shared_fixed,True,False,ground_truth_fixed,cam11,1.0311568419580257,1.031,0.15684195802578849,1.0311840820786426,1.031,0.1840820786427333,1.0311568419580257,1587.79,1587.79,0.0,1.0311840820786426,0.49613946087048055,50
shared_fixed,True,False,ground_truth_fixed,cam2,1.0311568419580257,1.031,0.15684195802578849,1.031262129699987,1.031,0.26212969998717917,1.0311568419580257,1587.79,1587.79,0.0,1.031262129699987,0.49613946087048055,50
shared_fixed,True,False,ground_truth_fixed,cam3,1.0311568419580257,1.031,0.15684195802578849,1.0311455646238752,1.031,0.1455646238752717,1.0311568419580257,1587.79,1587.79,0.0,1.0311455646238752,0.49613946087048055,50
shared_fixed,True,False,ground_truth_fixed,cam4,1.0311568419580257,1.031,0.15684195802578849,1.0312276936573541,1.031,0.22769365735419989,1.0311568419580257,1587.79,1587.79,0.0,1.0312276936573541,0.49613946087048055,50
shared_fixed,True,False,ground_truth_fixed,cam5,1.0311568419580257,1.031,0.15684195802578849,1.031073139117211,1.031,0.07313911721107402,1.0311568419580257,1587.79,1587.79,0.0,1.031073139117211,0.49613946087048055,50
shared_fixed,True,False,ground_truth_fixed,cam6,1.0311568419580257,1.031,0.15684195802578849,1.0310777229298054,1.031,0.07772292980545714,1.0311568419580257,1587.79,1587.79,0.0,1.0310777229298054,0.49613946087048055,50
shared_fixed,True,False,ground_truth_fixed,cam7,1.0311568419580257,1.031,0.15684195802578849,1.0311087422995935,1.031,0.10874229959356718,1.0311568419580257,1587.79,1587.79,0.0,1.0311087422995935,0.49613946087048055,50
shared_fixed,True,False,ground_truth_fixed,cam8,1.0311568419580257,1.031,0.15684195802578849,1.0310971849814397,1.031,0.0971849814397352,1.0311568419580257,1587.79,1587.79,0.0,1.0310971849814397,0.49613946087048055,50
shared_fixed,True,False,ground_truth_fixed,cam9,1.0311568419580257,1.031,0.15684195802578849,1.031026536763877,1.031,0.026536763876983116,1.0311568419580257,1587.79,1587.79,0.0,1.031026536763877,0.49613946087048055,50
shared_refined,True,True,refined_from_ground_truth,cam0,1.0366497539138986,1.031,5.6497539138986586,1.0366497539138986,1.031,5.6497539138986586,1.0366497539138986,1589.6632731459226,1587.79,0.1179799057761207,1.0366497539138986,0.49573205132795906,50
shared_refined,True,True,refined_from_ground_truth,cam1,1.0366497539138986,1.031,5.6497539138986586,1.036278996138352,1.031,5.278996138352143,1.0366497539138986,1589.3502952554206,1587.79,0.09826836391592525,1.036278996138352,0.49573205132795906,50
shared_refined,True,True,refined_from_ground_truth,cam10,1.0366497539138986,1.031,5.6497539138986586,1.035994118547192,1.031,4.994118547192006,1.0366497539138986,1589.1578662374181,1587.79,0.08614906489007891,1.035994118547192,0.49573205132795906,50
shared_refined,True,True,refined_from_ground_truth,cam11,1.0366497539138986,1.031,5.6497539138986586,1.0351742165523723,1.031,4.174216552372378,1.0366497539138986,1588.1461025640385,1587.79,0.02242756057404097,1.0351742165523723,0.49573205132795906,50
shared_refined,True,True,refined_from_ground_truth,cam2,1.0366497539138986,1.031,5.6497539138986586,1.036415547184978,1.031,5.4155471849781645,1.0366497539138986,1589.7379509373068,1587.79,0.12268315944216893,1.036415547184978,0.49573205132795906,50
shared_refined,True,True,refined_from_ground_truth,cam3,1.0366497539138986,1.031,5.6497539138986586,1.0352377514308526,1.031,4.237751430852699,1.0366497539138986,1588.5327048327545,1587.79,0.046776011484799505,1.0352377514308526,0.49573205132795906,50
shared_refined,True,True,refined_from_ground_truth,cam4,1.0366497539138986,1.031,5.6497539138986586,1.0354967458339752,1.031,4.496745833975302,1.0366497539138986,1588.9238872066212,1587.79,0.07141292026157357,1.0354967458339752,0.49573205132795906,50
shared_refined,True,True,refined_from_ground_truth,cam5,1.0366497539138986,1.031,5.6497539138986586,1.0353634873650333,1.031,4.363487365033336,1.0366497539138986,1588.9062803756017,1587.79,0.07030403111253493,1.0353634873650333,0.49573205132795906,50
shared_refined,True,True,refined_from_ground_truth,cam6,1.0366497539138986,1.031,5.6497539138986586,1.0352383536027894,1.031,4.2383536027894575,1.0366497539138986,1588.7865728515835,1587.79,0.06276477692790298,1.0352383536027894,0.49573205132795906,50
shared_refined,True,True,refined_from_ground_truth,cam7,1.0366497539138986,1.031,5.6497539138986586,1.0346030360087681,1.031,3.6030360087682123,1.0366497539138986,1588.3002158822496,1587.79,0.0321337130382272,1.0346030360087681,0.49573205132795906,50
shared_refined,True,True,refined_from_ground_truth,cam8,1.0366497539138986,1.031,5.6497539138986586,1.0361477638570844,1.031,5.147763857084486,1.0366497539138986,1589.5830884281797,1587.79,0.11292982246895193,1.0361477638570844,0.49573205132795906,50
shared_refined,True,True,refined_from_ground_truth,cam9,1.0366497539138986,1.031,5.6497539138986586,1.0359425848634156,1.031,4.9425848634157,1.0366497539138986,1589.3123257790335,1587.79,0.09587702271922031,1.0359425848634156,0.49573205132795906,50
percamera_fixed,False,False,ground_truth_fixed,cam0,1.0332366845570087,1.031,2.2366845570087612,1.0332366845570087,1.031,2.2366845570087612,1.0332366845570087,1587.79,1587.79,0.0,1.0332366845570087,0.4958888806526649,51
percamera_fixed,False,False,ground_truth_fixed,cam1,1.0267382052838754,1.031,-4.261794716124534,1.0286368841295475,1.031,-2.363115870452459,1.0267382052838754,1587.79,1587.79,0.0,1.0286368841295475,0.4958888806526649,51
percamera_fixed,False,False,ground_truth_fixed,cam10,1.030212683709367,1.031,-0.787316290632889,1.0310150428600362,1.031,0.015042860036285077,1.030212683709367,1587.79,1587.79,0.0,1.0310150428600362,0.4958888806526649,51
percamera_fixed,False,False,ground_truth_fixed,cam11,1.0344353131903323,1.031,3.435313190332412,1.033949938837907,1.031,2.9499388379070624,1.0344353131903323,1587.79,1587.79,0.0,1.033949938837907,0.4958888806526649,51
percamera_fixed,False,False,ground_truth_fixed,cam2,1.0232243794335236,1.031,-7.775620566476293,1.026135034366154,1.031,-4.864965633845975,1.0232243794335236,1587.79,1587.79,0.0,1.026135034366154,0.4958888806526649,51
percamera_fixed,False,False,ground_truth_fixed,cam3,1.027612819798291,1.031,-3.387180201708917,1.0292458224420074,1.031,-1.7541775579925645,1.027612819798291,1587.79,1587.79,0.0,1.0292458224420074,0.4958888806526649,51
percamera_fixed,False,False,ground_truth_fixed,cam4,1.0344483822715762,1.031,3.448382271576289,1.034284291599425,1.031,3.2842915994251154,1.0344483822715762,1587.79,1587.79,0.0,1.034284291599425,0.4958888806526649,51
percamera_fixed,False,False,ground_truth_fixed,cam5,1.0292999598515506,1.031,-1.7000401484492667,1.0304548124137962,1.031,-0.5451875862036992,1.0292999598515506,1587.79,1587.79,0.0,1.0304548124137962,0.4958888806526649,51
percamera_fixed,False,False,ground_truth_fixed,cam6,1.0307250377283474,1.031,-0.274962271652468,1.0313280166052463,1.031,0.3280166052463951,1.0307250377283474,1587.79,1587.79,0.0,1.0313280166052463,0.4958888806526649,51
percamera_fixed,False,False,ground_truth_fixed,cam7,1.0258596356563097,1.031,-5.140364343690251,1.0277394981674937,1.031,-3.2605018325062574,1.0258596356563097,1587.79,1587.79,0.0,1.0277394981674937,0.4958888806526649,51
percamera_fixed,False,False,ground_truth_fixed,cam8,1.0286718227122764,1.031,-2.3281772877234985,1.0298965299659517,1.031,-1.103470034048204,1.0286718227122764,1587.79,1587.79,0.0,1.0298965299659517,0.4958888806526649,51
percamera_fixed,False,False,ground_truth_fixed,cam9,1.0259578594247887,1.031,-5.04214057521124,1.0278566561750087,1.031,-3.1433438249912626,1.0259578594247887,1587.79,1587.79,0.0,1.0278566561750087,0.4958888806526649,51
percamera_refined,False,True,refined_from_ground_truth,cam0,1.0363478014922567,1.031,5.347801492256776,1.0363478014922567,1.031,5.347801492256776,1.0363478014922567,1587.8568516823652,1587.79,0.0042103604610980085,1.0363478014922567,0.49550022199149285,51
percamera_refined,False,True,refined_from_ground_truth,cam1,1.0242616910986604,1.031,-6.738308901339529,1.0266451122681188,1.031,-4.354887731881085,1.0242616910986604,1586.8739576821076,1587.79,-0.05769291391760458,1.0266451122681188,0.49550022199149285,51
percamera_refined,False,True,refined_from_ground_truth,cam10,1.0330713521062895,1.031,2.0713521062896145,1.0341125806211333,1.031,3.1125806211333984,1.0330713521062895,1588.2764190742446,1587.79,0.030634975295512797,1.0341125806211333,0.49550022199149285,51
percamera_refined,False,True,refined_from_ground_truth,cam11,1.0376204793278585,1.031,6.620479327858586,1.0370957948026394,1.031,6.095794802639443,1.0376204793278585,1588.0438432713497,1587.79,0.01598720683149229,1.0370957948026394,0.49550022199149285,51
percamera_refined,False,True,refined_from_ground_truth,cam2,1.0219789241291228,1.031,-9.021075870877082,1.0254806222291744,1.031,-5.519377770825562,1.0219789241291228,1587.3202804173304,1587.79,-0.029583230948018357,1.0254806222291744,0.49550022199149285,51
percamera_refined,False,True,refined_from_ground_truth,cam3,1.0264069859393248,1.031,-4.593014060675138,1.0290341534613148,1.031,-1.9658465386851454,1.0264069859393248,1587.8857286341831,1587.79,0.006029048815218667,1.0290341534613148,0.49550022199149285,51
percamera_refined,False,True,refined_from_ground_truth,cam4,1.0359734319551077,1.031,4.973431955107799,1.0361216475235064,1.031,5.121647523506523,1.0359734319551077,1588.0036251039762,1587.79,0.01345424168033906,1.0361216475235064,0.49550022199149285,51
percamera_refined,False,True,refined_from_ground_truth,cam5,1.0282530769236686,1.031,-2.746923076331287,1.0297278221384878,1.031,-1.2721778615121249,1.0282530769236686,1587.3542156128528,1587.79,-0.027445971264910548,1.0297278221384878,0.49550022199149285,51
percamera_refined,False,True,refined_from_ground_truth,cam6,1.0339317333773572,1.031,2.931733377357304,1.0349798765593847,1.031,3.9798765593848096,1.0339317333773572,1588.6300258275423,1587.79,0.05290534815954104,1.0349798765593847,0.49550022199149285,51
percamera_refined,False,True,refined_from_ground_truth,cam7,1.024982729305717,1.031,-6.017270694282928,1.0273321752779052,1.031,-3.6678247220947036,1.024982729305717,1587.4714389031678,1587.79,-0.020063175661273035,1.0273321752779052,0.49550022199149285,51
percamera_refined,False,True,refined_from_ground_truth,cam8,1.0313335119844425,1.031,0.33351198444253605,1.0329442911237736,1.031,1.9442911237737004,1.0313335119844425,1588.4586381379183,1587.79,0.04211124505875327,1.0329442911237736,0.49550022199149285,51
percamera_refined,False,True,refined_from_ground_truth,cam9,1.0329206884924635,1.031,1.9206884924636292,1.0336901596911303,1.031,2.6901596911304004,1.0329206884924635,1587.9128809551564,1587.79,0.0077391188479875115,1.0336901596911303,0.49550022199149285,51
shared_fixed,True,False,ground_truth_fixed,cam0,1.0302469340645515,1.031,-0.7530659354484381,1.0302469340645515,1.031,-0.7530659354484381,1.0302469340645515,1587.79,1587.79,0.0,1.0302469340645515,0.49598901060366024,51
shared_fixed,True,False,ground_truth_fixed,cam1,1.0302469340645515,1.031,-0.7530659354484381,1.0303776674813163,1.031,-0.6223325186835993,1.0302469340645515,1587.79,1587.79,0.0,1.0303776674813163,0.49598901060366024,51
shared_fixed,True,False,ground_truth_fixed,cam10,1.0302469340645515,1.031,-0.7530659354484381,1.0302076205706348,1.031,-0.7923794293651643,1.0302469340645515,1587.79,1587.79,0.0,1.0302076205706348,0.49598901060366024,51
shared_fixed,True,False,ground_truth_fixed,cam11,1.0302469340645515,1.031,-0.7530659354484381,1.030120672680123,1.031,-0.8793273198768325,1.0302469340645515,1587.79,1587.79,0.0,1.030120672680123,0.49598901060366024,51
shared_fixed,True,False,ground_truth_fixed,cam2,1.0302469340645515,1.031,-0.7530659354484381,1.0304051913839085,1.031,-0.5948086160914023,1.0302469340645515,1587.79,1587.79,0.0,1.0304051913839085,0.49598901060366024,51
shared_fixed,True,False,ground_truth_fixed,cam3,1.0302469340645515,1.031,-0.7530659354484381,1.030338533929616,1.031,-0.6614660703838648,1.0302469340645515,1587.79,1587.79,0.0,1.030338533929616,0.49598901060366024,51
shared_fixed,True,False,ground_truth_fixed,cam4,1.0302469340645515,1.031,-0.7530659354484381,1.0304279464395387,1.031,-0.5720535604611943,1.0302469340645515,1587.79,1587.79,0.0,1.0304279464395387,0.49598901060366024,51
shared_fixed,True,False,ground_truth_fixed,cam5,1.0302469340645515,1.031,-0.7530659354484381,1.0303039992289125,1.031,-0.6960007710874461,1.0302469340645515,1587.79,1587.79,0.0,1.0303039992289125,0.49598901060366024,51
shared_fixed,True,False,ground_truth_fixed,cam6,1.0302469340645515,1.031,-0.7530659354484381,1.0301507248456827,1.031,-0.8492751543172083,1.0302469340645515,1587.79,1587.79,0.0,1.0301507248456827,0.49598901060366024,51
shared_fixed,True,False,ground_truth_fixed,cam7,1.0302469340645515,1.031,-0.7530659354484381,1.0300436337137302,1.031,-0.9563662862697164,1.0302469340645515,1587.79,1587.79,0.0,1.0300436337137302,0.49598901060366024,51
shared_fixed,True,False,ground_truth_fixed,cam8,1.0302469340645515,1.031,-0.7530659354484381,1.0301878152011146,1.031,-0.8121847988853403,1.0302469340645515,1587.79,1587.79,0.0,1.0301878152011146,0.49598901060366024,51
shared_fixed,True,False,ground_truth_fixed,cam9,1.0302469340645515,1.031,-0.7530659354484381,1.0301235738812533,1.031,-0.8764261187466094,1.0302469340645515,1587.79,1587.79,0.0,1.0301235738812533,0.49598901060366024,51
shared_refined,True,True,refined_from_ground_truth,cam0,1.0319185425678556,1.031,0.9185425678557291,1.0319185425678556,1.031,0.9185425678557291,1.0319185425678556,1587.4513572413612,1587.79,-0.021327931189817177,1.0319185425678556,0.49562272244977723,51
shared_refined,True,True,refined_from_ground_truth,cam1,1.0319185425678556,1.031,0.9185425678557291,1.0319035318388012,1.031,0.9035318388013192,1.0319185425678556,1587.2633539703847,1587.79,-0.03316849392017973,1.0319035318388012,0.49562272244977723,51
shared_refined,True,True,refined_from_ground_truth,cam10,1.0319185425678556,1.031,0.9185425678557291,1.0322656064720452,1.031,1.265606472045322,1.0319185425678556,1588.0389440414037,1587.79,0.015678650287744254,1.0322656064720452,0.49562272244977723,51
shared_refined,True,True,refined_from_ground_truth,cam11,1.0319185425678556,1.031,0.9185425678557291,1.0317579482308696,1.031,0.7579482308697205,1.0319185425678556,1587.5963272371202,1587.79,-0.012197630850409334,1.0317579482308696,0.49562272244977723,51
shared_refined,True,True,refined_from_ground_truth,cam2,1.0319185425678556,1.031,0.9185425678557291,1.0325834710315707,1.031,1.583471031570749,1.0319185425678556,1587.8372569549852,1587.79,0.0029762723650600454,1.0325834710315707,0.49562272244977723,51
shared_refined,True,True,refined_from_ground_truth,cam3,1.0319185425678556,1.031,0.9185425678557291,1.0326348146933173,1.031,1.634814693317388,1.0319185425678556,1588.155814129296,1587.79,0.023039200983507948,1.0326348146933173,0.49562272244977723,51
shared_refined,True,True,refined_from_ground_truth,cam4,1.0319185425678556,1.031,0.9185425678557291,1.03236983355696,1.031,1.3698335569600761,1.0319185425678556,1587.8222925107252,1587.79,0.0020338023747004234,1.03236983355696,0.49562272244977723,51
shared_refined,True,True,refined_from_ground_truth,cam5,1.0319185425678556,1.031,0.9185425678557291,1.0319691503637864,1.031,0.9691503637865306,1.0319185425678556,1587.5764592792052,1587.79,-0.013448927175177683,1.0319691503637864,0.49562272244977723,51
shared_refined,True,True,refined_from_ground_truth,cam6,1.0319185425678556,1.031,0.9185425678557291,1.0329493363400204,1.031,1.94933634002048,1.0319185425678556,1588.680866830146,1587.79,0.05610734606881413,1.0329493363400204,0.49562272244977723,51
shared_refined,True,True,refined_from_ground_truth,cam7,1.0319185425678556,1.031,0.9185425678557291,1.032031374050336,1.031,1.0313740503360425,1.0319185425678556,1587.7941721047735,1587.79,0.00026276174893960616,1.032031374050336,0.49562272244977723,51
shared_refined,True,True,refined_from_ground_truth,cam8,1.0319185425678556,1.031,0.9185425678557291,1.032583347649854,1.031,1.5833476498541277,1.0319185425678556,1588.3708953102657,1587.79,0.0365851472969196,1.032583347649854,0.49562272244977723,51
shared_refined,True,True,refined_from_ground_truth,cam9,1.0319185425678556,1.031,0.9185425678557291,1.0319893423279631,1.031,0.9893423279632163,1.0319185425678556,1587.6847523505571,1587.79,-0.006628562306277575,1.0319893423279631,0.49562272244977723,51
