x_m,y_m,z_m,signed_error_m,frame_idx
-0.5305896184657027,0.8832601884931014,1.4877477461521769,-0.0002043582992982,90
-0.5232851267861869,0.8418277194876849,1.4904240188455715,8.435671574053005e-05,90
-0.496016433060498,0.9320790577797438,1.4880104598567896,-0.0001439051743729,90
-0.4887894995115501,0.8906284818495231,1.489744532155332,-0.0001922616597745,90
-0.4814850078320343,0.8491960128441067,1.4924208048487266,-0.0002631697346166,90
-0.4740754252003096,0.8077474248467323,1.4955531099370498,7.238296264783922e-05,90
-0.4616852813846283,0.9814296334281638,1.4840921693835414,0.0010255919399973,90
-0.4541915257784715,0.9395570227776912,1.490539744218251,-0.000167808570715,90
-0.4469645922295236,0.8981064468474707,1.4922738165167933,5.149411704118145e-06,90
-0.4396629235293537,0.856563658834148,1.4944515445233728,0.0001266865886844,90
-0.4322533408976291,0.8151150708367736,1.497583849611696,-0.000263175138759,90
-0.4275052246151744,1.030838976093933,1.478480110804421,-0.0001793949144924,90
-0.4248225431069453,0.7735498501739421,1.5009244927425551,0.0003299535602884,90
-0.4199656779670185,0.989287935977558,1.4824936525800174,0.0002173401522159,90
-0.4124719223608618,0.9474153253270854,1.4889412274147271,0.0007917578011172,90
-0.4050627324842001,0.90562914564238,1.4940104627384545,-0.0002129633085192,90
-0.3977610637840302,0.8640863576290573,1.4961881907450336,9.424068906443984e-05,90
-0.3932079899941356,1.0798515629323568,1.4765450033595418,-0.0001120765385511,90
-0.3903937180641949,0.8223863505974834,1.4994143332822794,0.0002091181767637,90
-0.3858215673680379,1.038201949083407,1.4802537986020283,0.0002034719948369,90
-0.382962920273511,0.7808211299346519,1.5027549764131385,-0.0001929045915993,90
-0.3782820207198822,0.996650908967032,1.4842673403776248,-0.0004312363389068,90
-0.3756943007388899,0.7394683657503005,1.505806382283371,-0.0003427757401432,90
-0.3708057050968866,0.9550833898694002,1.4879474969593036,5.64076295996932e-05,90
-0.3633965152202248,0.9132972101846948,1.493016732283031,0.0001628899453062,90
-0.3589007041944049,1.1288689652503463,1.473787658370455,-7.052278386909111e-05,90
-0.3558616213619225,0.8714671822154052,1.4985730530101051,0.0004053763182511,90
-0.3514335951692267,1.087278863334551,1.4782633731342938,9.143782723469024e-05,90
-0.3484942756420872,0.8297671751838314,1.5017991955473509,-5.151823567649261e-05,90
-0.344047172543129,1.045629249485601,1.4819721683767806,3.447159101219177e-05,90
-0.3411848671576127,0.7882761906792024,1.5044556169361774,-3.5097148291377e-05,90
-0.3365814573989213,1.0039481067977296,1.486425238180546,0.0003956714478891,90
-0.3339162476229916,0.746923426494851,1.50750702280641,-0.0002227523966102,90
-0.3291051417759257,0.962380587700098,1.490105394762225,-0.0002093727610523,90
-0.3265934671223835,0.7054419396914146,1.5117594579597662,0.0004526689229666,90
-0.3246803291122997,1.1779089749880185,1.4697549988067498,-5.915633835416184e-05,90
-0.3216734518037865,0.9208579581187436,1.493450125412408,0.0002047754586201,90
-0.3171809496211668,1.1363516200255486,1.4740252343653952,-9.677804561521177e-06,90
-0.3141385579454842,0.8790279301494541,1.4990064461394823,0.0004126321715172,90
-0.3097138405959886,1.094761518109753,1.4785009491292342,5.995495459577144e-05,90
-0.3067335736179126,0.8373625707109951,1.5032561018331712,-0.000386232256367,90
-0.3022376882223616,1.0531613329452163,1.4827051528903197,-2.218125475042521e-05,90
-0.299424165133438,0.7958715862063661,1.5059125232219976,3.3027776829633315e-05,90
-0.2947719730781539,1.0114801902573447,1.487158222694085,0.0002427672293799,90
-0.2920876813805279,0.7543091279305154,1.5098825095017294,-6.788226664011798e-05,90
-0.2905221523534156,1.226923982140561,1.4656598646528785,-0.0001738142912067,90
-0.2872560449085681,0.9696295734977172,1.4930397499765338,0.0005105519173899,90
-0.2847649008799198,0.712827641127079,1.5141349446550856,-6.003420960648542e-05,90
-0.2829788590336173,1.1854115149176567,1.4698827524091256,6.704159450608704e-06,90
-0.279824354936429,0.9281069439163632,1.496384480626717,-0.000396264699138,90
-0.2774353843144982,0.6712137375087797,1.5183736468153934,9.098240421770432e-05,90
-0.2754794795424844,1.143854159955187,1.4741529879677713,-4.352593204794142e-05,90
-0.2725614421716764,0.886548718136249,1.4995308449239886,0.0002325850607722,90
-0.2679345308304212,1.102274195012368,1.478574538887032,0.0001292347134808,90
-0.2651564578441048,0.84488335869779,1.5037805006176772,-0.0003503652997118,90
-0.2604583784567942,1.0606740098478311,1.4827787426481174,3.859128667921957e-05,90
-0.2577748683916512,0.8032980316169214,1.5078286717002216,6.096959569219101e-05,90
-0.2563199154825525,1.2758627602576595,1.4635829476986215,-0.0002662329693131,90
-0.2529440487845431,1.0187427753433935,1.4911013695361532,0.001736165644828,90
-0.250438384638741,0.7617355733410707,1.5117986579799536,-0.000341193235523,90
-0.2487740443329346,1.2343963311522217,1.4660388313382662,0.0001545363216743,90
-0.2454281206149573,0.976892158583766,1.496982896818602,-0.0002112037439201,90
-0.2430268671177029,0.7203005807706765,1.5152337007957652,-6.042596532990219e-05,90
-0.2412307510131363,1.1928838639293171,1.4702617190945133,-8.658772759791156e-05,90
-0.238311992508502,0.9354412762952892,1.499103143784276,-0.0004821635740002,90
-0.2356973505522813,0.6786866771523772,1.519472402956073,0.0001172973796798,90
-0.2337405532657843,1.1513283968607495,1.474365572167899,9.696693816887286e-05,90
-0.2310490797437493,0.8938830505151751,1.5022495080815477,-0.0002027588564997,90
-0.228423199140374,0.6370867925501986,1.5240949958353929,-9.794537478409472e-05,90
-0.2261956045537211,1.1097484319179305,1.4787871230871596,-6.874347689776045e-05,90
-0.2235987257155903,0.8521605722594758,1.5064643462000868,0.0002362426414867,90
-0.2220768360083746,1.3247732766928957,1.461592721193408,-0.0001853248812679,90
-0.2187470931405278,1.0682138425965015,1.48287851629713,-0.0001610914764235,90
-0.2162171362631367,0.8105752451786074,1.5105125172826313,-0.000354092677992,90
-0.2145405301427177,1.2832027413063718,1.4655334604736576,0.0001340670793331,90
-0.2112327634682766,1.0262826080920635,1.491201143185166,0.0016648264151417,90
-0.2087140359699598,0.7692648076426696,1.512617466196698,-0.0002298298921016,90
-0.2069946589930998,1.241736312200934,1.467989344113302,-0.0004933865603796,90
-0.2039916148805367,0.9842527675966752,1.5003683342557976,-0.0003559424270364,90
-0.2013025184489217,0.7278298150722753,1.5160525090125097,4.51132436553453e-05,90
-0.1995248015580933,1.20027268080224,1.471506933900956,0.0001798730281079,90
-0.1968754867740814,0.9428018853081986,1.5024885812214717,-0.0004218779364162,90
-0.1940095798971897,0.6862121004583072,1.5205093020874123,-6.245917233562576e-05,90
-0.1920346038107413,1.1587172137336723,1.4756107869743416,-0.0003338992855008,90
-0.1894004973173848,0.901195635787813,1.5058185481679778,0.0006846835845007,90
-0.1867354284852825,0.6446122158561287,1.5251318949667318,5.696368397656998e-05,90
-0.1845336765773749,1.1172513455804896,1.4797783509229672,0.0001084575633432,90
-0.1819501432892258,0.8594731575321137,1.510033386286517,-0.0002220587441845,90
-0.1803619077243142,1.3322099538035976,1.4615170084478954,-3.830253087960811e-05,90
-0.1770851651641815,1.0757167562590604,1.4838697441329378,-0.0001668081572426,90
-0.1744679041990375,0.818288050647738,1.510552251181804,-0.0004207906279973,90
-0.1728256018586572,1.290639418417074,1.465457747728145,-4.781686168216226e-05,90
-0.1696429467944783,1.0341840473921076,1.4877479465681187,5.425290175703479e-05,90
-0.1669648039058605,0.7769776131118002,1.5126572000958705,5.678651897388781e-05,90
-0.165358698012019,1.249129708537069,1.4691652576482903,-0.0002497369393131,90
-0.1624017982067385,0.9921542068967192,1.4969151376387506,0.0021460418179072,90
-0.1596064890311962,0.735358382881286,1.5170887538025482,-6.815594732562796e-05,90
-0.1578888405770125,1.207666077138375,1.4726828474359444,-0.0001508404315011,90
-0.1551836558605374,0.9499247402939504,1.5077461413971889,0.0006479752828168,90
-0.1523135504794642,0.693740668267318,1.521545546877451,0.0001319725920122,90
-0.1504178450838855,1.1662217013981575,1.4768253814728003,-0.00018524607199,90
-0.1477086664038408,0.9083184907735647,1.5110761083436943,-0.0004276123627534,90
-0.1429169178505191,1.1247558332449752,1.480992945421426,-0.000146685815067,90
-0.1401281643605523,0.8673248625018057,1.5086999430859134,-0.0004953141028789,90
-0.1354356767891339,1.0831975638165143,1.485103013615372,-0.0001215137358796,90
-0.132645925270364,0.8261397556174299,1.5092188079812003,5.191662149531956e-05,90
-0.1311836819826855,1.2981988950251024,1.4656870847887675,-8.301475225653415e-05,90
-0.1279934584194308,1.0416648549495615,1.4889812160505531,-0.0001707301373509,90
-0.1252701261000973,0.7844905572052426,1.513846080405173,8.576265169950997e-05,90
-0.1237167781360473,1.2566891851450974,1.469394594708913,-0.0001508864588962,90
-0.1205532249815341,1.0001009630280322,1.493171563874529,-3.863953842100226e-05,90
-0.1179118112254331,0.7428713269747285,1.518277634111851,1.6796331969784473e-06,90
-0.116166715616004,1.2151976283369208,1.473377342873835,7.630823794234354e-05,90
-0.1133350826353331,0.9578714964252636,1.5040025676329671,0.0032766224267636,90
-0.108695720122877,1.1737532525967036,1.4775198769106912,-0.0001208970353719,90
-0.1058920479050464,0.9163124753749452,1.5082224149489172,-9.998455898796443e-05,90
-0.1012559282139564,1.1322560151123704,1.4815890878667302,7.29299144299686e-05,90
-0.0983115458617579,0.8753188471031861,1.5058462496911358,9.488428662582372e-05,90
-0.0937746871525713,1.0906977456839098,1.4856991560606758,-6.404503235511033e-05,90
-0.0909127783270807,0.8336296069620348,1.5106565254554252,0.0001706190708793,90
-0.0863452067321655,1.0491772078175514,1.48985188839228,-4.77337287234994e-05,90
-0.083536979156814,0.7919804085498474,1.5152837978793978,3.6620929041768224e-05,90
-0.0820330989748787,1.2642216523236791,1.4699931547495608,-0.00010381439858,90
-0.0789049732942689,1.0076133158960223,1.4940422362162562,-1.088757117066741e-06,90
-0.0744830364548354,1.2227300955155025,1.4739759029144823,-0.0001812453562845,90
-0.0714750566923621,0.9660928906527276,1.4983370754872556,-9.627108952539598e-05,90
-0.0669741063101975,1.18118298091856,1.4783186563257922,-5.395385602512126e-05,90
-0.0640320219620753,0.9245338696024092,1.5025569228032056,3.8799845883501216e-05,90
-0.0595343144012769,1.139685743434227,1.4823878672818311,-0.0002163920849892,90
-0.0565774775426564,0.8829312176263107,1.5073910387091312,9.01372364248837e-05,90
-0.0520988085308272,1.098194478723392,1.4864930661454216,-6.186637611087231e-05,90
-0.0491787100079792,0.8412419774851594,1.5122013144734203,0.0002417809310897,90
-0.0446693281104214,1.0566739408570336,1.4906457984770256,-0.0001563174812417,90
-0.0371939990826108,1.0151705202606118,1.4952609256102087,7.710316614147755e-05,90
-0.0328333378783662,1.2302410676893163,1.4744243688436065,2.058003909820999e-05,90
-0.029764082480704,0.973650095017317,1.499555764881208,-0.0001090378765894,90
-0.0253244077337284,1.1886939530923737,1.4787671222549157,-2.7916413355179304e-05,90
-0.022305668878372,0.9321087776226592,1.5042545393054214,0.0002316132071504,90
-0.0178928799938385,1.1471662173102453,1.483472321600478,-6.695874206159164e-05,90
-0.014851124458953,0.8905061256465605,1.5090886552113472,8.707809505716091e-06,90
-0.0104573741233887,1.10567495259941,1.4875775204640689,-0.0001598140844444,90
-0.0029846554612338,1.064227013804771,1.4919628566052308,-1.619203710730155e-06,90
0.0044906735665767,1.022723593208349,1.496577983738414,-4.881720109927573e-05,90
0.0120315682382748,0.9811885818720892,1.5013704008966098,0.000177871321891,90
0.0163503433511426,1.1962826450135458,1.479557491452169,-4.156656786947349e-05,90
0.0194899818406068,0.9396472644774314,1.5060691753208233,4.5973737337771936e-05,90
0.0237818710910325,1.154754909231417,1.4842626907977314,3.377883869618015e-05,90
0.0313846600915061,1.1133051162934182,1.489077016345389,0.0001723571336025,90
0.0388573787536611,1.0718571774987788,1.4934623524865511,0.0001307785220204,90
0.0463379965485886,1.0303397170812842,1.497986027404849,0.0002905901887595,90
0.0538788912202866,0.9888047057450244,1.5027784445630452,0.0001195473548366,90
0.0656753707070069,1.162368862006482,1.4857538779146304,0.0004059252223318,90
0.0732781597074805,1.1209190690684832,1.490568203462288,-0.0001266678343671,90
0.0807667808489931,1.0794001261887032,1.4948902950464211,0.0001932154543093,90
0.0882473986439205,1.0378826657712084,1.4994139699647189,-9.97631103278676e-05,90
0.1150171111942346,1.128382796292466,1.491604939121426,7.730150826681936e-06,90
0.1225057323357471,1.0868638534126858,1.4959270307055592,-0.0001498622702949,90
-0.5304953553341781,0.8834079913348772,1.487779869715832,-0.0002533217429157,120
-0.5231272804021438,0.8420141675863919,1.4908507361938452,1.563527110703261e-05,120
-0.4959971695269288,0.9322372113582,1.4876852533259282,-0.0001602862743313,120
-0.4887558766809214,0.8907929777990148,1.4896290800120389,-0.0001421026614432,120
-0.4813878017488872,0.8493991540505295,1.492699946490052,-0.000376387742115,120
-0.4740301187971528,0.8080017189200321,1.4959665670621498,-0.0001230794401952,120
-0.4616597555071328,0.9814846356892276,1.4835953792457304,0.0009063993414712,120
-0.4542503510345348,0.939717850684089,1.4900922640818128,-0.0003187624591221,120
-0.4470090581885274,0.8982736171249037,1.4920360907679235,-9.654803002953628e-05,120
-0.4396649664643269,0.8567460368590263,1.4945274217661626,2.7848868822802356e-05,120
-0.4323072835125925,0.8153486017285289,1.4977940423382603,-0.0003080788125538,120
-0.4274830800335075,1.0307667998076404,1.477852369162691,-0.0002410900143183,120
-0.424867890584672,0.773822486241573,1.5015019223201878,0.000389028467044,120
-0.420101931255725,0.989296717367917,1.4814471987690765,-0.0001867486006003,120
-0.4126925267831269,0.9475299323627782,1.487944083605159,0.0007327916552482,120
-0.4052504421807666,0.9058073637532472,1.493434518994323,-0.0003072552463506,120
-0.3979063504565661,0.8642797834873699,1.4959258499925618,-2.4619671157924405e-06,120
-0.3932478215650729,1.0797599036954766,1.4761297358054208,-0.000160209101284,120
-0.3905094831886825,0.8226719517597005,1.499416453087862,-6.919451447616465e-06,120
-0.3858950516343611,1.0381602886182528,1.4795630540166342,-1.7959609651792274e-05,120
-0.383070090260762,0.7811458362727448,1.5031243330697897,-0.0001666185542632,120
-0.3785139028565786,0.9966902061785292,1.4831578836230197,-0.0003990331518411,120
-0.3758773982020604,0.7398233134875771,1.506285026344992,-0.0007184616584601,120
-0.3711013125141915,0.9552000682060816,1.4865741317557593,2.1996388517103727e-05,120
-0.3636592279118312,0.9134774995965508,1.492064567144923,0.0001789362706716,120
-0.3590038426922832,1.1288202954495552,1.473836071489125,-6.220948549955779e-05,120
-0.3561694613740016,0.8716753230036371,1.497951581531129,0.0002691925166425,120
-0.3515695161074089,1.0872235236868228,1.4780342597154543,-1.2732300962312038e-05,120
-0.348772594106118,0.8300674912759678,1.5014421846264294,-0.0002740124220937,120
-0.3442167461766973,1.045623908609599,1.4814675779266682,-3.777849082281515e-05,120
-0.3414160018060068,0.7887984645662636,1.5043565518335895,-0.0002919828974367,120
-0.3368232540989129,1.0040285724546043,1.4856982770204512,0.0001961688596815,120
-0.3342233097473053,0.7474759417810961,1.507517245108792,9.367943854234062e-06,120
-0.3294106637565257,0.9625384344821566,1.4891145251531903,-0.0002673651635038,120
-0.3268636816992627,0.7059202679067101,1.5119910293903724,0.0005292154568583,120
-0.3247705120687632,1.1779292854773753,1.470146151673139,1.605965858995917e-05,120
-0.3219910770579579,0.9210557869674858,1.492568600826257,0.0002071312102491,120
-0.3172975296528048,1.1363417992283955,1.4743657537094768,-1.587272776273213e-05,120
-0.3145013105201282,0.8792536103745722,1.498455615212463,0.0004124597759958,120
-0.3098632030679305,1.0947450274656634,1.4785639419358063,7.274612729333413e-05,120
-0.3071594188272695,0.8377525455555381,1.502553021499803,-0.0006532463554514,120
-0.3024470061382051,1.0531296734077804,1.4827371159066514,-2.8406643327739955e-05,120
-0.2998028265271583,0.7964835188458339,1.5054673887069632,-0.0001486829403322,120
-0.2950535140604207,1.0115343372527854,1.4869678150004344,7.311398515943285e-05,120
-0.2924601692696844,0.7548840177408019,1.5100410529184949,-5.092012798910833e-05,120
-0.290540645807351,1.2270407227387403,1.466280681866355,-3.976168538640662e-05,120
-0.287633859844928,0.9697721726483092,1.492472850290308,0.000455075139738,120
-0.2851005412216419,0.713328343866416,1.5145148372000752,-0.0002495409615068,120
-0.2830736670811502,1.1854627817720158,1.4704312903897545,-2.27764962085486e-05,120
-0.2802142731463601,0.9282895251336384,1.4959269259633745,-0.0005038509100586,120
-0.2776796853603165,0.6717216016028411,1.5193153393821506,0.0001775736919189,120
-0.2756006846651917,1.143875295523036,1.4746508924260928,-2.162769004298432e-05,120
-0.2729125149244074,0.8868446195578485,1.499439131306456,0.0002344462428187,120
-0.2681312707530237,1.1022889317906666,1.478861675950943,-3.1164749930187585e-05,120
-0.2655706232315486,0.8453435547388146,1.503536537593796,-0.0004527270483682,120
-0.2607150738232983,1.0606735777327836,1.483034849921788,8.143295764589248e-05,120
-0.2582060121518515,0.8037997883590065,1.5076008152868194,0.0003120427290702,120
-0.2562968436140937,1.276127051750718,1.4640245558180736,-0.0001230895470466,120
-0.2532283048542779,1.0187480703431904,1.4914259933980456,0.0016138447229988,120
-0.2508633548943777,0.7622002872539744,1.5121744794983512,-0.0003127317310833,120
-0.2488565572541942,1.2345290669727291,1.4665995450621805,-1.1685673500953786e-05,120
-0.2458086506387852,0.976985905738714,1.4969310286879192,-0.0002218797214214,120
-0.2433825068823298,0.7207097443508723,1.5163110537903322,0.0003144879813917,120
-0.2413895785279934,1.1929511260060044,1.47075015358558,-7.660671957363668e-05,120
-0.2386278873432804,0.9355433506684452,1.4993076731508204,-0.0001217105791795,120
-0.2359616510210044,0.6791030020872975,1.5211115559724075,2.8216846025344577e-06,120
-0.2338649385501249,1.1514481002819157,1.474925771155159,1.817808947875144e-06,120
-0.2313261291213276,0.8940984450926555,1.5028198784939018,-0.0003790446731833,120
-0.2285750584819443,0.6374161794557487,1.52599076727493,0.0003663625025196,120
-0.2263955246379569,1.1098617365495462,1.4791365546800097,0.0001272430947072,120
-0.223765346603119,0.8523864271593735,1.5075553685477394,0.0009142830121531,120
-0.2220627216858899,1.3250951717185182,1.461512361836512,-0.0002077008061328,120
-0.218986656521086,1.0682666809658383,1.4834405554657475,-7.282086944141591e-05,120
-0.2164007355234219,0.8108426607795653,1.5116196462407627,-0.0004247682223871,120
-0.2145804612736481,1.283580385920475,1.4657529222977397,2.616069425923767e-05,120
-0.2114998875520656,1.026341173576245,1.491831698942005,0.0016278256456184,120
-0.2090148999343714,0.769666801469741,1.5135260771998436,5.071027558527924e-05,120
-0.2071401749137486,1.2419824011424865,1.4683279115418464,-0.0001820760650156,120
-0.2042816266023464,0.9843686379413784,1.5008754996347915,-0.0003375505120586,120
-0.2015340519223235,0.7281762585666389,1.5176626514918246,8.701836255251699e-05,120
-0.1996868251897673,1.2005294138096896,1.4724096713907882,0.0001578189461406,120
-0.1971008633068415,0.9429260828711096,1.5032521440976927,-0.0003451144851545,120
-0.1941301409895259,0.6865028386279031,1.5225203142085724,0.000259033396113,120
-0.1921621852118989,1.1590263880856009,1.4765852889603674,-0.0001775835117162,120
-0.189369087925022,0.9011826229377584,1.5077853111022002,0.0014913932024298,120
-0.1867435484504657,0.6448160159963544,1.527399525511095,0.0001314228372675,120
-0.1846860134698909,1.117395640439908,1.4805727436465532,0.0001806332019667,120
-0.1818083054068134,0.8594706050044765,1.5125208011560374,-0.0002077658659662,120
-0.1803354750273033,1.3326301760642385,1.4617214270518146,-8.823125230788403e-05,120
-0.1772771453530199,1.0758005848562004,1.4848767444322912,-0.0001413143279072,120
-0.1745756719653359,0.8184551751607365,1.512085286735659,-0.0007404415390101,120
-0.1728532146150616,1.2911153902661954,1.4659619875130423,0.0001261029396594,120
-0.1698294691563894,1.034223605002155,1.4889273370273584,0.0001699972768171,120
-0.1671898363762853,0.7772793158509121,1.5139917176947395,-1.847479192161605e-05,120
-0.1653909797338261,1.2495488852270848,1.4699373974828482,-0.0001040534056495,120
-0.1626112082066701,0.9922510693672884,1.4979711377201448,0.0019083254510104,120
-0.1596898841034207,0.7356601821643539,1.5190420389161945,0.000293662837187,120
-0.1579376300098448,1.2080958978942882,1.47401915733179,-3.664930557478047e-05,120
-0.1554188960610152,0.9501612385004314,1.50850392485013,0.000634887329024,120
-0.1522859731706231,0.6939867622256182,1.523899701632942,0.0001579912551977,120
-0.1504715049063864,1.166501822849383,1.4780477707474515,6.918716268354552e-05,120
-0.1476871206791957,0.90841777856708,1.5130370918546374,-0.0004468589655286,120
-0.1429953331643784,1.1248710752036903,1.4820352254336373,6.7639782055234354e-06,120
-0.1401525699586965,0.8674277119107867,1.510670502740755,-0.0010372342669853,120
-0.135538120132166,1.0833051173508732,1.4863712858875286,1.845951018446257e-05,120
-0.132919936517219,0.826412282067047,1.5102349883203765,6.174368724263385e-05,120
-0.1311019801353875,1.298684367115889,1.4664024609357904,5.9187691426959566e-05,120
-0.1280904439355354,1.041728137496828,1.4904218784825958,3.399815023785724e-06,120
-0.125380074562613,0.7847236546813723,1.5157107068278028,0.0004588599136606,120
-0.123639745254152,1.2571178620767784,1.4703778709055964,-8.388481263488234e-05,120
-0.1206477820212142,1.0000964321722448,1.4948119267415108,0.0001325627309124,120
-0.1178801222897483,0.7431045209948139,1.5207610280492576,-5.49393651487276e-05,120
-0.1161129055857921,1.215561096485388,1.4746111998105231,0.0001942796659106,120
-0.1134554698755594,0.9580066013053878,1.5053447138714957,0.0028748260078553,120
-0.1086467804823338,1.173967021440483,1.4786398132261849,2.407421898695944e-05,120
-0.1060316656346116,0.9164959642626652,1.509546808438021,5.793705911652514e-06,120
-0.1012069466735538,1.1324167731023729,1.4828013318943536,0.0001239813692392,120
-0.0984971149141123,0.8755058976063721,1.5071802193241386,2.339319487537628e-05,120
-0.0937497336413414,1.0908508152495555,1.487137392348245,4.894592783215301e-05,120
-0.0910340502134106,0.8338772750277803,1.5120284922195788,0.0006531392429357,120
-0.0863402228746938,1.0492698298508345,1.4915475022075737,7.585267486338171e-05,120
-0.0834941882588045,0.7921886476421056,1.5175042107270054,9.351281607537092e-05,120
-0.0818830755636773,1.2646344519047472,1.4712867887112504,4.0186522523126544e-05,120
-0.0788975609603726,1.0076381245262511,1.4959375504664885,9.175246452997056e-05,120
-0.0743562358953175,1.2230776863133568,1.4755201176161772,-6.66396042910758e-05,120
-0.0714258528349926,0.9660374443380786,1.5005622187966083,0.000132003161515,120
-0.0668413285944991,1.1815114398845632,1.4797369691388944,2.8438386181391107e-05,120
-0.0640020485940448,0.9245268072953562,1.5047643133631337,-4.295372609487008e-05,120
-0.0594014947857191,1.139961191546453,1.4838984878070636,-1.2791771925139972e-05,120
-0.0564998103986403,0.882931096690476,1.5092051322490343,0.0004047052306842,120
-0.0519673689449268,1.0983272195103937,1.4881477588433047,0.0001298075677697,120
-0.0490367456979385,0.8413024741118843,1.514053405144475,9.628120706974692e-05,120
-0.0445578581782792,1.056746234111673,1.4925578687026335,-5.423859504204848e-05,120
-0.0369829021141849,1.015236959362914,1.4973782755340967,0.0003998347645792,120
-0.0326405486380831,1.2306104329203469,1.476211372975595,7.450852690701198e-05,120
-0.0295111939888049,0.9736362791747412,1.5020029438642166,0.0001931634902105,120
-0.0251256413372647,1.189044186491553,1.4804282244983122,-5.018128483193218e-05,120
-0.0220844231874904,0.9320921212163464,1.506238432360603,0.0001861239191735,120
-0.0176525618533987,1.1474795730014025,1.4853359424762318,0.0001237634072619,120
-0.0145821849920859,0.8904964106114661,1.5106792512465042,0.0002125314989452,120
-0.0102184360126064,1.1058456009653432,1.4895852135124732,3.629364285532427e-05,120
-0.0025696516466152,1.064356650731887,1.4940062875513087,0.0003470698015594,120
0.0050053044174789,1.0228473759831282,1.4988266943827722,0.0001939470040547,120
0.0123901642131567,0.9812515974676348,1.5033061024650043,6.550532091006978e-05,120
0.0166095906713454,1.1965783670594536,1.4810582920037891,4.817024637128464e-05,120
0.0198169350144712,0.93970743950924,1.5075415909613912,3.584782677571591e-05,120
0.0240826701552114,1.1550137535693032,1.4859660099817087,0.000100317309907,120
0.0316865592902285,1.113563041132935,1.4906864686161374,0.0001035630008844,120
0.0393353436562197,1.0720740908994784,1.495107542654973,6.854806620405773e-05,120
0.0468202619463563,1.030505150906046,1.499723369067551,-4.312115223096408e-05,120
0.0542051217420341,0.9889093723905528,1.5042027771497837,0.0002089404264179,120
0.0661086865733108,1.1625802325353929,1.4870827290578843,0.0006665942417129,120
0.0737125757083278,1.1211295200990246,1.4918031876923128,-7.293945893726422e-05,120
0.0810978416659169,1.0796081271433806,1.4958555301983218,0.0002509350650478,120
0.0885827599560535,1.0380391871499484,1.5004713566109005,-5.089235010900112e-05,120
0.1155056488636443,1.1285092819721965,1.4926793476554447,-0.0001042849137407,120
0.1228909148212334,1.0869878890165523,1.4967316901614538,-0.0001657662163715,120
-0.5307861890413754,0.8831840462484423,1.488040398504605,-0.0001975961730957,150
-0.523407698509075,0.8417256808156848,1.491072836280369,0.0001537829450742,150
-0.4962527669129662,0.9319683787337754,1.4877745882073494,-0.000243426483914,150
-0.488934024382864,0.8905497418637298,1.489644849034104,-2.90813229880324e-05,150
-0.4815555338505634,0.8490913764309722,1.4926772868098683,-0.0002317039451575,150
-0.4741391305896085,0.8076661266584129,1.4960607599385027,5.225111103288049e-05,150
-0.4619038165656057,0.9812583717326347,1.4836889857711375,0.001063518390916,150
-0.4543845223421393,0.939362132594186,1.4902783787512217,-3.4222202587148864e-05,150
-0.447065779812037,0.8979434957241406,1.4921486395779762,-0.0001449583005222,150
-0.4397282316303914,0.8564448830210614,1.494330483703922,0.0001346924735091,150
-0.4323118283694365,0.8150196332485018,1.4977139568325564,-0.0003279113498147,150
-0.4277287807217005,1.0306044864522863,1.47816691551345,-0.0003190327128046,150
-0.4249087925726438,0.773543792591098,1.5010910350670388,0.0001692942680932,150
-0.4201720870738503,0.9890319644483222,1.4820030546364895,0.0002754008990502,150
-0.4126527928503839,0.9471357253098736,1.4885924476165733,0.0006981750912695,150
-0.4051663530313343,0.9053607361528784,1.4938522710825348,-0.0001033348589711,150
-0.3978288048496886,0.863862123449799,1.4960341152084806,-4.703301208177496e-05,150
-0.393419802979002,1.0795910946113372,1.4766987867756067,-2.519868224806765e-05,150
-0.3904342749420333,0.8223025844739626,1.4992761820268092,0.0001991134423599,150
-0.3859876022562156,1.037914669325008,1.4801210326519003,0.0003524262502008,150
-0.3830312391452406,0.7808267438165588,1.5026532602612916,-0.0001863143253527,150
-0.3784309086083655,0.996342147321044,1.4839571717749398,-0.000321102128408,150
-0.3757360450554746,0.7394404901623679,1.505894096004465,-0.0001014278307775,150
-0.370920413345393,0.9547889400552538,1.4876092290280405,0.000219311910479,150
-0.3634339735263434,0.9130139508982588,1.4928690524940018,0.0002442373583339,150
-0.3590528414068361,1.1287024939369,1.4746364414654436,5.499037142683849e-06,150
-0.355929414021048,0.8711627513385943,1.4983728088863335,0.0003833371757146,150
-0.3515791117677936,1.0869916833270712,1.4788286847007446,0.0002078582414293,150
-0.3485348841133926,0.8296032123627579,1.5016148757046626,-0.0003029292738875,150
-0.3441469110450073,1.045315258040742,1.4822509305770382,-6.832375223526227e-05,150
-0.3410818231816843,0.78823622066355,1.5046194131220565,0.0002142180974554,150
-0.3366610811739734,1.0036529518118718,1.4864049576097589,0.0004205131790897,150
-0.3337866290919182,0.7468499670093591,1.5078602488652302,-8.415032818072377e-05,150
-0.3291505859110009,0.9620997445460816,1.4900570148628591,-0.0002964010952571,150
-0.3264395285535115,0.7053737717025192,1.512042471072144,0.0006066339793849,150
-0.3247165769627522,1.1779121221741242,1.4709267520991751,0.0002357321960981,150
-0.3216675055256268,0.9205354696730924,1.4934062569651734,0.0003256780616405,150
-0.3172400595039834,1.1362193477049265,1.4750732561873516,0.0001254993283174,150
-0.3141629460203314,0.8786842701134281,1.4989100133575055,0.0003579214125812,150
-0.3097663298649409,1.0945085370950975,1.4792654994226528,0.000274747384896,150
-0.3067758101284354,0.837114972220026,1.5028972292131777,-0.0004103134913507,150
-0.3022961836833102,1.0527953439509383,1.483352122476954,0.0001080148324679,150
-0.2993227491967271,0.7957479805208181,1.5059017666305716,-0.0001822150892993,150
-0.2948103538122764,1.011133037722068,1.4875061495096744,0.0001831590488191,150
-0.2918415318793441,0.7542311655603258,1.5100334876098231,-4.21982086214745e-05,150
-0.2904323114476623,1.2270623505263027,1.4668069901201033,-0.0001003322555314,150
-0.2873265368813513,0.969320713719532,1.4929084867263724,0.0004910554910569,150
-0.2844944313409374,0.7127549702534859,1.5142157098167366,-8.977726267208469e-05,150
-0.2829003351031721,1.185426368721555,1.471085880544501,0.0001493686641145,150
-0.2798434564959772,0.9277564388465428,1.496257728828687,-0.0003784740044211,150
-0.2772034999713298,0.6713440776997505,1.5184081081707106,-0.0002065192898109,150
-0.2754238176444032,1.1437335942523568,1.4752323846326776,3.831749188287076e-05,150
-0.27254088053711,0.8862119245011477,1.4995083579159965,0.0001535713690125,150
-0.2678582127124346,1.1020736735960908,1.4796102741757302,0.0002938415399331,150
-0.2651537446452141,0.8446426266077456,1.5034955737716684,-0.0004111586875656,150
-0.2603880665308039,1.0603604804519318,1.4836968972300313,0.0002001145879963,150
-0.2577543792333256,0.803144836057768,1.507311293340035,5.71258274945155e-05,150
-0.2561404748902057,1.276077938365828,1.464640486921264,-0.0001166352418771,150
-0.2529351166992873,1.0183249605760358,1.491652146213453,0.0017421248262428,150
-0.2502731619159427,0.7616280210972757,1.5114430143192863,-0.0004522562542278,150
-0.2487248768241014,1.2344930305190234,1.4670581716484494,0.0001012832609852,150
-0.2454512997683623,0.9765126365735002,1.497054483430151,-0.0002617730287355,150
-0.2428190536118419,0.7203058797214517,1.515051281483187,-0.0003028839934671,150
-0.2411929004796112,1.1928570487142751,1.4713370620728474,-3.754219081840426e-05,150
-0.2382786187058976,0.9351023677488624,1.498969082407478,-0.0002669677068914,150
-0.2355281222422344,0.6788949871677162,1.519243679837161,-6.297081975620983e-05,150
-0.2336424369021732,1.1512460908867932,1.4754918344317094,8.456679830333436e-05,150
-0.2309760427470304,0.8935578534034674,1.5022197114947875,-0.0002131000743282,150
-0.228204653222532,0.6374384709136365,1.5239937367028036,-9.656727152845128e-05,150
-0.2260768319702045,1.1095861702305272,1.479869723974762,5.634800197881762e-05,150
-0.2235851256643592,0.8518916071117658,1.5059484813145183,0.00011376469487,150
-0.2218459539197291,1.3250357244913955,1.4621420164883396,-0.0001423892715774,150
-0.2185960206672062,1.0679280500695811,1.4840734801043518,-8.0899702957625e-05,150
-0.2161857602524707,0.8103938165617882,1.509764200882885,-0.0004962321680015,150
-0.2142870892848577,1.2834590926053795,1.466686163844551,0.0001863565309225,150
-0.2111430708356896,1.0258925301936852,1.4920287290877734,0.0017043749908409,150
-0.2086837880660541,0.7691768950886029,1.5121540879619697,-0.0002839363973201,150
-0.2068714912187534,1.2418741847585748,1.4691038485717365,-0.0001535979319095,150
-0.2039581033650297,0.9837922615435928,1.500598027904744,-0.0003493057581865,150
-0.2012296797619533,0.7278547537127789,1.5157623551258697,-0.0001778827886763,150
-0.1993925755836557,1.2003103268581845,1.472506549416428,0.0004387728954979,150
-0.1967854223025651,0.942381992718955,1.502512626882071,-0.0005527201724217,150
-0.1938421162780016,0.6864075561800086,1.5203138297481964,-0.0001031941485219,150
-0.1918421120062177,1.1586993690307024,1.47666132177529,-0.0001264486155364,150
-0.189365800749438,0.9008346759922164,1.5057871651670256,0.0005083392752576,150
-0.1865186472582993,0.6449510399259288,1.5250638866138395,-6.499284621892809e-05,150
-0.1843399588032277,1.1170852733837573,1.480634338012276,0.0003266542782703,150
-0.1819748836667668,0.8591684297005149,1.5095159349867564,-0.0003400219015715,150
-0.1801415617296632,1.3325633214995103,1.462082544243573,-8.013671447522352e-05,150
-0.1768591475002294,1.0754271532228112,1.4848380941418655,-1.2436325147122118e-05,150
-0.1744573179686386,0.8180516356164809,1.5099006987412378,-0.0004217139069284,150
-0.1725826970947919,1.2909866896134945,1.4666266915997843,0.000115639962039,150
-0.1694784685416878,1.0337813236602007,1.4889313276317244,0.0001277129442695,150
-0.166955345782222,0.7768347141432954,1.512290585820322,-5.868511671248966e-05,150
-0.1650748514973395,1.2493771161938794,1.470529221503823,-0.0002130066939438,150
-0.1622935010710279,0.991681055010108,1.4975006264486952,0.0019721700469859,150
-0.1595739511163577,0.7353783010044567,1.51678184756487,-0.0001119536303694,150
-0.1575959358622419,1.2078132582934893,1.4739319223485143,8.290472293358275e-06,150
-0.155159543098289,0.9495953923889656,1.5074344574057523,0.0003474576546171,150
-0.152186387632406,0.6939311034716864,1.5213333221871967,-7.368627163137353e-05,150
-0.1501062253653705,1.1662046604257847,1.4779945617312804,-5.534872277208197e-05,150
-0.147739921545162,0.9080480756622268,1.5107089956907065,-0.0002760102596214,150
-0.1426040721623805,1.1245905647788397,1.4819675779682666,-6.803781812378396e-06,150
-0.1400720259734021,0.8669657065080804,1.5085157619278358,-0.0003039718616731,150
-0.1351824412527832,1.0829130561562272,1.4857492385028643,-0.0001439685373335,150
-0.1325544602752739,0.8258489124240462,1.5089005256823171,1.40476839769893e-05,150
-0.1308668313452282,1.298594497337016,1.4665268545162096,0.0001083130749132,150
-0.1278017622942416,1.0412672265936167,1.489842471992723,2.479777914221604e-05,150
-0.1252180127586821,0.7843960898721998,1.5133501405860024,-1.5816507764103427e-05,150
-0.1233589857477759,1.256984923917401,1.4704293844202485,3.0088114689727496e-05,150
-0.1203961782603726,0.9996736270297946,1.4941144308719747,-0.0001357775965808,150
-0.1178366180928179,0.742939676733361,1.5178414023305504,-2.707656678966469e-05,150
-0.1158556164477144,1.2153435930505956,1.4744922042986306,0.0001603638838419,150
-0.1132622202876336,0.957587964408652,1.5040482618290318,0.0028802485661152,150
-0.108365905950843,1.173734995182891,1.478554843681397,-7.867316649326495e-06,150
-0.1058348909895449,0.9160178105004778,1.5078660790266771,6.369053348899423e-05,150
-0.1009448151193032,1.132145880323269,1.48263134674205,2.7862108367075755e-05,150
-0.098166995417785,0.8749354413463313,1.5056728452638062,2.6359398314551585e-05,150
-0.093523184209706,1.0904683717006565,1.4864130072766475,0.0001039162279926,150
-0.0908180627469287,0.8333611633944136,1.5101580810426136,-0.000105985640186,150
-0.0860946265882228,1.048855475490618,1.4901775886287545,-3.671391575390398e-05,150
-0.083481615230337,0.7919083408425671,1.5146076959462986,-0.0001618755232737,150
-0.0815984571539713,1.2644774042003188,1.4709354992506063,7.195200966379767e-05,150
-0.0786890425543537,1.0072618759267962,1.4944495475080064,0.0001576821319272,150
-0.0740950878539098,1.2228360733335135,1.4749983191289888,-2.446538101311818e-05,150
-0.0712829419085768,0.9656988162875446,1.4987338075005685,-6.859719645925522e-05,150
-0.0666266409536231,1.1812431194096051,1.47907383920262,-3.829098534586378e-05,150
-0.0638556126104881,0.9241286623793704,1.5025516246982136,9.005506349300113e-05,150
-0.0592055501220833,1.1396540045499828,1.4831503422632737,2.343051833137572e-05,150
-0.0565014411210308,0.8825761021999192,1.5071584107354623,-6.762289592109755e-05,150
-0.0517802252705109,1.0980830892714677,1.487538675610112,-6.971583574530427e-07,150
-0.0491525084501745,0.8410018242480015,1.5116436465142695,0.000119671542373,150
-0.0443516676490277,1.056470193061429,1.4913032569622189,2.810777297033301e-05,150
-0.0369210571702675,1.0148745575325906,1.4951843990789389,3.944087493386317e-06,150
-0.0324393786263157,1.2303864526885175,1.475559711439038,-6.874271697637768e-05,150
-0.0295149565244906,0.973311497893339,1.499468659071501,3.882706753903509e-05,150
-0.024970931726029,1.188793498764609,1.479635231512669,-3.912363129188884e-05,150
-0.0221579288540522,0.931735382762358,1.5037779160486116,-5.7029208989548e-05,150
-0.0174941923861028,1.1471203824204472,1.4838854282077316,6.410632440147918e-05,150
-0.0148037573645949,0.8901828225829067,1.5083847020858605,3.7114150280757874e-05,150
-0.0100688675345304,1.1055494671419317,1.48827376155457,-0.0001309359757014,150
-0.0026529299768293,1.064086118527606,1.492426014662273,-0.0001110612097324,150
0.0047776805019309,1.022490482998767,1.496307156778993,3.71666350594338e-05,150
0.0122555008952763,0.9809626901928872,1.5006308664930204,-3.698431269665709e-05,150
0.0166717275577249,1.1963607290254423,1.4801041360854383,-9.280126540995444e-05,150
0.0196125285657147,0.9393865750619064,1.504940123470131,0.0002527988190689,150
0.0241484668976511,1.1546876126812808,1.4843543327805009,0.0001440704139792,150
0.0317303640279239,1.1131432105498662,1.4892670960513636,4.704095947197229e-05,150
0.039146301585625,1.0716798619355403,1.4934193491590666,0.0001172437169898,150
0.0465703765557455,1.0301555117795833,1.4974546199582817,0.0001070925977885,150
0.054048196949091,0.9886277189737032,1.501778329672309,8.844888566036241e-05,150
0.0659910208208262,1.1622926821558064,1.485362374919963,0.0004475912705342,150
0.073572917951099,1.1207482800243915,1.4902751381908257,-6.463453819986753e-05,150
0.08096724895681,1.0792726061636668,1.494443815405084,-6.957444028346527e-05,150
0.0883913239269305,1.0377482560077098,1.498479086204299,-3.518633959698897e-05,150
0.1152761513443281,1.128226331557244,1.490749341045315,-0.0001310939280194,150
0.1226704823500391,1.0867506576965194,1.4949180182595732,-0.0001485412200521,150
-0.5305008671570195,0.8833115916420724,1.4880136522675949,-0.0003269112735679,270
-0.5231522213491966,0.8419248580130866,1.4909102463700832,5.9600902700684966e-05,270
-0.4959225745854498,0.9321551023424932,1.4881753402060178,3.191268775276645e-05,270
-0.4886964860121576,0.8906486022910541,1.489742596320141,-0.0001109183469168,270
-0.4813478402043347,0.8492618686620683,1.4926391904226293,-0.0002964794050753,270
-0.4739955677707963,0.8078767143830858,1.495897201882192,-5.089007990555228e-05,270
-0.4615764579013444,0.9815196860793668,1.4840357437809304,0.0009884753641016,270
-0.4540807473874081,0.9396459999612232,1.4905074346692904,-0.0002218275154697,270
-0.4468546588141159,0.8981394999097841,1.4920746907834133,-3.661871270625727e-05,270
-0.4395823077369225,0.8566635957141813,1.49430351797582,-8.807864836701818e-05,270
-0.4322300353033841,0.8152784414351987,1.4975615294353828,-0.0002551685373176,270
-0.4274549584458607,1.0307553413693322,1.4782283325995556,-0.0004077481126341,270
-0.4248131234687272,0.7737431088434574,1.5010830692266943,0.0002331922389403,270
-0.4199301970163367,0.9892810962063748,1.4820387253133749,0.0002130517968324,270
-0.4124344865024005,0.9474074100882316,1.4885104162017346,0.0007081902389509,270
-0.4050296286686059,0.905636237453886,1.4938426450161542,-0.0002150025156478,270
-0.3977572775914125,0.8641603332582831,1.4960714722085608,-7.759388923691407e-05,270
-0.3931974444005565,1.079650015207972,1.4762967586774225,-0.0001255379662415,270
-0.3903930620714954,0.8226172298813161,1.4992666761398734,0.0001444195226681,270
-0.3858094265979609,1.0380541737338465,1.4798463214634463,3.909857176065401e-05,270
-0.3829761502368385,0.7810818972895749,1.502788215931185,-0.0001330738966063,270
-0.3782846651684369,0.996579928570889,1.4836567141772652,-0.0004645142440988,270
-0.3757197898988434,0.7396611299073719,1.5062173502798204,-0.0002640109013294,270
-0.3707494811691627,0.95505832665517,1.4876240334361717,0.0001392394991952,270
-0.3633446233353682,0.9132871540208244,1.4929562622505914,0.0002547143626269,270
-0.3589060948160431,1.1287018656909529,1.4734529688293128,-1.690456828588177e-05,270
-0.3558863946491204,0.8715379986360945,1.4984418130035264,0.0002314584641303,270
-0.3515267105230829,1.0870937441177873,1.477666627983938,-7.923267263514056e-05,270
-0.3485221791292032,0.8299948952591274,1.501637016934839,-0.0001748001899087,270
-0.3441386927204873,1.0454979026436615,1.481216190769962,-0.0001213446587082,270
-0.3410821628802138,0.7886315580386898,1.5047925205236443,0.0001444496345551,270
-0.3366559934359407,1.0038863050218427,1.4857033823400458,0.0002601811375537,270
-0.3338258025422187,0.7472107906564867,1.5082216548722798,0.0001367535220703,270
-0.3291208094366665,0.9623647031061237,1.489670701598952,-0.0003667271376453,270
-0.3265086964824004,0.7056530206656754,1.5124899271932537,0.0005876309841843,270
-0.3246900869011551,1.1777999568675974,1.4695503470824944,-3.964245431901936e-05,270
-0.321628897795605,0.9208079328039248,1.4936481593136095,0.0002316022590582,270
-0.317235275393088,1.136231914242948,1.4737150765627822,-0.0001329397736053,270
-0.3141706691093572,0.8790587774191947,1.4991337100665447,0.0001462079767311,270
-0.3098558911001279,1.0946237926697826,1.4779287357174071,0.0001182629548258,270
-0.3067790075054612,0.8375649263558451,1.5031313958612944,-0.0004061723441505,270
-0.3023731322768705,1.0529903981780733,1.482126402037628,6.284767632892124e-05,270
-0.2993389912564718,0.7962015891354075,1.5062868994501,-0.0002303134478732,270
-0.2948904329923238,1.011378800556254,1.4866135936077118,0.0001228079725977,270
-0.2919316606352341,0.7545534254666866,1.510892474323437,9.558552226145156e-05,270
-0.2905181314454851,1.2269091338577431,1.465796460255327,-6.828939006512519e-05,270
-0.2874145696922844,0.9695925304805184,1.492391898124599,0.0004987943472401,270
-0.2846145545754158,0.7129956554758753,1.515160746644411,-0.000304856000961,270
-0.2830325569487663,1.1853080245779497,1.469856326460904,1.1772562870035477e-06,270
-0.2799226580512229,0.9280357601783196,1.4963693558392563,-0.0004308734791137,270
-0.2772599604662661,0.6715091901774,1.5193008385513007,4.940567247257305e-05,270
-0.2755777454406993,1.1437399819533,1.4740210559411917,-7.387644781351593e-05,270
-0.2725576214657199,0.8865795697000465,1.4998488299373889,6.848292277011891e-05,270
-0.2680594570283527,1.1021503693017611,1.4782836936861803,0.0001443590462751,270
-0.2651659598618239,0.8450857186366969,1.503846515732138,-0.0003759566007454,270
-0.2605766982050954,1.0605169748100518,1.4824813600064009,2.997984812633248e-05,270
-0.2577532371264843,0.8035541375291194,1.5080041991105406,0.0001791308474317,270
-0.2562335491587922,1.2760460187151246,1.4642000343592327,1.766452945597269e-05,270
-0.2530597263813953,1.018579758858913,1.490842983060778,0.0017394975996822,270
-0.2503459065052466,0.7619059738603986,1.512609773983878,-0.0001438038944935,270
-0.2488897698291817,1.234385636159453,1.4660742718030946,-7.642355732809247e-05,270
-0.2455838630813558,0.9767934887831772,1.496621287577665,-0.0002751944837695,270
-0.2429598607999287,0.7204863131324366,1.5164006521348523,-0.0002675930623813,270
-0.2414041953324629,1.1927845268796593,1.4701341380086714,-0.0001210218415119,270
-0.2383814578640422,0.935322699537893,1.4991830396759027,-8.511016781705127e-05,270
-0.235605266690779,0.6789998478339613,1.520540744041742,3.811380613685106e-05,270
-0.2338078825210679,1.1511940810984929,1.4747099291471488,0.0001752930452982,270
-0.2310164212785392,0.8938665090596201,1.5026625137740348,-0.000499537776389,270
-0.2282248700613733,0.6374292602316345,1.5249742444811372,-8.006896102343702e-05,270
-0.2262895941087214,1.109604468446954,1.4789725668921374,-7.020810418937456e-05,270
-0.2233791268214053,0.8522057319757442,1.5071740354304604,0.0008471515036878,270
-0.2220674917661458,1.3250902467095198,1.461771589712273,-0.0002281644761042,270
-0.218847000000218,1.0679812414250804,1.4832214189600543,8.71310660722005e-05,270
-0.2159664040860656,0.8106741508681667,1.5113317188088629,-0.0004533079764316,270
-0.2145961261978363,1.283481114782663,1.4658507659099906,-0.0001982152636831,270
-0.2113300281765179,1.0260440254739414,1.4915830420144318,0.001350814286759,270
-0.2086487050256839,0.7695061468542683,1.5131842386527272,-0.000197185085445,270
-0.2072523468682258,1.2418207322269914,1.4677250033538525,-0.0002337828186786,270
-0.2040850880013211,0.9840953859137204,1.5004664899141402,-0.0002423500212647,270
-0.201262659320366,0.7280864861263064,1.5169751168037011,-1.0798460924471565e-05,270
-0.1996952210622291,1.200258869855621,1.4717976061896223,0.0004015110083819,270
-0.1968826827840075,0.9426245966684365,1.5030282420123775,-0.0004490952029549,270
-0.193927316298486,0.6866030695069716,1.5213540224358189,-0.0001192670459472,270
-0.1920989082508341,1.1586684240744545,1.4763733973281,-0.0002067088903289,270
-0.1890592178676072,0.9009148994657964,1.507691375993474,0.0016199711140593,270
-0.1865469196690804,0.6450324819046448,1.525787522875214,8.697486700005169e-05,270
-0.1846012985346918,1.117007984031774,1.480581471451586,0.0002369132040607,270
-0.1814219234104733,0.8592541223819207,1.5122028976498998,-0.0003074179598251,270
-0.1804734419394875,1.3325982814785564,1.4616855136232716,-5.039773409015735e-06,270
-0.1771587044261885,1.0753847570099009,1.4848303235195033,-0.0002020546253737,270
-0.17421388485927,0.8182517838529209,1.5117004127513545,-0.0007386770940221,270
-0.173002076371178,1.2909891495516996,1.4657646898209893,0.0001572356792556,270
-0.1697371031450805,1.033790290073469,1.489105188592429,0.0001755406640301,270
-0.1668961857988882,0.7770837798390224,1.5135529325952186,-9.676414495748964e-05,270
-0.1655231864199608,1.2493586100162717,1.469921378788794,4.517063062583343e-05,270
-0.1624921629698837,0.991841650513248,1.497988636492137,0.0015881573862746,270
-0.1595088658756491,0.7356641310462155,1.5176446628323357,-0.000133693088731,270
-0.1579660606139641,1.207796747644901,1.473993981624564,-5.260301642279197e-05,270
-0.1552745956115203,0.9498643809180078,1.508003262046333,0.0004490516899271,270
-0.1521735228537691,0.6941807144268806,1.5220235684644527,0.0001004424326562,270
-0.1504547577381309,1.1661680866087916,1.4780081210659808,3.534451847902326e-05,270
-0.14745113069512,0.908154683715368,1.5126663960274294,-0.0005794367463317,270
-0.1429571480219886,1.124507646566111,1.482216195189467,3.431988102429312e-05,270
-0.1397751116688661,0.8671351313374405,1.510375865436412,-0.0009847554417351,270
-0.1354980110018392,1.082839076041381,1.486251818666688,-4.765248692263635e-05,270
-0.1325670731176628,0.8261327928084407,1.5098733805378666,6.445258264352327e-05,270
-0.1311537823340771,1.2985859404980915,1.466408965368585,0.000202174168955,270
-0.1280764097207312,1.0412446091049494,1.4905266837396132,-1.7279469414294146e-05,270
-0.1251847164978576,0.7846354332854045,1.5143266174652426,-0.0001764022401377,270
-0.1236748923828599,1.2569554009626636,1.4705656543363896,0.0001302305198082,270
-0.1206332916977581,0.999649399811584,1.4945870424733596,-4.5175031019792367e-05,270
-0.1177973965746184,0.7432157844925975,1.5184183477023594,-0.0001140990642856,270
-0.1162347590826356,1.215287834444093,1.4748434032227378,0.0001981531093034,270
-0.1134157243393947,0.957672130216344,1.5046016680275556,0.0027146193031016,270
-0.1087234562068024,1.173659173407983,1.4788575426641546,-4.841958873063462e-05,270
-0.1059639735754466,0.91624109998994,1.5083247244487898,0.0001088984152884,270
-0.1012945724328612,1.1320630316204434,1.4831443979775043,6.921716123044902e-05,270
-0.0982879545491927,0.8752215476120125,1.5060341938577724,-7.106444060772654e-05,270
-0.0938354354127119,1.0903944610957137,1.4871800214547253,7.91717582750151e-06,270
-0.0909372448429561,0.8336879834628594,1.5105437931047274,-0.0001462386297281,270
-0.0863943559989914,1.0487222843333468,1.491035090647769,1.4680355515647723e-05,270
-0.0835548882231509,0.7921906239398233,1.5149970300321036,-0.0001730254558455,270
-0.0819066975179412,1.2645531368076997,1.4712615900367083,-7.787578672010381e-05,270
-0.0789512379760183,1.0071270750399814,1.4950954493815154,-9.81654333998272e-05,270
-0.0744665642177169,1.222885570289129,1.4755393389230564,0.0001794274646425,270
-0.071479212338371,0.9656338878248972,1.4992572397968953,-3.7707828493438456e-05,270
-0.0670085503018895,1.1811814724645902,1.4795801610442016,-4.860676102050321e-05,270
-0.0640274615744229,0.9242028575984932,1.5029802962181296,-0.0002210687790583,270
-0.0595796665279483,1.13958533067705,1.4838670163575514,6.274859228359853e-05,270
-0.0566652492501739,0.8827903498684626,1.5071561572182903,-0.0001251496555269,270
-0.0521260007994857,1.097945792871054,1.488201341040304,4.9224602025506325e-05,270
-0.0493145395439374,0.8412567857193094,1.5116657564652454,2.2825469388532135e-05,270
-0.0446849213857653,1.0562736161086872,1.4920564102333476,8.12848275753772e-05,270
-0.0372881574393203,1.0146656299359078,1.4957950495134509,-0.0001155644864917,270
-0.0327537150311911,1.2304672521606157,1.4761355911163023,0.0001112781092669,270
-0.029816131801673,0.9731724427208236,1.4999568399288306,-0.0001499531202094,270
-0.0252957011153636,1.1887631543360766,1.4801764132374475,6.192276944597119e-05,270
-0.0223686780476618,0.9316782619072208,1.5043147150820673,-0.0001215567249134,270
-0.0178647435880953,1.1471132844606875,1.4845494133000476,5.6151403112561504e-05,270
-0.0150064657234129,0.8902657541771901,1.5084905760822285,-0.000206006094432,270
-0.0104110778596327,1.1054737466546911,1.4888837379828002,1.4219035612633713e-05,270
-0.0029564636696849,1.0639021165252451,1.4929498318223546,-6.115720445799833e-05,270
0.00444030027676,1.0222941303524655,1.4966884711024575,0.0001027134474487,270
0.0119083252443635,0.9807887595665225,1.5010487935061545,4.388091212169376e-05,270
0.0163827405856437,1.196329146524635,1.4808090413185238,-8.1049529450615e-05,270
0.0193557789983747,0.9392945787529194,1.5054066686593912,0.0001076835867017,270
0.0238136981129121,1.1546792766492462,1.485182041381124,8.951987965707953e-05,270
0.0313490940545687,1.113043858495618,1.489573851554005,7.691578057295034e-05,270
0.0388037082445165,1.0714722283661715,1.4936399453935592,4.092788675646997e-05,270
0.0461829946018242,1.0299322234832358,1.4976735324287018,-8.792822952443519e-05,270
0.0536510195694278,0.9884268526972924,1.5020338548323984,-8.074126160025064e-05,270
0.0656782995428268,1.1622305408238949,1.4860197556607548,0.0004128781148094,270
0.0732136954844834,1.1205951226702666,1.4904115658336354,8.525730974970336e-05,270
0.080606357881993,1.0789891308907462,1.4945199279092116,9.791502091983928e-05,270
0.0879856442393007,1.0374491260078105,1.498553514944354,-1.5548790463809636e-05,270
0.1149399523703893,1.1280937921918324,1.491124786051032,-0.0001107030494809,270
0.1223326147678988,1.086487800412312,1.495233148126608,-5.8533421448458967e-05,270
-0.986346684849529,0.7484872347490199,1.3637683121047732,0.0001455813308947,450
-0.9807242984513308,0.7071538296967221,1.371290706318541,-0.0003789181907911,450
-0.9501032539669486,0.7960092951540725,1.3568999115232714,0.0001726468613413,450
-0.9444706973831845,0.7547903387961263,1.3655727928920909,-9.230027647702532e-05,450
-0.938848310984986,0.7134569337438286,1.3730951871058588,0.0001515499763499,450
-0.9333019462472492,0.6720730367137244,1.380115567701571,-0.0003232109698613,450
-0.9138083619739316,0.8434036871594155,1.3510812707189188,-0.000201262107948,450
-0.90823505571819,0.8023020377119661,1.358583904924053,-0.0001833938709893,450
-0.902602499134426,0.7610830813540199,1.367256786292872,0.0001482593770115,450
-0.8970607898856586,0.7196732329596597,1.3747815461479964,-0.0004484370531534,450
-0.8915144251479217,0.6782893359295555,1.3818019267437087,-1.1046011318412152e-05,450
-0.8858750913602962,0.6371452383320337,1.3904482024950895,-6.774059459459941e-05,450
-0.8775530128555489,0.8907576191954976,1.3447577430692608,0.0001831284920391,450
-0.8719952462080349,0.8496365803785202,1.352789242927515,-0.0007043450935736,450
-0.8664219399522934,0.8085349309310709,1.3602918771326489,6.306502759421961e-06,450
-0.8608273760978983,0.7672971367382277,1.368706981221416,-0.0002287426289843,450
-0.855285666849131,0.7258872883438675,1.3762317410765408,0.0001699247780079,450
-0.8496766123453982,0.6845497111456618,1.3840074893649947,-0.0001195515012307,450
-0.8440372785577728,0.6434056135481399,1.3926537651163755,-4.743614869975876e-06,450
-0.841470261777669,0.9382060178150916,1.3374702439458788,-7.229646758764169e-05,450
-0.8384694334402428,0.6021680365878281,1.400961509655567,-0.0002397869844642,450
-0.8357572195233559,0.8969925027914636,1.3459594503671728,-0.0002075066331186,450
-0.830199452875842,0.8558714639744862,1.3539909502254273,-0.000128095936186,450
-0.8246155123475776,0.8147542571878685,1.362249160257328,-9.168650786409854e-05,450
-0.8190209484931823,0.7735164629950254,1.3706642643460956,8.117028467457404e-05,450
-0.8133846862017142,0.7322490024094894,1.3791297641493048,2.6963395067282347e-05,450
-0.8077756316979814,0.6909114252112837,1.3869055124377587,9.853502529452024e-05,450
-0.8055173732872467,0.9856822701213632,1.330238328563397,5.70979293146312e-05,450
-0.802247627646414,0.6496216980370523,1.3948974866287798,-7.822002091092961e-05,450
-0.7996602793755162,0.9444296034047912,1.3394425394532423,7.827717634437126e-05,450
-0.796679782528884,0.6083841210767406,1.403205231167971,2.1775510025107137e-05,450
-0.7939472371212031,0.9032160883811632,1.3479317458745363,2.794501937873617e-06,450
-0.7911183423205776,0.5672039562070885,1.4113443965950774,-0.0002172219097062,450
-0.7883445819314974,0.862052444291445,1.3561393072787875,-0.0002534251006936,450
-0.7827606414032329,0.8209352375048272,1.3643975173106886,-3.736199430003778e-05,450
-0.7771619572013042,0.7797187191393831,1.3728277740731532,-5.438189835896279e-05,450
-0.7715256949098361,0.7384512585538471,1.3812932738763624,5.247823055262724e-06,450
-0.769447254324629,1.033142671025594,1.3232211384202968,-3.399250527946762e-06,450
-0.7658948214770083,0.6972235804363727,1.3902886033811617,8.586049038664806e-05,450
-0.7637721634919121,0.9919514033347308,1.3316270749499468,-4.3965896485115286e-05,450
-0.7603668174254408,0.6559338532621413,1.3982805775721827,4.727186832439306e-05,450
-0.7579150695801815,0.950698736618159,1.3408312858397922,6.591942713544269e-05,450
-0.7548608806030134,0.6146516425924102,1.4057267671059688,-0.0001588074229378,450
-0.7521509305020394,0.9094907526800404,1.3497564728625524,-0.0003385235504468,450
-0.7492994403947069,0.5734714777227581,1.4138659325330751,-6.38361384609834e-05,450
-0.7465482753123336,0.8683271085903221,1.3579640342668036,1.615779291908037e-05,450
-0.7437595577646527,0.5322476256749407,1.4223522826032728,-1.6133514071169086e-05,450
-0.740895972628121,0.8271016388136904,1.3666327212066438,-2.808979131017908e-05,450
-0.7352972884261924,0.7858851204482462,1.3750629779691084,1.6720252205566777e-05,450
-0.7333202306201203,1.0805395369546695,1.3172914291388804,-0.0002138120455122,450
-0.7296587637509553,0.7445051043375397,1.384618888756897,0.000670570685689,450
-0.7275805493059626,1.03938911800526,1.3255966285218768,5.958337004348391e-06,450
-0.7240278903181274,0.7032774262200652,1.3936142182616962,-0.0003176079704408,450
-0.7219054584732456,0.9981978503143968,1.3340025650515268,-5.238174725612915e-05,450
-0.7185790765217852,0.6621975340202018,1.4007476728046138,-0.0004831492469527,450
-0.7162663647195966,0.9570298815004004,1.3422579833492332,-0.0001333153878716,450
-0.7130731396993578,0.6209153233504706,1.4081938623383998,-1.192833382625269e-05,450
-0.7105022256414545,0.9158218975622818,1.3511831703719932,2.724939784162772e-06,450
-0.7074842383585004,0.579614142757537,1.4163553436013472,-8.88189931883207e-05,450
-0.7047626205988727,0.8745348295632538,1.3602127657379812,-4.181030649821199e-05,450
-0.7019443557284464,0.5383902907097196,1.424841693671545,-1.128418971492462e-05,450
-0.6991103179146602,0.8333093597866219,1.3688814526778217,-7.024698435412202e-05,450
-0.6972089184065785,1.1279131245441003,1.312339883108396,-0.0002354729686715,450
-0.6962841907280557,0.4971834948891439,1.4331504257986236,1.9014870884376256e-05,450
-0.6933441771999573,0.7919636486375174,1.3796707632200549,0.0011970908940647,450
-0.6914954996062638,1.0868356627242566,1.3197576225897192,-0.0001169441093396,450
-0.6877056525247203,0.7505836325268109,1.3892266740078436,-7.045615484681245e-05,450
-0.685755818292106,1.0456852437748472,1.3280628219727155,5.5831640775189095e-06,450
-0.6822140839611945,0.7094593623898957,1.3959190361670029,-0.0005086148195376,450
-0.6800741423828731,1.0044808241819716,1.3362804450120924,-0.0001764659887838,450
-0.6767652701648524,0.6683794701900323,1.4030524907099204,-2.5813738528113195e-05,450
-0.6744350486292241,0.9633128553679752,1.3445358633097988,7.098499674944303e-06,450
-0.6712992965101505,0.6270583810617751,1.4104382709032042,-0.0001157156388464,450
-0.6688361165989256,0.922130320873498,1.352911789500325,-0.0001814223603685,450
-0.6657103951692931,0.5857572004688415,1.4185997521661515,-6.393427172738525e-05,450
-0.6630965115563439,0.88084325287447,1.361941384866313,0.0001541705370277,450
-0.6610959495125166,1.175256228168022,1.3075337555124766,-0.0002861346861975,450
-0.6600743516545728,0.5446341762872704,1.427250812586447,-7.73494661087254e-05,450
-0.657340258906363,0.8395330995608608,1.371106892729939,-7.986522236339694e-05,450
-0.6553532869709906,1.1341831619879883,1.3152086093708075,-0.0002135123032643,450
-0.6544141866541823,0.5034273804666948,1.4355595447135254,-2.8161019777352136e-05,450
-0.6515741181916603,0.7981873884117562,1.3818962032721722,0.0006928888024255,450
-0.6496398681706759,1.093105700168145,1.3226263488521308,-0.000286367825156,450
-0.6459044015326343,0.7568043959468636,1.3915692707084504,-0.0005497224836496,450
-0.6439656176271115,1.0519271667229888,1.330399756557609,-3.2895156922882474e-05,450
-0.6404128329691086,0.7156801258099486,1.39826163286761,-0.0002777303369523,450
-0.6382839417178786,1.0107227471301132,1.338617379596986,-0.0001781145316317,450
-0.6349272264497228,0.674450014681655,1.4052785193370902,-0.000337782595976,450
-0.6325691128240183,0.969507006859484,1.3468124443808571,2.4648811464265952e-05,450
-0.6294612527950209,0.6331289255533978,1.4126642995303742,-4.565121355475793e-05,450
-0.6269701807937198,0.9283244723650068,1.355188370571384,-5.576213417811393e-05,450
-0.6238878806036577,0.5919783020275432,1.4209522164206123,-6.37743171901517e-05,450
-0.6214107663396147,0.8870447618143216,1.3643239388747068,0.0003680310562857,450
-0.6192594902393007,1.181514667292199,1.3103649459614326,-1.462055187744643e-05,450
-0.6182518370889376,0.5508552778459721,1.4296032768409077,-9.283247649854998e-05,450
-0.6156545136896339,0.8457346085007124,1.3734894467383327,-0.0002392120025548,450
-0.6135168276977747,1.1404416011121656,1.3180397998197635,-0.0002714699766786,450
-0.6098891434986599,0.8044598689303601,1.3824841080895989,0.000272107937128,450
-0.6078358328946044,1.099346751881737,1.3254804428527212,-0.0001702961249949,450
-0.6042194268396339,0.7630768764654675,1.3921571755258768,0.0001979829058116,450
-0.60216158235104,1.0581682184365808,1.3332538505581994,-7.698884560780606e-05,450
-0.5986813372602464,0.7219057992282879,1.4003485412282373,-0.000705359154931,450
-0.5964127781305577,1.0169671559631066,1.3413146718159057,7.662803363796267e-05,450
-0.5931957307408606,0.6806756880999945,1.4073654276977177,0.0001135381440307,450
-0.5906979492366974,0.9757514156924773,1.3495097365997768,1.0974171127255128e-05,450
-0.587599381193977,0.6393352505473742,1.4154056147489438,-5.538648279408698e-05,450
-0.585074642044618,0.9345143060518276,1.3581189065048855,0.0001134040974681,450
-0.5820260090026139,0.5981846270215195,1.423693531639182,-0.0001160758067577,450
-0.5795152275905128,0.8932345955011425,1.3672544748082085,0.0002596964571983,450
-0.5738628033005124,0.8517636435707485,1.3770832013044771,0.0007685103947882,450
-0.5716949657025885,1.1466493333443244,1.3213865505136386,6.043461772894943e-06,450
-0.5680974331095383,0.8104889040003962,1.386077862655743,-0.0003442576540493,450
-0.5660139708994181,1.1055544841138958,1.3288271935465965,-0.0003867974605311,450
-0.5623866835820053,0.7693405813333257,1.3940997782115514,0.0001424788198316,450
-0.5602898334528736,1.0643683816787433,1.3362623557969076,0.0001786064734409,450
-0.5568485940026178,0.7281695040961461,1.402291143913912,-7.04207201901591e-05,450
-0.5545410292323913,1.0231673192052688,1.3443231770546138,-0.0003022858584877,450
-0.5513791435210538,0.6869321034247484,1.4104079445228164,8.389438626429935e-05,450
-0.5488103614793295,0.9819786577508088,1.3525886736614825,0.0002128625863176,450
-0.5457827939741702,0.6455916658721281,1.4184481315740425,-7.441267803484641e-05,450
-0.5431870542872501,0.9407415481101592,1.361197843566591,-3.4927383409238955e-05,450
-0.5374234630202123,0.8991068950182619,1.3725724204454153,0.0021890844881857,450
-0.5317710387302119,0.857635943087868,1.382401146941684,-0.00036956556691,450
-0.5262938689210829,0.8165764866785701,1.3890474564412796,-1.3668152078961935e-05,450
-0.5241220026585507,1.1117115113132692,1.3323133938659115,4.904449480679779e-05,450
-0.5205831193935498,0.7754281640114997,1.397069371997088,-0.0003325165389075,450
-0.518397865212006,1.0705254088781166,1.3397485561162226,-0.0001956244475164,450
-0.5150188040889069,0.7342858466099351,1.4050489772076338,-0.0002674117484718,450
-0.5127112606953352,1.0293447099808533,1.347489907732465,9.514448716715918e-05,450
-0.5095493536073428,0.6930484459385373,1.4131657778165383,-4.241043947639245e-05,450
-0.5069805929422734,0.9881560485263928,1.3557554043393332,-0.0001534550880153,450
-0.5012779632242137,0.9469600174621672,1.3642299746597333,0.0001392863538111,450
-0.4955143719571759,0.90532536437027,1.3756045515385575,0.0012482484377367,450
-0.4897852577160418,0.8637100269314646,1.3864286454280166,-0.0001423607823485,450
-0.4843080879069128,0.8226505705221667,1.3930749549276125,-0.0002769149494241,450
-0.4788643121409514,0.7815325313656457,1.3999102714402945,-5.873271975117417e-05,450
-0.4764109023126607,1.076763377902043,1.3438865762281704,0.0004902899830874,450
-0.4732999968363083,0.7403902139640811,1.4078898766508403,-0.0002382667246386,450
-0.4707242977959898,1.0355826790047793,1.351627927844412,-0.0001449028200937,450
-0.4651930594972523,0.9942853406962724,1.3589583419592477,0.0002163128053309,450
-0.4594904297791927,0.9530893096320469,1.3674329122796478,-0.0003542923850249,450
-0.4539052380071766,0.9118886384230274,1.3755691186882388,-9.091141447158112e-05,450
-0.4481761237660424,0.8702733009842221,1.3863932125776977,0.0008420185351763,450
-0.4424016090530819,0.8288384629205174,1.3964110400278698,-0.0005054334974289,450
-0.4369578332871204,0.7877204237639964,1.403246356540552,-5.233347970540203e-05,450
-0.4287609792035844,1.0417347552281,1.3561231249754553,0.0002958719378117,450
-0.423229740904847,1.000437416919593,1.3634535390902909,-7.510821505277154e-05,450
-0.4177104966994951,0.9592173632262896,1.3707051382789996,0.0001558339502386,450
-0.412125304927479,0.9180166920172704,1.3788413446875905,-8.111624988054594e-05,450
-0.4063990254492396,0.8766577048746738,1.3876059919845924,0.0008209528452242,450
-0.4006245107362791,0.8352228668109691,1.3976238194347643,0.0002179324598557,450
-0.3811393423545237,1.0065733779044472,1.368506470606571,0.000660624723849,450
-0.3756200981491718,0.9653533242111434,1.37575806979528,-0.0001731828886648,450
-0.3701514572179863,0.9242103554019356,1.3829137298017071,0.0004513561399556,450
-0.3644251777397471,0.8828513682593391,1.391678377098709,3.5116998976014724e-05,450
-0.3334467097553185,0.971358520464296,1.3815134606508606,0.0007298251491583,450
-0.327978068824133,0.9302155516550884,1.388669120657288,-0.0002899925634348,450
-0.9654073242319056,0.6162353036077821,1.1448458420454788,-0.0002441884217429,630
-0.9603528664648108,0.5828435064105351,1.170246276269737,0.0001329697276548,630
-0.934551034250496,0.6667099526667599,1.1346660894709577,0.0003031361844602,630
-0.9296161613320412,0.633235857599916,1.1601021680211905,-0.0002984167804299,630
-0.9245617035649464,0.5998440604026689,1.185502602245449,2.9581648414489518e-05,630
-0.9195721552436232,0.5663563738561326,1.2113305786384378,0.0002467454005132,630
-0.9035622820946088,0.7172051415188596,1.1230739570915875,0.0004536248684222,630
-0.8986743750915427,0.6838975747609667,1.1499995866562205,0.000183948681921,630
-0.8937395021730878,0.6504234796941227,1.1754356652064533,0.0001337917604353,630
-0.888726366204742,0.6168437163290126,1.2006275876373902,1.4881746829890907e-05,630
-0.883736817883419,0.5833560297824764,1.2264555640303794,0.0002207570352892,630
-0.8787368990518043,0.5498529174919151,1.252719902632072,0.000632880184407,630
-0.8729553534749936,0.7675551410524668,1.111493146547971,-0.000335245448222,630
-0.8677673068336852,0.7342134389585244,1.1378198601883844,0.0007690713447844,630
-0.8628793998306191,0.7009058722006314,1.1647454897530172,0.0001360548551317,630
-0.8579110991184906,0.6675055110632826,1.1904748261711344,-0.000702409830943,630
-0.8528979631501448,0.6339257476981724,1.2156667486020714,0.0001911756731006,630
-0.8478979245617927,0.6004322936215222,1.2417352893386724,0.0004218346008358,630
-0.842898005730178,0.5669291813309609,1.2679996279403654,0.0002780313416033,630
-0.8424230423246546,0.8178574945214954,1.101764123232252,-0.000368253354832,630
-0.8373313569165843,0.784552718171724,1.12690724855173,0.0004779718017161,630
-0.8368371853436218,0.5347106633747245,1.29739901872781,0.0056538720711615,630
-0.832143310275276,0.7512110160777816,1.1532339621921437,-4.7122742959301855e-06,630
-0.8270889332952318,0.7177668897468596,1.1792255377000114,-0.0001043501857947,630
-0.8221206325831033,0.6843665286095106,1.2049548741181286,-8.654598797822044e-05,630
-0.8171303439450188,0.6509410967312943,1.2310541882169723,0.0004440949390235,630
-0.8121303053566667,0.617447642654644,1.2571227289535734,6.591227577408543e-06,630
-0.8116032352376352,0.8681706391684311,1.0917958431591197,6.230121750327999e-05,630
-0.807166873538,0.5840028885175075,1.2830621159804592,0.0001910942102904,630
-0.8065535194691776,0.8347539721439245,1.117499800084932,-0.0001741370753457,630
-0.8014618340611075,0.8014491957941532,1.14264292540441,-0.0003644599521792,630
-0.8011060531514439,0.551784370561271,1.3124615067679035,-0.0014716270691957,630
-0.7964011302947791,0.768155070452351,1.1681311810376678,0.000246330047901,630
-0.7953096324301401,0.520221935539161,1.3425450776930776,0.0004413413886842,630
-0.7913467533147349,0.734710944121429,1.194122756545536,6.874595477893153e-05,630
-0.7862855263179463,0.701342640601262,1.2202105547548556,0.0003458956868764,630
-0.7812952376798619,0.6679172087230456,1.246309868853699,0.0002415319538211,630
-0.7812266789575544,0.919156966382176,1.0768578509597813,0.0025751873610896,630
-0.7763748693878546,0.6344345735560553,1.272596022432444,0.0005388517805456,630
-0.7756536333389147,0.8851313685529096,1.1067661419547532,0.0002768282985372,630
-0.7714114375691878,0.6009898194189187,1.2985354094593298,1.1831275739775104e-05,630
-0.7706039175704571,0.8517147015284032,1.1324700988805658,7.053147460767129e-05,630
-0.7664748473784984,0.5675813549641562,1.3240330738940629,-0.0001220135987181,630
-0.7656087253886356,0.8182978183779724,1.1585878837983206,0.0007686153625335,630
-0.7606784266571947,0.5360189199420462,1.354116644819237,-0.0015972592793025,630
-0.7605480216223073,0.7850036930361702,1.1840761394315784,-0.0004104088277822,630
-0.7555559350558794,0.7517829210088838,1.209574542953666,0.0006506020377518,630
-0.755057555016033,0.50461880678407,1.3853937187961067,0.0012110380275217,630
-0.7504947080590907,0.7184146174887167,1.2356623411629857,-4.01523201495127e-05,630
-0.7502692642684362,0.9695825976173316,1.0666419762735913,-0.0012621422385663,630
-0.7454992225204866,0.684969181857698,1.2617143851413717,0.0005545681405558,630
-0.7453104117430558,0.936110313295854,1.0921737325196852,0.0072354765172482,630
-0.7405788542284792,0.6514865466907075,1.288000538720116,0.000182103792544,630
-0.739737366124416,0.902084715466588,1.1220820235146571,-0.0001071401157885,630
-0.735671105576246,0.6180788638674377,1.3140263258106128,0.0001391342913762,630
-0.7346943871420453,0.8687057239902236,1.1476772451123871,7.57094199054717e-05,630
-0.7307345153855564,0.5846703994126753,1.339523990245346,-2.768777181445109e-05,630
-0.7296991949602237,0.8352888408397927,1.173795030030142,0.0001940776180766,630
-0.7251868973174206,0.5524876321674679,1.3680090236833995,0.0045889345101479,630
-0.7247590994502475,0.8020521406457897,1.1993535094154109,-0.0008544422350729,630
-0.7197670128838196,0.7688313686185032,1.2248519129374984,9.15497288255726e-05,630
-0.719566025676259,0.5210875190094917,1.3992860976602692,-0.0002292162030901,630
-0.7187626371206596,1.0212649065564,1.0532009998322,0.0073308162250207,630
-0.7148130282825773,0.7353720206539067,1.2510108279792431,0.0001193365246553,630
-0.7145196581302024,0.4895417130802759,1.4295052020854588,0.0023681304999447,630
-0.7138611322657398,0.9859743210609796,1.0861338451001123,-0.0001575173248695,630
-0.7098175427439732,0.701926585022888,1.2770628719576291,-1.3878684616080994e-05,630
-0.7089022797403592,0.9525020367395022,1.1116656013462063,0.0001274472594383,630
-0.7047426792686835,0.6685338950537261,1.3035432758841194,0.0007858334953861,630
-0.7039070619360305,0.9190919401415492,1.1370867890241736,-0.0002914821887202,630
-0.6998349306164502,0.6351262122304564,1.3295690629746162,2.292400501874292e-05,630
-0.6988640829536599,0.8857129486651848,1.1626820106219036,8.811199044320844e-05,630
-0.6950330367098223,0.6017224721993175,1.3553172259166375,0.000259071613994,630
-0.6939435415697924,0.8523321308679184,1.18866001089556,6.312861529497726e-05,630
-0.6894854186416863,0.5695397049541101,1.3838022593546908,-0.0015787800499793,630
-0.6890034460598162,0.8190954306739152,1.214218490280829,-0.00032043891153,630
-0.6874024371517811,1.07319039190897,1.0356096314007763,-0.0002137436608364,630
-0.684539416747735,0.5361202936682286,1.4096941203804565,-0.003256197439567,630
-0.6840815196367324,0.7857533491706064,1.2395847953930286,-0.000165899436794,630
-0.6829155388255821,1.0382406910842257,1.0688336215942833,0.0125501262955613,630
-0.6794930492016782,0.5045744877390127,1.439913224805646,-0.0016850102702183,630
-0.6791275350354902,0.7522940012060099,1.2657437104347733,0.0001298138516998,630
-0.6780140339706622,1.002950105588805,1.1017664668621956,-0.000169938768697,630
-0.6740134821765087,0.7188559272281582,1.293313294502413,0.0019875297459553,630
-0.6730533426687999,0.9695191235002834,1.126760364942148,-6.654828067953478e-05,630
-0.668938618701219,0.6854632372589964,1.3197936984289034,-0.0002888697579189,630
-0.6680581248644711,0.9361090269023304,1.1521815526201151,-0.000102125381627,630
-0.664026091924681,0.6521183029914764,1.3448887542803776,-0.0001725212281791,630
-0.6630451721411483,0.9026842695911568,1.1776403019016617,1.6678710745766934e-05,630
-0.6592241980180531,0.6187145629603377,1.370636917222399,0.0001439387017245,630
-0.658124630757281,0.8693034517938903,1.2036183021753184,0.0001036861542173,630
-0.6540678434213323,0.5862240907926812,1.399308744068898,0.0039656501952235,630
-0.6532487639062213,0.8360545621008477,1.2295082775459458,-0.0002358444612393,630
-0.6511771872826753,1.0893058141314544,1.0527167489142522,0.0025239787494018,630
-0.6491218415273807,0.5528046795067996,1.4252006050946635,0.0012025022519439,630
-0.6483268374831375,0.8027124805975387,1.254874582658145,2.688742711023928e-05,630
-0.6466902889564763,1.05435611330671,1.0859407391077591,0.0052453832829702,630
-0.6432941698368184,0.7693518601683141,1.281338453609115,0.0014341727566598,630
-0.6421162325569583,1.0198837412282606,1.1175974642578024,0.0002040036243739,630
-0.638180116977837,0.7359137861904624,1.3089080376767546,0.0004856847357079,630
-0.637155541255096,0.986452759139739,1.1425913623377548,-0.0002026836271564,630
-0.6332533167588069,0.7025363506537148,1.3353939120779268,-0.0003440085871239,630
-0.6322383191268591,0.9530481839289338,1.1679567645765054,0.0006387497412824,630
-0.6283407899822689,0.6691914163861947,1.360488967929401,-5.991048668268356e-05,630
-0.6272253664035363,0.9196234266177602,1.193415513858052,-0.0002391370463991,630
-0.6234165309282014,0.6357692540797435,1.3858913719668366,0.0001339212817423,630
-0.6223020066923945,0.8862831907873777,1.2187908688808196,0.0003575432217711,630
-0.6182601763314804,0.6032787819120871,1.4145631988133358,-0.000441303260826,630
-0.6174261398413348,0.8530343010943351,1.2446808442514468,-0.0001758896087136,630
-0.6125497665224446,0.8197862369276764,1.2705440940758763,0.000321026810944,630
-0.6107285202446511,1.0712881689279197,1.10141891038985,0.0092790845915675,630
-0.6075170988761256,0.7864256164984518,1.2970079650268462,7.033538495466313e-05,630
-0.606154463845133,1.0368157968494705,1.133075635539893,6.862662468021252e-06,630
-0.6025197532979799,0.7530662966120827,1.32328990744371,2.3005807004788936e-05,630
-0.6012844160085098,1.0034378202755811,1.1585576066353025,5.323760389229493e-05,630
-0.5975929530789498,0.719688861075335,1.349775781844882,0.0002517376979283,630
-0.596367193880273,0.970033245064776,1.183923008874053,-3.5441371868345783e-05,630
-0.5923439969256137,0.6870023777006418,1.3786085210249854,0.0034046469259056,630
-0.5914255188495331,0.9366838440000064,1.2091415313684877,-0.0001435850662668,630
-0.587419737871546,0.6535802153941905,1.404010925062421,0.0008717355266674,630
-0.5865021591383912,0.903343608169624,1.2345168863912548,1.982144564636329e-05,630
-0.5816625221776219,0.8699687102612926,1.2601226549161044,7.602221748813365e-05,630
-0.5767861488587318,0.8367206460946339,1.285985904740534,-0.0001423032988869,630
-0.5719200225321455,0.8030299296854686,1.3135962721891743,0.0027447444552935,630
-0.5703313558866826,1.053804184175763,1.1482656984532071,-0.0004068989146557,630
-0.5669226769539997,0.7696706097990996,1.339878214606038,-0.0012498753632673,630
-0.5654613080500593,1.0204262076018735,1.1737476695486166,7.878504884949178e-06,630
-0.5619342197451725,0.7367798241664409,1.364749115922669,0.000498777243501,630
-0.5605541062933905,0.9870706071500016,1.1995246308950516,3.241808958549114e-05,630
-0.5566852635918365,0.7040933407917478,1.3935818551027723,-0.0002674264690872,630
-0.5556124312626506,0.953721206085232,1.224743153389486,-0.000225357078788,630
-0.550584318527821,0.9197760402664776,1.2534503727587514,0.0054112574791422,630
-0.5457446815670517,0.8864011423581464,1.279056141283601,-0.0016584041447223,630
-0.5408491118158956,0.8528211559586447,1.3060851573030203,0.0077004345372222,630
-0.5359829854893092,0.8191304395494794,1.3336955247516609,-0.0013635407965167,630
-0.5314841291331904,0.7863879847788182,1.3566470290400043,-3.3238146998695872e-06,630
-0.5296511413333971,1.037347150093595,1.1900641252405286,0.0016314124604175,630
-0.5264956719243632,0.7534971991461596,1.3815179303566354,-0.0012106033016904,630
-0.5247439395767282,1.0039915496417229,1.2158410865869635,-0.0004507646440632,630
-0.5199169404633993,0.9706632046561704,1.2406883509786573,0.0002186168257258,630
-0.5148888277285696,0.936718038837416,1.2693955703479225,0.0019266678567643,630
-0.5098095031970461,0.9026542939366324,1.2994758699935225,0.00226742991729,630
-0.50491393344589,0.8690743075371308,1.3265048860129418,2.482920155061352e-06,630
-0.5006875951647214,0.835692856013956,1.3501701925119156,-0.0033542479168252,630
-0.4961887388086026,0.8029504012432949,1.373121696800259,-0.0015773757910307,630
-0.4888881957914593,1.0209346939945312,1.2325741433254216,0.0006531921635648,630
-0.4840611966781304,0.9876063490089786,1.257421407717115,-0.0002864742706218,630
-0.4790995124518644,0.953003207100518,1.2878353580469784,0.00960652881788,630
-0.4740201879203409,0.9189394621997344,1.317915657692578,-0.0014032344044465,630
-0.469729957237842,0.8855305103841653,1.343408397111752,0.0015079396708163,630
-0.4655036189566734,0.8521490588609906,1.3670737036107257,-0.0017203623635772,630
-0.4485398714509435,1.003682593738343,1.276093025800461,0.0029947474958486,630
-0.4435781872246774,0.9690794518298822,1.3065069761303243,0.0011966046491374,630
-0.4382550482028373,0.9348357433777305,1.3378965230857114,0.0046630831361277,630
-0.4339648175203385,0.9014267915621612,1.3633892625048851,-0.0010328633609828,630
-0.4084440095467216,0.985054040255656,1.3242805647039595,0.00784466533105,630
-0.4031208705248815,0.9508103318035044,1.3556701116593466,-0.0012123341068342,630
-0.9298359416069908,0.5919900873756743,1.1949276132613842,-0.0001394685506703,810
-0.9247280483286244,0.5546743910899801,1.2143148589305452,0.0001693067648693,810
-0.8954621331519811,0.6400696692538625,1.1850471663251434,2.7711415898891423e-05,810
-0.8903554322265865,0.6030589663266057,1.205880429480585,-0.0002101771264593,810
-0.8852475389482202,0.5657432700409115,1.225267675149746,3.475021398003514e-05,810
-0.8801463482628502,0.5283881469271023,1.2450232101006993,0.0001898408535553,810
-0.8611309789613344,0.6885905093366089,1.1762941203032349,0.0002569922887958,810
-0.8560088972878247,0.651067138100418,1.195173650769835,0.0005627769247717,810
-0.8509021963624301,0.6140564351731612,1.216006913925276,-3.342248612684534e-05,810
-0.8457895423714987,0.5767920790185059,1.2358986023125795,-0.0001698772590561,810
-0.8406883516861288,0.5394369559046968,1.2556541372635328,8.083647099439706e-05,810
-0.8355686579188335,0.502073023078393,1.2754648386452705,-7.945970133164254e-05,810
-0.8269591789345995,0.7374398318539626,1.1685909706705235,1.1009496883131188e-05,810
-0.8216001845407064,0.6998626981816993,1.187859182738643,-0.0003740703111294,810
-0.8164781028671966,0.6623393269455085,1.2067387132052434,7.809321151194121e-05,810
-0.8114206220139868,0.6250523033093685,1.2261949794634717,-0.0001042796656663,810
-0.8063079680230553,0.5877879471547132,1.2460866678507752,0.0001088548016635,810
-0.8012037145958293,0.5504722621900224,1.2662741954548242,0.0002298058791487,810
-0.796084020828534,0.5131083293637186,1.2860848968365617,5.541509118811572e-05,810
-0.7928744386527817,0.7859106964659325,1.159562084761422,-0.0001304856819898,810
-0.7910769551946351,0.4757882443807832,1.3054581594446824,-0.0004209889210807,810
-0.7873625990221057,0.7483798871250926,1.178691318852389,0.0002583023876723,810
-0.7820036046282126,0.7108027534528294,1.1979595309205089,0.0001602242974998,810
-0.7769719576400711,0.6734259455095012,1.2174758447004386,-0.0001618220702609,810
-0.7719144767868612,0.6361389218733612,1.2369321109586668,-3.18823241141214e-05,810
-0.7668632040690173,0.5988119746975459,1.2570484728701703,0.0005373472093939,810
-0.7617589506417912,0.5614962897328551,1.2772360004742194,-8.95993643471385e-05,810
-0.7582735635003164,0.8340587565302966,1.150600529416621,6.419023888525749e-05,810
-0.7567659603027175,0.5242287119304896,1.2965490773572568,-0.0005585544333765,810
-0.7530328120361636,0.7966755607035553,1.1696449983280894,0.0001880806856611,810
-0.7517588946688187,0.4869086269475542,1.3159223399653772,-2.8942777945198395e-06,810
-0.7475209724054876,0.7591447513627154,1.1887742324190569,1.3242647574046584e-05,810
-0.7466690238299367,0.4496129200946855,1.3360183541366986,0.0002755014997271,810
-0.7424395089687115,0.7218444909848472,1.2087285522493063,0.00015439248656,810
-0.73740786198057,0.684467683041519,1.228244866029236,6.323179498224363e-05,810
-0.7323878839864815,0.6472179571987743,1.24814327599419,0.0004183209472128,810
-0.7273366112686376,0.609891010022959,1.2682596379056936,0.0002149622708444,810
-0.7235348421265,0.8819929700573521,1.1409985457707363,-0.0001161941201726,810
-0.7223325347462327,0.5725383419099501,1.287743298896411,-0.0002751686959196,810
-0.7182783329777171,0.8447725685705239,1.1610342716551554,0.0002604054379096,810
-0.717339544407159,0.5352707641075847,1.3070563757794482,4.079715022608371e-05,810
-0.7130375815135644,0.8073893727437826,1.1800787405666238,-0.0001346034956934,810
-0.7122450693608032,0.498010640519459,1.3270738548195378,0.0005885745522791,810
-0.7078960443833828,0.7701850276655435,1.1994678981350049,0.0003043115412011,810
-0.7071551985219212,0.4607149336665903,1.347169868990859,0.0001261021507546,810
-0.7028145809466066,0.7328847672876753,1.2194222179652543,0.0002504231392397,810
-0.7018345439349842,0.4240597930156458,1.368503168625975,0.0017154885393757,810
-0.6976830480674531,0.6955288871355363,1.240521390798785,0.0016243131808653,810
-0.6926630700733647,0.6582791612927916,1.260419800763739,-0.0001088978929395,810
-0.6889673441847003,0.9301696035619328,1.1317336747436335,0.0001548412672606,810
-0.687763502585391,0.620985107503934,1.27913585213708,0.0002487488745953,810
-0.6837997129424003,0.8928529045630352,1.1514962085727811,0.0005967196971459,810
-0.6827594260629861,0.5836324393909251,1.2986195131277976,5.660649354222169e-05,810
-0.6785432037936174,0.8556325030762071,1.1715319344572002,-2.228114528330521e-05,810
-0.6777835211821581,0.546356350175409,1.3182222368887038,0.0002620035336057,810
-0.6734660614647653,0.8184125010193947,1.1907658054547678,-0.0004773786900561,810
-0.6726890461358024,0.5090962265872834,1.3382397159287935,1.4607033813292258e-05,810
-0.6683245243345837,0.7812081559411557,1.210154963023149,-7.354601179041659e-05,810
-0.6675682673661801,0.4717248181113461,1.3580205033416042,0.0001569239436724,810
-0.663253900553173,0.7440047933337125,1.230451499301861,0.0003336448543597,810
-0.6622476127792432,0.4350696774604017,1.3793538029767205,-0.0008037669966715,810
-0.6581223676740193,0.7066489131815735,1.2515506721353915,0.000374273557477,810
-0.6568692379661167,0.3988466737805406,1.4025599891341156,0.0018583190586089,810
-0.6545446477778237,0.9793568199752662,1.11984781831627,0.0024202703388478,810
-0.6530401189010029,0.6692389532285257,1.271498783690745,-0.0008500832757626,810
-0.6493005821700635,0.9412796539884424,1.1426322677043586,1.9467206021799025e-05,810
-0.6481405514130292,0.6319448994396679,1.290214835064086,-3.002226574247424e-06,810
-0.6441329509277636,0.9039629549895448,1.162394801533506,7.895745546678684e-05,810
-0.6431538510835005,0.5947334325413092,1.3098074120455696,8.280692370948167e-05,810
-0.6389171871040047,0.8666673915821397,1.1822853685012389,0.0002024383271586,810
-0.6381779462026727,0.557457343325793,1.3294101358064758,0.0001163433372716,810
-0.6338400447751524,0.8294473895253274,1.2015192394988066,-7.036514806117722e-05,810
-0.6331149255746145,0.5201730645926143,1.3494940560810418,0.0007147910155037,810
-0.6287981276417278,0.7922097927283123,1.220978110636123,0.000395403674589,810
-0.6279941468049921,0.4828016561166771,1.3692748434938524,0.0001072739308298,810
-0.6237275038603172,0.7550064301208691,1.2412746469148348,8.485248583506994e-05,810
-0.6229749327634233,0.4453161156499839,1.3888961726958309,0.0004986467113074,810
-0.6199171081448387,1.027770755855784,1.11214776704843,-0.0014596942972346,810
-0.6186480703024734,0.717750814463069,1.2612402478559552,0.0001166932781123,810
-0.617596557950297,0.4090931119701227,1.4121023588532262,-0.0009214385259587,810
-0.614765896801694,0.9903769954813256,1.1314826362352857,0.0057298859379019,810
-0.6135658215294569,0.6803408545100211,1.2811883594113087,0.0003240790737219,810
-0.6095218311939339,0.9522998294945018,1.154267085623374,-5.137019011565436e-05,810
-0.6085682886105617,0.6430512086249343,1.3012617114252956,1.3120165780228232e-05,810
-0.6045901725039,0.9150687160832564,1.1732718596804368,0.0003944703214657,810
-0.603581588281033,0.6058397417265755,1.320854288406779,6.630219324312708e-05,810
-0.5993744086801411,0.8777731526758512,1.1931624266481695,-4.054486527079598e-05,810
-0.5985464919356271,0.5685172850690614,1.3405124670416653,0.0002484800701776,810
-0.5941819720721324,0.8404333671022997,1.2128417583324227,0.0001830174759153,810
-0.593483471307569,0.5312330063358827,1.3605963873162312,0.000100086701278,810
-0.5891400549387079,0.8031957703052846,1.232300629469739,-9.539865661455094e-05,810
-0.588420687763263,0.4938434043314144,1.380608790537475,0.0002675197055129,810
-0.5840761724370153,0.7659910217704274,1.2522395552674643,0.0006795438021978,810
-0.5834014737216942,0.4563578638647212,1.4002301197394538,0.0001872483421487,810
-0.5800249552342094,1.038035130394516,1.127167773698574,4.849661566930924e-05,810
-0.5789967388791715,0.7287354061126273,1.2722051562085848,-2.402279270968116e-05,810
-0.5748737438910647,1.0006413700200576,1.14650264288543,2.1985637457679064e-05,810
-0.5740275294376034,0.6915491816494599,1.2919835747881123,0.0002630076356492,810
-0.5698699935270826,0.9633433894713856,1.1658141207884272,-0.0002785362614429,810
-0.5690299965187082,0.654259535764373,1.3120569268020992,0.0001957304822736,810
-0.5649383348370487,0.9261122760601402,1.1848188948454896,-8.644277845757525e-05,810
-0.5639684103984677,0.6169656678852546,1.3320570587840102,0.0002860247771112,810
-0.5597577156443381,0.8888452946109073,1.2043690305023975,0.0006784171596454,810
-0.5589333140530617,0.5796432112277407,1.3517152374188963,0.0001734228870017,810
-0.5545652790363294,0.8515055090373559,1.2240483621866505,5.177561856388457e-05,810
-0.5539257705999696,0.5423372772441646,1.3720816954137185,0.0009712360635132,810
-0.5500400522233313,0.8143873532004011,1.2414847728553289,-0.0027243906877355,810
-0.5488629870556637,0.5049476752396963,1.3920940986349626,0.0001510910280801,810
-0.5449761697216386,0.7771826046655441,1.2614236986530545,0.000465057927722,810
-0.5394826725069446,0.7398584037000577,1.2833465981423604,-2.8075874725537464e-05,810
-0.5352950212001828,1.011697117630702,1.158411146879781,0.0011355260137581,810
-0.5345134630653765,0.7026721792368904,1.303125016721888,5.340972692249174e-05,810
-0.5302912708362008,0.97439913708203,1.177722624782778,-0.000197653822501,810
-0.5295039128628756,0.6654129762001,1.3226959710966888,-0.0001159649290373,810
-0.5253532722894294,0.9371430763393372,1.1964062750360651,0.0003481384793664,810
-0.524442326742635,0.6281191083209816,1.3426961030785995,0.000181726560386,810
-0.5201726530967188,0.8998760948901043,1.2159564106929728,-0.0002511012010779,810
-0.5192974241413981,0.5907880436361024,1.363295542535858,0.000654522860673,810
-0.5150572436913713,0.862594910087114,1.2351925321458297,-5.675602183807804e-05,810
-0.5142898806883061,0.5534821096525262,1.38366200053068,0.0002257677009926,810
-0.5105320168783731,0.8254767542501593,1.252628942814508,-0.0002033450980064,810
-0.5054348239349521,0.7882163218786102,1.273181051311906,0.0042572554917182,810
-0.499941326720258,0.7508921209131239,1.295103950801212,-0.0002974330760435,810
-0.4949612888469831,0.7138055848271778,1.3139883523922458,2.531269671011277e-05,810
-0.4906755527762274,0.9854087872829256,1.1899316563661535,0.0001221789348086,810
-0.4899517386444821,0.6765463817903875,1.3335593067670466,0.0001277204199656,810
-0.4857375542294561,0.9481527265402327,1.2086153066194405,-0.0002353774493064,810
-0.484836803844252,0.6392989857100847,1.3539316248251674,0.001001300003348,810
-0.4807249171214379,0.910974771312646,1.2272715050292882,0.0001367863873222,810
-0.4796919012430151,0.6019679210252054,1.3745310642824258,0.0002946704065898,810
-0.4756095077160904,0.8736935865096556,1.2465076264821446,-4.776623091561766e-05,810
-0.4705508247226221,0.8364042472824968,1.2656913294508207,6.1707171710514985e-06,810
-0.465453631779201,0.7991438149109478,1.2862434379482188,0.0002775985561096,810
-0.4603399073715074,0.7618204407209361,1.3065854318370629,-0.0001273468186369,810
-0.4553598694982325,0.7247339046349901,1.3254698334280963,-0.0003893906604782,810
-0.4503007958241023,0.6878147795956295,1.345530258520862,0.0010646148845388,810
-0.4460965781263822,0.959058942857046,1.2209052782406362,0.000558909485829,810
-0.4451858610238721,0.6505673835153267,1.365902576578983,0.0001576815467792,810
-0.441083941018364,0.9218809876294594,1.239561476650484,-0.0005706196626515,810
-0.4361130015828319,0.8847368644500084,1.2579220913335436,0.0001650820451696,810
-0.4310543185893636,0.8474475252228497,1.2771057943022197,-0.000246309494297,810
-0.4259865052951776,0.8097529126926717,1.2993219645680445,0.0038187332704482,810
-0.420872780887484,0.77242953850266,1.3196639584568883,-0.0012720125876353,810
-0.4159254642077489,0.7352635835393636,1.3389312764482597,0.0022354084389412,810
-0.4108663905336187,0.6983444585000029,1.358991701541025,-0.0016705038815161,810
-0.401514531335421,0.9326758692873868,1.252178631505434,0.0004644696651577,810
-0.3965435918998888,0.895531746107936,1.2705392461884937,-0.0006297853093685,810
-0.3916093129501679,0.8584097769913666,1.2891504262184796,0.0006529606155476,810
-0.3865414996559819,0.8207151644611885,1.3113665964843046,0.0012124770152088,810
-0.3814179314433478,0.7829562878464322,1.3339053489598751,0.0011309699791094,810
-0.3764706147636127,0.7457903328831359,1.3531726669512465,-0.0005487904991655,810
-0.3568915525431317,0.9064473694100684,1.2839757394339577,0.0010317875681338,810
-0.3519572735934108,0.8693254002934989,1.302586919463944,-0.0003784599438796,810
-0.3466599319010318,0.8309612681441078,1.3265632317160372,0.0087998507739764,810
-0.3415363636883978,0.7932023915293515,1.349101984191608,-0.001316906433089,810
-0.3122939066472913,0.8802239277239845,1.3164513741641557,0.0011380597495592,810
-0.3069965649549124,0.8418597955745932,1.3404276864162488,0.002619668879396,810
-0.8659640331347285,0.5729639390553067,1.318315742971277,0.0002162761512206,870
-0.8561634736592395,0.5331450779411196,1.3297660552161803,7.227907777085374e-05,870
-0.8344903650657292,0.6219828149327722,1.3033394864536143,8.010903875473041e-05,870
-0.8246765167517058,0.5821651708835552,1.3145623104794035,3.893275198139923e-05,870
-0.8148759572762169,0.5423463097693682,1.3260126227243068,0.0002088908466418,870
-0.8050993910040176,0.5025068601567821,1.336830832362114,-0.0001309711463804,870
-0.8028861054918228,0.6710247588038583,1.2894200059006775,-0.0001082218257541,870
-0.7931384665769499,0.6311425686341472,1.2996700042019893,0.0002097469842188,870
-0.7833246182629264,0.5913249245849302,1.3108928282277783,0.0001740112502938,870
-0.7735948771892596,0.5515334815213337,1.3218150379229896,-3.088438484979972e-05,870
-0.7711839225990467,0.72006276070417,1.2750392482112267,0.0004083551711977,870
-0.7638183109170602,0.5116940319087477,1.332633247560797,0.0001511839623538,870
-0.7615359553599998,0.6802464670709074,1.2857891979047795,-0.000286846559399,870
-0.7540257302730096,0.471707874107976,1.343434857940348,0.0001431917246919,870
-0.7517883164451269,0.6403642769011962,1.296039196206091,0.0001606196864362,870
-0.7419635094679405,0.6004942485714685,1.3071225995942126,1.9182559036039212e-05,870
-0.7397378644098993,0.7691104007623044,1.2595783317474796,0.0001505489318324,870
-0.7322337683942737,0.560702805507872,1.318044809289424,5.448633217527282e-05,870
-0.7299716010770441,0.7291528827074547,1.2703185823511378,-0.0002600303382652,870
-0.7224858475177194,0.5207985868718092,1.3287425199190266,0.0001106239000782,870
-0.7203236338379972,0.689336589074192,1.2810685320446908,4.905802999211062e-05,870
-0.7126932668736687,0.4808124290710376,1.339544130298577,0.000191130578178,870
-0.7104181448023281,0.6495699326105057,1.2924468570395962,0.0002696597330346,870
-0.7082127222137425,0.8179451215052573,1.245520830185976,-0.0005203817739407,870
-0.7028579544333023,0.4409080415611658,1.350917127581995,0.0002454616371629,870
-0.7005933378251419,0.6096999042807779,1.3035302604277177,0.000154494216234,870
-0.6984906356965007,0.7782286579863447,1.2560876608713962,0.0003781903097628,870
-0.6909062321840396,0.5698032258450254,1.314041446561807,-6.815008570857511e-05,870
-0.6887243723636456,0.738271139931495,1.2668279114750545,-9.741419871125978e-05,870
-0.6811583113074853,0.5298990072089627,1.3247391571914098,0.0001954135938595,870
-0.6788130790305398,0.6983747588800224,1.2780893097735535,0.0007144700624834,870
-0.6766792061862086,0.8668281532020284,1.2307684385902369,0.0006060465819889,870
-0.6713101838917857,0.4900876242934353,1.3364474203866097,0.0002529982089991,870
-0.6689075899948707,0.6586081024163359,1.289467634768459,-0.0002516824619141,870
-0.6668192109588977,0.8270058488981169,1.2419418707675904,-0.000326380097103,870
-0.6614748714514193,0.4501832367835635,1.3478204176700268,0.0001960272459465,870
-0.6592781106746912,0.6188175074038573,1.299556942777158,-7.53413891773913e-05,870
-0.6570971244416559,0.7872893853792042,1.2525087014530103,0.0002546086947921,870
-0.6516627574685996,0.4103222892062595,1.358972799742539,0.0001100689868055,870
-0.6495910050335889,0.5789208289681048,1.3100681289112477,5.530201265389889e-05,870
-0.6472890401234486,0.7475201611669076,1.26334498402883,-7.221985429551464e-05,870
-0.6453142017557585,0.9159373757962216,1.2152721748355635,8.506350655711203e-06,870
-0.639773262655948,0.5391428898418782,1.3215038648050834,0.0002630683082632,870
-0.6373777467903428,0.7076237801154349,1.2746063823273293,0.0005775943332526,870
-0.6355697430539599,0.8759984671044677,1.2259006029054966,-4.713213061698085e-05,870
-0.6299251352402484,0.4993315069263508,1.333212128000283,0.0002094906700256,870
-0.6275571175014437,0.6676983939701284,1.2856023531988292,-0.0002498767066114,870
-0.625709747826649,0.8361761628005562,1.2370740350828502,-3.27654897707072e-05,870
-0.6200800479080867,0.459421251313616,1.3442921303531454,0.0001913722706366,870
-0.6179276381812644,0.6279077989576498,1.295691661207528,9.460329343453922e-05,870
-0.615737275905899,0.7963667313932608,1.248826196758913,0.0002758534293282,870
-0.6138675428637683,0.9649467419677352,1.2011405925078975,-0.0001663566161729,870
-0.610267933925267,0.419560303736312,1.3554445124256576,0.0001994414171852,870
-0.60824201947719,0.5880943084397972,1.3064349248594225,7.236364732036982e-06,870
-0.6059291915876917,0.756597507180964,1.2596624793347324,-0.0003691205921932,870
-0.6039353452338222,0.9250716845614704,1.212003638651446,0.0003275012919226,870
-0.6006647763933316,0.3797934958288072,1.366508003201485,-0.0002820897219231,870
-0.5984242770995492,0.5483163693135705,1.317870660753258,0.000248159938359,870
-0.5961320724605764,0.7168465502692446,1.2702320064261672,0.0001690281785086,870
-0.5941908865320236,0.8851327758697167,1.222632066721379,2.871212281780472e-05,870
-0.5886363277946889,0.5084740136122765,1.329136030701732,-1.6046294699617603e-05,870
-0.5863114431716774,0.6769211641239381,1.2812279772976671,9.04467373497378e-05,870
-0.5845002504326944,0.8452487511082123,1.2330637883110236,0.0001304847715158,870
-0.5823783381913534,1.0139037840509977,1.187806370381621,-0.0003924481566427,870
-0.5787912404625272,0.4685637579995416,1.340216033054594,0.0002021717344014,870
-0.5765924604656967,0.637023066176577,1.2920561810217164,-7.316547616010444e-05,870
-0.5745277785119445,0.8054393197009169,1.2448159499870863,0.0002621709565838,870
-0.5724998620513895,0.974031017421806,1.197944600616283,0.0003131660575971,870
-0.5689989677895865,0.4287755702719433,1.3515226559928522,-0.0001791817521319,870
-0.5669068417616223,0.5972095756587243,1.3027994446736106,-5.320174648990039e-05,870
-0.5646252514788476,0.7655816915126656,1.2561385816294377,-3.8564160603320186e-05,870
-0.5625676644214435,0.9341559600155408,1.2088076467598317,-0.0001194657521006,870
-0.5593958102576511,0.3890087623644385,1.3625861467686795,0.0002419832500086,870
-0.5571330517103367,0.5573424787743162,1.3134440559859522,0.0001082464785798,870
-0.5548281323517323,0.7258307346009463,1.2667081087208725,-0.0001871766277913,870
-0.5527307506172292,0.894325788221652,1.2194623010704837,5.4161671315368365e-05,870
-0.549717709161959,0.349176514145641,1.373641970392342,1.3523556973059347e-05,870
-0.5473451024054763,0.5175001230730223,1.3247094259344263,0.0001987897432797,870
-0.545091535919647,0.6861206347476485,1.2773141659589335,-0.0001755566951321,870
-0.5430401145179,0.8544417634601476,1.2298940226601285,1.911442167041449e-05,870
-0.5410324812699971,1.022954737381673,1.1851281744213933,0.0001788875023964,870
-0.5375546900317246,0.4778290472659298,1.336462751988741,6.015597476514978e-05,870
-0.5353725532136662,0.6462225368002874,1.288142369682983,0.00024757762823,870
-0.5331164928901515,0.8144096240462759,1.2422760119974958,0.0011854515328724,870
-0.5311540051300332,0.9830819707524812,1.195266404656055,-0.0004772857393126,870
-0.5277624173587839,0.4380408595383315,1.3477693749269994,0.0001642984047494,870
-0.5255997764280269,0.6062422073101805,1.2987675071633964,-4.272967148626072e-05,870
-0.5232139658570547,0.7745519958580247,1.2535986436398474,-0.0006936452249099,870
-0.5212796094950672,0.9432332571891888,1.2055792566457826,0.0001909701718002,870
-0.5180795123681148,0.3981545292582776,1.3586989560600775,-0.0001220592403229,870
-0.5158259863767412,0.5663751104257724,1.309412118475738,7.187308466374137e-05,870
-0.5135418482914286,0.7349509497739345,1.2631402218450023,-1.073314011422466e-05,870
-0.511442695690853,0.9034030853953,1.2162339109564344,-0.0003159817473441,870
-0.5084014112724228,0.3583222810394801,1.3697547796837402,0.000142898216757,870
-0.5060042300846387,0.5266834295235481,1.320801624728955,3.1419626320500216e-05,870
-0.5038052518593432,0.6952408499206368,1.2737462790830636,-0.0001314258748163,870
-0.5015345057562135,0.8635327206205883,1.2269543384715462,0.0003701381699288,870
-0.496213817710887,0.4870123537164557,1.3325549507832697,0.0002584131293826,870
-0.49402785078983,0.6554694707205633,1.2846535699024115,0.000199181754709,870
-0.4916108841284649,0.8235005812067168,1.239336327808914,0.0007739099744113,870
-0.4898482769709775,0.9920940568665966,1.192917651801714,0.0003709693757483,870
-0.4864382431812573,0.4472098336410208,1.3437622176924222,1.0772082018307982e-05,870
-0.4842550740041907,0.6154891412304565,1.295278707382825,8.943578023851151e-05,870
-0.4818808543538907,0.7835750579635539,1.2511422929217466,-0.0002073828710126,870
-0.4799738813360115,0.9522453433033043,1.2032305037914417,-0.0005993305113592,870
-0.4767553381905881,0.407323503360967,1.3546917988255005,0.0003483186999631,870
-0.4743792946107366,0.5757616069032359,1.306490705076398,0.0002890129131048,870
-0.4722087367882646,0.7439740118794637,1.2606838711269015,-0.0008013761966438,870
-0.4701445933887231,0.9124704253484102,1.2133831347247763,0.000176051094527,870
-0.464557538318634,0.5360699260010116,1.3178802113296144,0.0001663217472866,870
-0.4624745909177116,0.7042988476144831,1.2706619723079005,7.774853301772272e-05,870
-0.4602364034540837,0.8726000605736987,1.224103562239888,-0.0002785576851359,870
-0.4548573675863246,0.4961739649093095,1.328608355765326,9.838826992900064e-05,870
-0.4526971898481984,0.6645274684144096,1.2815692631272482,-0.0002730920490575,870
-0.4504268231976495,0.8325898499810234,1.2362802341025143,0.0006040196515169,870
-0.445081793056695,0.4563714448338747,1.3398156226744784,0.0001569136447815,870
-0.4428163182973593,0.6248553960285959,1.2924008210714293,0.0001334036665549,870
-0.4406967934230753,0.7926643267378606,1.2480861992153467,-0.0004974740548817,870
-0.4384937321104764,0.9611620613000692,1.2019074038858226,0.0008796196516375,870
-0.4329405389039052,0.5851278617013753,1.3036128187650022,8.761478180852045e-06,870
-0.4308598162858342,0.7529813987210858,1.2577892318726656,-7.095548123461914e-05,870
-0.428664444163188,0.9213871433451752,1.2120600348191577,-0.0009911836577809,870
-0.4211256704152812,0.7133062344561053,1.2677673330536643,-0.0002806711136195,870
-0.4189197764343608,0.8816491494969125,1.2221155927327667,0.0006680314845983,870
-0.4112917229636534,0.6734668013492402,1.2788705183563474,0.0005553383964968,870
-0.4091101961779266,0.8416389389042374,1.2342922645953929,0.0002869709586995,870
-0.4014108514128144,0.6337947289634265,1.2897020763005282,-0.0007236750277019,870
-0.3993903966654361,0.8017955144287361,1.2446730495526608,-0.0001171347866027,870
-0.389553419528195,0.7621125864119613,1.2543760822099794,-0.0004179723664664,870
-0.3871497471006435,0.9302755414935482,1.2115601493481014,0.0005018008822513,870
-0.3797449157632231,0.7222323653385697,1.2654078654194718,0.0003588287795938,870
-0.3774050793718163,0.8905375476452856,1.2216157072617104,-0.0009362037779028,870
-0.3699109683115953,0.6823929322317046,1.2765110507221546,-0.0004791931532502,870
-0.3676561866523198,0.8507066891116946,1.2317286085121104,0.000621829268258,870
-0.3579363871398292,0.8108632646361933,1.242109393469378,-0.000786222595866,870
-0.348287610446239,0.771089013500533,1.2523596762106384,0.0003899719523928,870
-0.3384791066812672,0.7312087924271414,1.2633914594201308,-0.0004694720174604,870
-0.335958066197913,0.8993270528136187,1.221501451580998,0.0007810783679651,870
-0.3285154798574071,0.6915957350277274,1.2727998744694609,-3.7390841537247865e-05,870
-0.3262091734784165,0.8594961942800277,1.231614352831398,-0.0011926389447589,870
-0.316349420516197,0.8195848184094614,1.2421166933759809,0.0011868019257824,870
-0.3067006438226068,0.7798105672738012,1.2523669761172411,-0.0012723001894041,870
-0.2973396077110967,0.7407736750580497,1.2583209244621034,-0.0010262792623637,870
-0.2873759808872367,0.7011606176586357,1.2677293395114333,0.0005238885552574,870
-0.2847785246600939,0.8685953929260672,1.2298068132504936,-0.0001698492235677,870
-0.2749187716978745,0.828684017055501,1.2403091537950768,0.0004512839096494,870
-0.2655562530580174,0.7894703578810862,1.2461455132327417,-0.0019836480749119,870
-0.2561952169465073,0.7504334656653348,1.252099461577604,0.00022179728871,870
-0.2340690759911098,0.8386964960466753,1.2316504416262195,-0.0017057981430076,870
-0.2247065573512527,0.7994828368722604,1.2374868010638844,-3.838398022565359e-05,870
-0.8912569846269305,0.4907045636836388,1.2972653546244892,0.0001613899499674,1320
-0.8899104152615994,0.4486716573306855,1.2901082476104784,0.000184575359847,1320
-0.850261178590592,0.5337631741644271,1.3058878088879275,-6.8372660199447766e-06,1320
-0.8487993308833321,0.4918910532734973,1.2998249979390772,-3.850309300985205e-05,1320
-0.8474527615180011,0.449858146920544,1.2926678909250664,0.00071510479721,1320
-0.8462205095499361,0.4078225757975697,1.2840518291499152,6.333762594096237e-05,1320
-0.8093333835521235,0.5768361732786622,1.3144088490777042,5.890315824837872e-05,1320
-0.8079546361876301,0.5350715039603292,1.3074605452739982,-0.0002700015579296,1320
-0.8064927884803702,0.4931993830693996,1.301397734325148,-0.0001364013079503,1320
-0.8052302227430967,0.4510796086153558,1.2944194883142726,-4.185541292777567e-05,1320
-0.8039979707750318,0.4090440374923815,1.2858034265391216,0.0002621184210609,1320
-0.8025568787043832,0.3671660516657003,1.279609215000684,-0.0003094386823511,1320
-0.768414544797773,0.6198438984828551,1.3230683990763397,-7.449131553977778e-05,1320
-0.7670318413283164,0.5780538001987285,1.3164921225781567,-0.0001353805189417,1320
-0.7656530939638231,0.5362891308803954,1.309543818774451,3.503522255525471e-06,1320
-0.7643342091633727,0.4942914156544022,1.3024858882304522,0.0001127717340084,1320
-0.7630716434260991,0.4521716412003586,1.2955076422195768,0.0002309449692585,1320
-0.7616588445651735,0.4102990505609526,1.2895293783819346,-0.0001368699377178,1320
-0.760217752494525,0.3684210647342715,1.283335166843497,0.000266175665598,1320
-0.7588526963611408,0.326541318204515,1.2770446086966012,-0.0002360156048538,1320
-0.7273701280169612,0.6628619033437718,1.3327670830468796,0.0005870622227554,1320
-0.7260332794876541,0.6208974156507032,1.3253805099313558,2.15224726858379e-05,1320
-0.7246505760181974,0.5791073173665766,1.3188042334331729,2.8064669390370778e-06,1320
-0.7231836699110532,0.5374225437427431,1.313100905028176,-8.3115065205773e-05,1320
-0.7218647851106029,0.4954248285167498,1.306042974484177,0.0011286439789536,1320
-0.7207252629147859,0.4533217358661284,1.298227995962641,-0.0001314371116769,1320
-0.7193124640538602,0.4114491452267225,1.2922497321249988,-0.0001934738475466,1320
-0.7178817516837703,0.369634678671419,1.286372676311324,-0.0001962144269244,1320
-0.7165166955503861,0.3277549321416626,1.2800821181644286,0.0001111830007876,1320
-0.7151198512972544,0.2858365190296189,1.2740439282649931,-0.0001232669436016,1320
-0.6862188764487903,0.7059475266597621,1.3434864167264622,0.0004876072960204,1320
-0.6849822385643766,0.6640170446233238,1.3355058573964094,-2.807089900243309e-05,1320
-0.6836453900350694,0.6220525569302553,1.328119284280885,0.0002057670141582,1320
-0.6823079596241559,0.5802561543332543,1.321447037340346,-0.0003700421252867,1320
-0.6808410535170119,0.5385713807094208,1.315743708935349,-0.0003994853066888,1320
-0.6793747464322621,0.4966815646187247,1.309820924058407,-6.05284314934007e-05,1320
-0.6782352242364451,0.4545784719681032,1.302005945536871,0.0009296626665005,1320
-0.6769775746527058,0.4126270988971769,1.2952587021454187,-0.0002172943959794,1320
-0.675546862282616,0.3708126323418734,1.2893816463317442,0.0002047074657052,1320
-0.6741418207558667,0.3288258705841081,1.282739065607278,5.977274563962604e-05,1320
-0.6727449765027349,0.2869074574720645,1.2767008757078429,-5.8379356029737706e-05,1320
-0.6712934997691259,0.2450314863717088,1.2706947789911216,7.768641772134405e-05,1320
-0.6453808024451824,0.748928932150133,1.3518240611991992,-0.0006725138657845,1320
-0.6439038039548486,0.707070372950148,1.3458426193956337,-7.752158255220493e-05,1320
-0.6426671660704348,0.6651398909137096,1.3378620600655808,0.0003078776014748,1320
-0.6413304360328149,0.6232838757169057,1.3307684581657742,-0.0001770243057751,1320
-0.6399930056219014,0.5814874731199046,1.3240962112252346,8.464503831705911e-05,1320
-0.6386773922431697,0.5394983959992973,1.3173074834217915,6.984420613184023e-05,1320
-0.6372110851584198,0.4976085799086012,1.3113846985448498,-0.0005099900800302,1320
-0.6357820171791642,0.4558695362411503,1.305693332914318,-0.0002209066214796,1320
-0.6345243675954249,0.413918163170224,1.2989460895228655,0.0003348240164849,1320
-0.6331532292568409,0.3719444165543643,1.2924491177845696,-5.397803424556785e-05,1320
-0.6317481877300917,0.329957654796599,1.2858065370601035,0.0003551454183409,1320
-0.6303846378851725,0.2880002443763527,1.2792277165289645,-0.000161318507138,1320
-0.6289331611515634,0.2461242732759971,1.2732216198122428,-6.151769778471594e-05,1320
-0.6275195545918866,0.2042491410256984,1.2671029188584535,-0.0002056219036978,1320
-0.604706673510375,0.7917008610023345,1.359799404920207,-0.0001558256224162,1320
-0.603242889707501,0.7500148498991724,1.3530924723399007,-0.0001233104543533,1320
-0.6017658912171671,0.7081562906991874,1.3471110305363352,-0.0001451361201166,1320
-0.600319764674249,0.6662837903662702,1.340537814023905,-6.491981014832005e-05,1320
-0.5989830346366292,0.6244277751694661,1.333444212124098,0.0001330546342628,1320
-0.5975906777509994,0.5826049936340074,1.327119633768882,-0.0001341040500432,1320
-0.5962750643722676,0.5406159165134001,1.320330905965439,0.0006255501801172,1320
-0.5948977863877689,0.4987032903455929,1.3139051811208011,-0.0001834348644679,1320
-0.5934687184085131,0.456964246678142,1.3082138154902696,7.535920523517314e-05,1320
-0.5920805465940036,0.415173320973338,1.3023861447823366,-0.0001605757250226,1320
-0.5907094082554196,0.3731995743574782,1.2958891730440405,0.0005697069120296,1320
-0.5893761467320975,0.3311263189605018,1.2890803848365304,-4.7465311722123815e-05,1320
-0.5880125968871783,0.2891689085402555,1.2825015643053912,0.0002876185623213,1320
-0.5866239772946182,0.2472266080418098,1.2759899628895952,-3.910997017869677e-05,1320
-0.5852103707349413,0.2053514757915111,1.269871261935806,3.6477461318761006e-05,1320
-0.5638197780986278,0.8343443077112688,1.3705498444055997,0.0002687193598102,1320
-0.5623874474716533,0.7927342769837695,1.36250662546263,-0.0001154882069943,1320
-0.5609236636687793,0.7510482658806075,1.3557996928823235,-0.0001304167246231,1320
-0.559567166998828,0.7092130047251797,1.3488453511228051,-3.136842258923828e-05,1320
-0.55812104045591,0.6673405043922626,1.342272134610375,-0.0003105796294482,1320
-0.5565917647964002,0.6255804585888568,1.336352971861336,-0.0001539390092533,1320
-0.5551994079107705,0.5837576770533981,1.33002839350612,8.446461738649547e-05,1320
-0.5538561406139104,0.5418199552992292,1.3233813390524058,-2.7928703711689595e-05,1320
-0.5524788626294116,0.499907329131422,1.3169556142077683,-6.372019755494784e-05,1320
-0.5510746261676146,0.4580526542063968,1.3108020702756678,-0.0001027824125478,1320
-0.549686454353105,0.4162617285015927,1.3049743995677343,-0.0002242962817163,1320
-0.5483025055956432,0.3743805095595385,1.2989106672515027,4.434920308149515e-05,1320
-0.5469692440723213,0.3323072541625621,1.2921018790439929,0.0003381552434642,1320
-0.5456347076705516,0.2902324687610605,1.2853084679694673,4.621447998750389e-05,1320
-0.5442460880779914,0.2482901682626148,1.2787968665536713,-1.1918528876150858e-05,1320
-0.522914629651771,0.8769435349210836,1.3824258505461198,0.000213270169382,1320
-0.5214392001910635,0.8353757896390177,1.3739676628586257,-9.000730072837582e-05,1320
-0.5200068695640889,0.7937657589115186,1.3659244439156564,0.0001722652183115,1320
-0.5185978843513401,0.7520450984888641,1.3586009929491576,-7.524477554854414e-05,1320
-0.5172413876813888,0.7102098373334365,1.351646651189639,0.0002743679774072,1320
-0.5157906304322639,0.6684165396867641,1.344991457212738,-2.6271549160690463e-05,1320
-0.514261354772754,0.6266564938833583,1.339072294463699,-0.0001172440475491,1320
-0.5128325037029344,0.5848700366319382,1.3327356052485109,-9.11259971162065e-05,1320
-0.5114892364060744,0.5429323148777694,1.3260885507947968,0.0003113380658087,1320
-0.5100725224060343,0.5009986985996663,1.319685893663969,-1.776467269651999e-05,1320
-0.5086682859442373,0.459144023674641,1.3135323497318685,0.0001384887653004,1320
-0.5073661348002453,0.417269537463397,1.307617130065174,-0.0001639900509901,1320
-0.5059821860427836,0.3753883185213428,1.3015533977489422,8.201559827274163e-05,1320
-0.5046632286172285,0.3334496172712367,1.2953707314080027,-0.0001688227698421,1320
-0.5033286922154587,0.2913748318697351,1.2885773203334772,0.0004576219084033,1320
-0.4805111046944206,0.8778801310464308,1.3859331801188828,0.0001027397161684,1320
-0.479035675233713,0.836312385764365,1.3774749924313887,0.0002011967512053,1320
-0.4776771320993351,0.7947765588568803,1.3692077821545456,-0.0001417659530865,1320
-0.4762681468865863,0.7530558984342259,1.3618843311880469,4.898034305427651e-05,1320
-0.4747632682454789,0.7112857574619496,1.3551818696239764,-1.648342873546149e-05,1320
-0.4733125109963539,0.6694924598152772,1.3485266756470753,0.0001399861050646,1320
-0.4718868334200861,0.6276723940382585,1.3417055763015209,2.6023349862236422e-06,1320
-0.4704579823502665,0.5858859367868384,1.335368887086333,-6.534203322679927e-05,1320
-0.4690585220949005,0.5440436123570449,1.329032224499011,3.571630822171712e-05,1320
-0.4676418080948605,0.5021099960789419,1.3226295673681832,6.151210418693653e-05,1320
-0.46630163943509,0.4601714032375374,1.3161092153481693,-5.418773631481882e-05,1320
-0.464999488291098,0.4182969170262934,1.3101939956814748,-0.0001503702104814,1320
-0.4636871069171507,0.3763526448393361,1.3042431602032576,6.070139680457859e-05,1320
-0.4623681494915956,0.3344139435892301,1.298060493862318,-0.0001042094096013,1320
-0.436803209755071,0.837294550982244,1.3803417760606589,-0.0002819080340019,1320
-0.4354446666206931,0.7957587240747593,1.3720745657838156,-0.0001498506824556,1320
-0.4339367780499661,0.7540605363653687,1.365071805967983,-5.298178825392797e-05,1320
-0.4324318994088587,0.7122903953930924,1.3583693444039122,-0.0001436637299217,1320
-0.4308463623834873,0.6704398078773339,1.35223091670607,0.0001156887795386,1320
-0.4294206848072195,0.6286197421003152,1.3454098173605156,0.0002671332097912,1320
-0.4252569520458702,0.5030740415393699,1.3249745188908828,0.000192316925213,1320
-0.4239167833860996,0.4611354486979654,1.3184541668708691,4.76896279042599e-06,1320
-0.4226617081699804,0.4193408783705976,1.3130810722567,-0.0002542731103127,1320
-0.4213493267960331,0.3773966061836402,1.307130236778483,0.000316703884344,1320
-0.3932204723369127,0.7965970398479431,1.375391145165037,-2.0085533272561077e-05,1320
-0.3917125837661857,0.7548988521385525,1.368388385349204,-0.0002899390627678,1320
-0.3901018385250974,0.7132279333151603,1.3618570813337092,4.241422131831541e-05,1320
-0.388516301499726,0.6713773457994019,1.3557186536358667,-0.0001297620567398,1320
-0.3816386463629242,0.4623613061960329,1.3220257760736531,-0.0006772439421592,1320
-0.3803835711468049,0.420566735868665,1.3166526814594843,0.0002251549320638,1320
-0.3494113835869402,0.7557276040611263,1.3718945789868648,5.045927428284913e-05,1320
-0.3478006383458519,0.7140566852377341,1.36536327497137,-0.0003322105504079,1320
-0.3462990793516322,0.6724503178054658,1.358502745543623,-0.0001569380700967,1320
-0.3396109184465844,0.4637749849854604,1.3267956365663205,0.0003233557781262,1320
-0.3057071370428355,0.7150970315935878,1.3679699714520497,-0.0004392993079492,1320
-0.3042055780486157,0.6734906641613194,1.3611094420243024,-0.0004003034264225,1320
-0.2620964079005941,0.6744965070541132,1.363889126912412,-0.0001090466572813,1320
-0.8030115559385129,0.5730242064312443,1.33083967701747,5.367123553013525e-05,1350
-0.802552030415886,0.5309772695269844,1.3244290600246011,-1.6344720870607732e-05,1350
-0.7612393407236888,0.6155549055210928,1.337360172906658,-0.0001153297071318,1350
-0.7606256267381213,0.5735536804372969,1.331100245505357,-2.9131777859028877e-05,1350
-0.7601661012154943,0.5315067435330372,1.3246896285124885,0.0001975622111444,1350
-0.7595945295858932,0.4892887599798011,1.3182729388445955,0.000369038407498,1350
-0.7192560445919469,0.6581117040825762,1.3447496672802592,0.0005990643607606,1350
-0.7187535960941625,0.6161011096006574,1.3382319358512438,0.0001220143435501,1350
-0.7181398821085948,0.5740998845168616,1.3319720084499431,0.0003620944673113,1350
-0.7174666887831547,0.5321716936990787,1.3268386628887192,-2.820274850293125e-05,1350
-0.7168951171535536,0.4899537101458426,1.3204219732208269,0.0012939223781027,1350
-0.7163988225561514,0.4478553183993612,1.3143819559632426,-0.0003284535187126,1350
-0.6770666802883949,0.700650586644312,1.3526960385574256,0.00027701157828,1350
-0.6765954184412093,0.658631947337379,1.3459123266442672,0.000104136497539,1350
-0.6760929699434248,0.61662135285546,1.3393945952152515,0.0001573613978322,1350
-0.6754275585551451,0.5747066548604725,1.3340906856951826,1.3769321783631272e-05,1350
-0.674754365229705,0.5327784640426896,1.3289573401339587,0.0001264567201209,1350
-0.6742643872664293,0.4906925545992958,1.3229557526082305,9.606049010688068e-05,1350
-0.6737680926690273,0.4485941628528143,1.3169157353506464,0.0001439248281978,1350
-0.6732682362042374,0.4065225743275029,1.3108139542517474,7.498481079058761e-05,1350
-0.6352391197359555,0.7431085661215477,1.358914701498842,-0.0003980563777128,1350
-0.634549074085216,0.7011070565253142,1.3533183299520983,0.0001199328450736,1350
-0.6340778122380304,0.6590884172183813,1.34653461803894,0.0001707032546536,1350
-0.6335292300660957,0.6171057768551872,1.3404143483614366,5.53236731859752e-05,1350
-0.6328638186778162,0.5751910788601995,1.3351104388413677,-0.0002629728394953,1350
-0.6322300345923704,0.5331966749684127,1.3294883202915426,0.0001768159894591,1350
-0.6317400566290947,0.491110765525019,1.3234867327658142,0.0001432213996523,1350
-0.6312530397626289,0.4490059170495447,1.317610607741477,0.0001757359535358,1350
-0.630753183297839,0.4069343285242333,1.3115088266425785,0.0001275711327901,1350
-0.630283355047732,0.3648572667500399,1.305613082099672,0.0001047178106017,1350
-0.5935736437881501,0.7854511313994632,1.3648477308095748,-0.0001816889386227,1350
-0.5929017152435401,0.743620924276271,1.3589501408328113,-4.888292654605525e-05,1350
-0.5922116695928005,0.7016194146800376,1.353353769286068,-3.18557358262167e-05,1350
-0.5915034194487301,0.659596235593995,1.3476411515093911,2.615163857032365e-05,1350
-0.5909548372767954,0.6176135952308011,1.3415208818318876,0.0002258876628937,1350
-0.5904097698912095,0.5755763329968822,1.3354264237944444,9.231223792573878e-05,1350
-0.5897759858057637,0.5335819291050954,1.3298043052446191,-6.495735924493679e-05,1350
-0.5892245207314794,0.4915952158603484,1.324257396410737,-4.861926055881732e-05,1350
-0.5887375038650136,0.4494903673848741,1.3183812713864,0.0002647798998175,1350
-0.5882277111533656,0.4075451925978463,1.3131527996842376,-0.0003267726835029,1350
-0.5877578829032586,0.3654681308236528,1.3072570551413316,0.0006751636951193,1350
-0.5872803002984597,0.3231928528856915,1.3003470200227811,0.0001116235403937,1350
-0.5517472622539592,0.8276596592295689,1.3727907999390987,9.717746693937296e-05,1350
-0.551162599049522,0.7858927104506213,1.3658707508328334,-6.894906452292737e-05,1350
-0.550490670504912,0.7440625033274291,1.35997316085607,-0.0002028679595057,1350
-0.5498169967024252,0.7020894584919315,1.3538010910144502,0.0001790633565609,1350
-0.5491087465583548,0.660066279405889,1.3480884732377731,-0.0002778360924097,1350
-0.5484198828156802,0.6180637571048615,1.3425044836750906,9.960681690239503e-05,1350
-0.5478748154300943,0.5760264948709426,1.3364100256376474,8.12832479662462e-05,1350
-0.5473147118668205,0.5339499074449467,1.33025475122946,0.0001863911195528,1350
-0.5467632467925361,0.4919631942001998,1.3247078423955774,-0.0001616896436616,1350
-0.5462608879984892,0.4499324395179389,1.319027280653867,0.0002018228758408,1350
-0.5457510952868412,0.4079872647309111,1.3137988089517043,-0.0003724966260827,1350
-0.5452018194844211,0.365960604123974,1.308304628043356,0.0004234629395055,1350
-0.5447242368796221,0.3236853261860126,1.3013945929248056,0.0003721796311552,1350
-0.5442656591216977,0.2816446151627674,1.2955773561695043,-0.0001142529881899,1350
-0.5098421700362972,0.8698136967407399,1.3820798615353402,0.0002267962958771,1350
-0.5091956395844912,0.8281365241666462,1.3744353445015676,-3.875452162306614e-05,1350
-0.508610976380054,0.7863695753876987,1.367515295395302,0.0002226230065873,1350
-0.5080120556509223,0.7445143557788647,1.361056113160474,2.476299818074401e-05,1350
-0.5073383818484356,0.7025413109433671,1.354884043318854,0.0002084582341759,1350
-0.5066938421573107,0.6604906637614192,1.3486658299779064,9.720559955417318e-05,1350
-0.5060049784146361,0.6184881414603915,1.3430818404152238,-7.046955602891397e-05,1350
-0.5053494086320044,0.5764890885383123,1.3373638499793334,6.635448780905467e-05,1350
-0.5047893050687307,0.5344125011123166,1.331208575571146,0.0002722346797845,1350
-0.5042865834927561,0.4923602459949607,1.3254124781858807,-0.0001054032869765,1350
-0.5037842246987092,0.4503294913126999,1.31973191644417,0.0002147781980217,1350
-0.5032727618097836,0.4083463310741752,1.3144681560836586,-0.0002122240548734,1350
-0.5027234860073636,0.366319670467238,1.3089739751753102,0.0002795014115802,1350
-0.502340222053417,0.3241913032579028,1.3031844295917714,-0.0002719246739098,1350
-0.5018816442954924,0.2821505922346575,1.29736719283647,5.766385773447319e-05,1350
-0.4683667725514067,0.9123915927346982,1.3872566640023247,-0.0005486664575635,1350
-0.467332240163849,0.8701725827248026,1.384016411570276,7.69394394548456e-05,1350
-0.466685709712043,0.8284954101507089,1.376371894536503,-3.716443579537127e-05,1350
-0.4660924267482284,0.7868307799448779,1.3689356560597503,-5.5898633688461485e-05,1350
-0.4654935060190967,0.744975560336044,1.3624764738249222,-5.330113341179416e-05,1350
-0.4647958989073577,0.7030396319577158,1.3564206572681838,0.0001298478563461,1350
-0.4641513592162329,0.6609889847757677,1.350202443927236,0.0002239939458381,1350
-0.4635164680579943,0.618935794368171,1.3438907530326434,0.0001341575150856,1350
-0.4628608982753626,0.5769367414460917,1.338172762596753,-2.4066689429051716e-05,1350
-0.4622297487230498,0.5350246293615843,1.3327457221080392,-6.488159388257086e-05,1350
-0.4617270271470752,0.4929723742442286,1.326949624722774,0.0004390651580007,1350
-0.4613099856478387,0.450892946972925,1.321278448366336,-0.0001675781012791,1350
-0.4607985227589132,0.4089097867344003,1.3160146880058248,7.707678311942578e-05,1350
-0.460295586178553,0.3667174016455377,1.3100422908721434,0.0002212343218514,1350
-0.4599123222246063,0.3245890344362023,1.3042527452886046,0.0001153865349368,1350
-0.426997251056762,0.955024089454306,1.391835836589198,-2.515270679277065e-05,1350
-0.4262722457036679,0.9130576322186144,1.3856990677741834,0.0001044604332291,1350
-0.4252377133161102,0.8708386222087189,1.3824588153421349,-0.0006407654456295,1350
-0.4244110082291701,0.8288887149495042,1.3774322381712405,-0.0002349825266282,1350
-0.4238177252653555,0.7872240847436731,1.3699959996944873,-0.0003079652812228,1350
-0.4230357144710332,0.7453074023750166,1.36395222288039,0.0001077575752636,1350
-0.4223381073592942,0.7033714739966885,1.3578964063236516,-0.0001601527689526,1350
-0.4216739595822709,0.6614411963048197,1.3520808436743053,1.7530920477917822e-05,1350
-0.4210390684240324,0.619388005897223,1.3457691527797129,0.0001874222438247,1350
-0.4192890023087098,0.493590926579674,1.3288246292902282,-0.0003333249740506,1350
-0.4188719608094733,0.4515114993083705,1.32315345293379,0.0003229422226085,1350
-0.4184341082986735,0.4094032937702854,1.3174177797360749,-0.0002555518302179,1350
-0.4179311717183133,0.3672109086814227,1.3114453826023933,0.000414440037915,1350
-0.3844499803492229,0.9554193455751508,1.394655433644945,9.328010151594957e-05,1350
-0.3837249749961288,0.913452888339459,1.3885186648299304,0.0004244643526675,1350
-0.3831439234540917,0.8714546202656643,1.381912467736633,-1.7757162887564737e-05,1350
-0.3823172183671516,0.8295047130064497,1.3768858905657386,-0.0003965331167885,1350
-0.3814925195427699,0.7874446408111881,1.3717081597323215,0.000152095316904,1350
-0.3807105087484476,0.7455279584425316,1.3656643829182245,-0.0003340040306155,1350
-0.3799877731607573,0.7036979567787802,1.3594893944163444,-3.455207817128214e-05,1350
-0.379323625383734,0.6617676790869114,1.353673831766998,-0.000202293612152,1350
-0.3764023382343646,0.4519005402212047,1.3240925415366196,0.0003490212763197,1350
-0.3759644857235648,0.4097923346831196,1.318356868338904,-1.7272393542829e-05,1350
-0.3412381737161536,0.9137861697706704,1.3911885902876913,0.0001232667472207,1350
-0.3406571221741165,0.8717879016968757,1.384582393194394,0.0001427216722411,1350
-0.3400004558411837,0.8298139953155727,1.3782975524499277,0.0001579391201431,1350
-0.3391757570168021,0.7877539231203111,1.3731198216165108,-0.0002669990427341,1350
-0.3384116412828498,0.7458289924401822,1.3673881427187211,-4.32259173649488e-05,1350
-0.3376889056951595,0.7039989907764309,1.3612131542168415,-0.0002340979343807,1350
-0.3369199713351498,0.6621240852324575,1.3550742445820616,7.987752192738923e-05,1350
-0.3339684750735128,0.4522059850790393,1.3252538532202929,0.0002136587038232,1350
-0.2982495546038307,0.8720307739887075,1.3876708885750002,-5.346250377149392e-05,1350
-0.297592888270898,0.8300568676074045,1.3813860478305338,7.892355328815298e-05,1350
-0.2968428123093277,0.7880965238283495,1.3753543954554497,3.8680307008688575e-05,1350
-0.2960786965753755,0.7461715931482207,1.3696227165576604,-8.323022435294258e-05,1350
-0.295351161595093,0.7045968360263056,1.3622929512095403,-0.0002799046674935,1350
-0.2945822272350833,0.6627219304823322,1.3561540415747606,-2.511553333699179e-05,1350
-0.2552103049095374,0.8300980455295395,1.3851997617634222,0.0003384227194875,1350
-0.2544602289479672,0.7881377017504845,1.379168109388338,-0.0001717727993486,1350
-0.2537517331050923,0.7467929144305319,1.3702918786560514,-0.0001173110603283,1350
-0.2530241981248098,0.7052181573086169,1.3629621133079317,-0.0003180026382016,1350
-0.2523228485230919,0.663301806904838,1.3571979816123427,-2.311432110269074e-06,1350
-0.2121200325510663,0.7887629218071969,1.3789231458702609,6.185050311834084e-05,1350
-0.2114115367081915,0.7474181344872444,1.3700469151379746,-0.0003060754683862,1350
-0.2106858771800986,0.7054598698777483,1.3644062113494342,0.0001337798594614,1350
-0.2099845275783807,0.6635435194739695,1.3586420796538454,-0.0003011974272152,1350
-0.2093219617164902,0.6214833586900325,1.352953931280433,0.000268219993737,1350
-0.2086660863570527,0.5793663162160293,1.3475477069734008,-0.0002788170975716,1350
-0.1690849082046684,0.7476947049997045,1.3713906941818692,2.2097815903412976e-05,1350
-0.1683592486765756,0.7057364403902084,1.3657499903933292,-0.0003081618928702,1350
-0.1676564451942024,0.6637734116648378,1.360047236199796,5.330508312396953e-06,1350
-0.1669938793323119,0.6217132508809008,1.3543590878263836,-0.0001177305510081,1350
-0.1260756721533444,0.706005937675466,1.367124335527676,7.778048324476317e-05,1350
-0.1253728686709713,0.6640429089500954,1.3614215813341426,-0.0003149993684957,1350
-0.6482860314567325,0.5206141200586157,1.3655267589809723,0.0001897400523048,1530
-0.6459582428616466,0.4784991145114491,1.3712824838073838,-6.666767399333279e-05,1530
-0.6082885815615837,0.5652909036659683,1.3611078239248564,6.702631066279885e-05,1530
-0.6059021823774926,0.5231055429204199,1.3665179623222672,0.0003112813118477,1530
-0.6035743937824066,0.4809905373732533,1.3722736871486791,9.271667446904276e-05,1530
-0.6012466173048467,0.4388973907756959,1.3778615235037288,0.0002461688845841,1530
-0.5682070346866834,0.6098096447623789,1.3570256477898064,1.8281419782467667e-05,1530
-0.5659037229186956,0.5677111790268787,1.3621777086884048,0.0001503885101405,1530
-0.5635173237346045,0.5255258182813303,1.3675878470858158,7.32088491540786e-05,1530
-0.5612670361999588,0.4833858691591629,1.3728852393007562,-0.0001351253730672,1530
-0.558939259722399,0.4412927225616055,1.378473075655806,-5.259557820137123e-05,1530
-0.5565893660441199,0.3993300565341532,1.3843780415321327,-0.0002069896889326,1530
-0.5281825665621422,0.6543718218748272,1.353027249802349,4.421314998465098e-05,1530
-0.5258888246622975,0.6122079443862896,1.3580069982977363,-7.002092773016055e-05,1530
-0.5235855128943095,0.5701094786507894,1.363159059196335,-4.1920215603251376e-05,1530
-0.5212461877370377,0.527966760950115,1.3685280836571343,8.685504189476223e-05,1530
-0.5189959002023921,0.4858268118279476,1.3738254758720752,6.253775892052504e-05,1530
-0.5166462559151455,0.4437555178593603,1.379562871624356,0.0002441736462229,1530
-0.5142963622368664,0.401792851831908,1.3854678375006826,-7.435662634929646e-05,1530
-0.5119735267204482,0.3598094720470537,1.3908530134693775,0.0001141519723192,1530
-0.4881761716047838,0.698901545079978,1.3492680991381396,-8.413845633786082e-05,1530
-0.485845947114758,0.6567834296766872,1.354247872568413,0.0002465263524134,1530
-0.4835522052149131,0.6146195521881496,1.3592276210638006,3.2485415333134704e-05,1530
-0.4812019222682873,0.5724816414586376,1.3642580730632643,0.0003071444985623,1530
-0.4788625971110154,0.530338923757963,1.369627097524064,9.799113317653096e-05,1530
-0.4765727108234135,0.4882508743764628,1.3752435080279564,0.0002171154788985,1530
-0.4742230665361669,0.4461795804078756,1.3809809037802374,1.0822920347888789e-05,1530
-0.4719187989105017,0.4041708155227066,1.3863875851995222,-6.367450960664822e-06,1530
-0.4695959633940835,0.3621874357378522,1.3917727611682171,-5.4764969957647736e-05,1530
-0.4671862872414337,0.320208960369996,1.3968692841478718,5.831236237827109e-05,1530
-0.4481847784028355,0.7433161137811604,1.345703576179934,-0.0001715096573298,1530
-0.4458190829724937,0.7011996298576904,1.3507293049307565,0.0001541072052783,1530
-0.4434888584824679,0.6590815144543996,1.3557090783610295,-0.0001271840201612,1530
-0.4412155959588202,0.6169642734512595,1.3608664054200892,0.0001077034310568,1530
-0.4388653130121943,0.5748263627217474,1.365896857419553,-0.0002134887119716,1530
-0.4365116248337688,0.5327578498624266,1.3708540863193437,4.48248776190735e-06,1530
-0.4342217385461671,0.4906698004809264,1.376470496823236,-1.3568533202584776e-05,1530
-0.4317870420281228,0.4486439512979862,1.3818104084512672,7.903306856811565e-05,1530
-0.4294827744024575,0.4066351864128171,1.387217089870552,0.0001454745794132,1530
-0.4272669568515322,0.3646913114019398,1.3929111933313627,-7.685225975915394e-05,1530
-0.4248572806988824,0.3227128360340836,1.3980077163110174,-0.0001433843862537,1530
-0.4224295874515735,0.2807747674039542,1.4032663084626906,-6.600492892671478e-05,1530
-0.4081710256781672,0.7875425990498157,1.3432722742050776,-0.0004238004315585,1530
-0.4058967901938956,0.7456013707999705,1.3473612957363406,0.0002650474224693,1530
-0.4035310947635538,0.7034848868765007,1.3523870244871632,-0.0002175090234104,1530
-0.401204095960901,0.6614531206937587,1.3572501530797807,5.9174147497079166e-05,1530
-0.3989308334372533,0.6193358796906185,1.36240748013884,1.4938736879618886e-05,1530
-0.3916713163001378,0.4927834545800174,1.3762558546422117,0.0006518246364403,1530
-0.3892366197820935,0.450757605397077,1.381595766270243,-0.0001604027723616,1530
-0.3870777464436621,0.4090948082111831,1.3882164834320432,-9.27500335830278e-06,1530
-0.3848619288927368,0.3671509332003058,1.3939105868928536,2.51260013973964e-06,1530
-0.3825833799907185,0.3252160559016006,1.3994653494721752,4.179523123174628e-05,1530
-0.3801556867434096,0.2832779872714712,1.4047239416238484,-0.0002356053562366,1530
-0.3777355721336644,0.2414031915867474,1.410080974966028,-3.1388407287565034e-05,1530
-0.3681054611098356,0.8320398494376466,1.340344150207108,0.0003677256368816,1530
-0.365722441209576,0.7897948985682197,1.3454138466463368,-2.1512825782374345e-05,1530
-0.3634482057253043,0.7478536703183745,1.3495028681775998,-5.565187609776756e-05,1530
-0.3612391538203519,0.7057768668026754,1.3541692561021843,0.0001783445364147,1530
-0.3589121550176991,0.6637451006199335,1.3590323846948025,-0.0002619476532923,1530
-0.3470130489877183,0.453338620140844,1.3832497717869212,-0.0005190634222581,1530
-0.3448541756492869,0.4116758229549501,1.3898704889487214,-4.154275164182375e-06,1530
-0.3425150378381706,0.3696579098592931,1.3951114181344346,-0.000179305754282,1530
-0.3402364889361523,0.3277230325605879,1.400666180713756,-8.410352008117461e-06,1530
-0.3377774610910171,0.2858212639955896,1.4058371223734034,-3.932349602405599e-05,1530
-0.3353573464812718,0.2439464683108657,1.4111941557155832,2.9490303954105013e-05,1530
-0.328117187573881,0.8766913125729235,1.3373796473662225,-0.0002975336036561,1530
-0.3257578175785737,0.8345497223810745,1.3419108358379663,0.0004359907117685,1530
-0.323374797678314,0.7923047715116476,1.3469805322771953,-0.0001415161460481,1530
-0.3211361956518754,0.7501496108820629,1.3516621426383426,9.058769435306424e-06,1530
-0.318927143746923,0.7080728073663638,1.3563285305629271,-0.000219747210326,1530
-0.3166030855337464,0.6660938071753129,1.3603680176772897,-8.161200830953536e-05,1530
-0.3050397490955267,0.4563711006740877,1.3864890086504047,-9.103555053498884e-05,1530
-0.3025695096811766,0.4142439116740444,1.39123784116433,3.749637108096254e-05,1530
-0.3002303718700603,0.3722259985783873,1.396478770350043,-1.5386154174866495e-05,1530
-0.297891393493319,0.3303762453984533,1.401786141493402,-0.000170222777713,1530
-0.2954323656481838,0.288474476833455,1.4069570831530491,-0.0001173108664497,1530
-0.2880879781641642,0.920889298673638,1.3373677029447557,-0.0004112244144113,1530
-0.2857947644936044,0.8788036781126467,1.3408508192959745,0.0006081342140773,1530
-0.2834353944982972,0.8366620879207977,1.345382007767718,-0.0004268882742009,1530
-0.2811669631696005,0.7945129220803561,1.3499784231582137,0.000502251552426,1530
-0.2789283611431619,0.7523577614507715,1.3546600335193608,-0.0003755166364113,1530
-0.2765158635394815,0.710656843609122,1.357209765510716,-0.0002848346315784,1530
-0.2741918053263049,0.6686778434180709,1.361249252625078,0.0002762761276834,1530
-0.2719678939662645,0.6263810518157074,1.36677051537394,0.0002631090384136,1530
-0.2652359994515683,0.5008869151003587,1.383073717896462,-0.0002816026642177,1530
-0.2627151088163597,0.458810318278129,1.38770223913185,0.0002503578388135,1530
-0.2602448694020096,0.4166831292780857,1.392451071645775,-0.0001245105810136,1530
-0.2579168976755991,0.3747647898292449,1.3978008875817878,-0.0001085612628902,1530
-0.2555779192988579,0.3329150366493109,1.4031082587251469,-0.0002461973445163,1530
-0.2456095808446924,0.922849692312524,1.3426655677814656,0.0009132922984918,1530
-0.2433163671741327,0.8807640717515326,1.3461486841326842,-0.0002834442566557,1530
-0.2410553169305537,0.83862592012772,1.3497769030951468,0.0009801098038841,1530
-0.2387868856018569,0.7964767542872784,1.354373318485642,-0.0003205627760095,1530
-0.2364801020031422,0.7550234578159984,1.3547132120977805,-0.0006282166821052,1530
-0.2340676043994618,0.7133225399743489,1.3572629440891355,3.991320163777151e-05,1530
-0.2317971975874259,0.6711476907568114,1.3629036462248094,0.0002108109240228,1530
-0.2295732862273855,0.6288508991544477,1.3684249089736713,0.0002673876372739,1530
-0.2272086680909312,0.5869388994335069,1.3731714417170655,-0.0002519107567816,1530
-0.2250468329431639,0.5452449009915743,1.3786798947550103,0.0003320502643582,1530
-0.2228718981712606,0.5033323994698846,1.3841735607241732,5.13099318985577e-05,1530
-0.2203510075360519,0.4612558026476551,1.388802081959561,-1.6065099571256625e-05,1530
-0.2180162732587279,0.4192151026858984,1.3940771730848531,-0.0001377135090274,1530
-0.2156883015323175,0.3772967632370576,1.3994269890208657,-0.0001799202528211,1530
-0.2006867187376463,0.8826607998301138,1.352519809786361,0.0012445194228479,1530
-0.1984256684940673,0.8405226482063013,1.356148028748824,-0.000110385566633,1530
-0.1962758170289907,0.7994015754346249,1.3528463525451966,-0.0010575866349459,1530
-0.1939690334302759,0.7579482789633449,1.353186246157335,0.0002259969383169,1530
-0.1917223112746653,0.7158194804060325,1.3584557617345947,-1.5023909854229578e-05,1530
-0.1894519044626294,0.6736446311884949,1.3640964638702684,0.0003179712277179,1530
-0.1871109548159933,0.6315399915028306,1.36938656428232,-7.34429578344159e-05,1530
-0.1847463366795391,0.5896279917818897,1.3741330970257142,-7.724574498287062e-05,1530
-0.182423764420781,0.5477243882403735,1.379165237278439,-8.988498753034757e-05,1530
-0.1802488296488776,0.5058118867186839,1.384658903247602,0.0001984044040912,1530
-0.1780483742867272,0.4638375373256921,1.3903802184691636,7.908694605934796e-05,1530
-0.1757136400094032,0.4217968373639355,1.3956553095944555,5.413620880521941e-05,1530
-0.1560660635985932,0.8438240721550037,1.352538923048482,-0.0011028735775437,1530
-0.1539162121335165,0.8027029993833272,1.3492372468448548,0.0001540919330176,1530
-0.1516182358150701,0.7605269564199548,1.354534258527337,-3.536484414620733e-05,1530
-0.1493715136594595,0.7183981578626424,1.3598037741045967,0.000148532847201,1530
-0.1470664930475111,0.676261032672373,1.3648686296558823,1.7330248386265845e-05,1530
-0.144725543400875,0.6341563929867087,1.370158730067934,8.211100431314289e-05,1530
-0.1424087942793372,0.5920934620080562,1.375444455816043,-7.461384321233444e-05,1530
-0.1400862220205792,0.5501898584665401,1.3804765960687675,-0.0001954310955456,1530
-0.1378861532084788,0.5082545758681847,1.386122729310987,-7.142920845053247e-05,1530
-0.1356856978463284,0.4662802264751928,1.3918440445325486,-0.0001285779005003,1530
-0.1115354581993149,0.8053428141883037,1.350349012976856,4.438236616035457e-05,1530
-0.1092374818808684,0.7631667712249312,1.3556460246593385,0.0003906783465613,1530
-0.1070215828240885,0.7208446405924067,1.361615722362279,0.0002646571541028,1530
-0.1047165622121402,0.6787075154021374,1.3666805779135645,-0.0001133815998896,1530
-0.1023637261516324,0.636797776275432,1.371204045338907,-8.676169206602719e-05,1530
-0.1000469770300946,0.5947348452967796,1.376489771087016,0.0002518624576026,1530
-0.0977700092692011,0.5527745019797405,1.3821040932677349,-0.0002081794386397,1530
-0.0955699404571008,0.5108392193813851,1.3877502265099544,0.0003217193288686,1530
-0.0668273516725293,0.7657750005993238,1.3567208916445648,4.164552484162837e-05,1530
-0.0646114526157495,0.7234528699667995,1.3626905893475054,0.0005783383273393,1530
-0.0622868430881774,0.6813846867451144,1.36787016149727,-0.0002864661215421,1530
-0.0599340070276696,0.6394749476184092,1.3723936289226124,0.0002063276058949,1530
-0.0576993888157408,0.597432146609967,1.3779252114419671,-8.120805511267759e-05,1530
-0.0554224210548473,0.5554718032929278,1.3835395336226868,3.839667826596033e-05,1530
-0.0221841547529232,0.7262483790612324,1.363824536304996,5.800211140668393e-05,1530
-0.0198595452253512,0.6841801958395475,1.3690041084547604,6.45360779111745e-05,1530
-0.0174923664921524,0.6422794781973107,1.373700778514749,-0.0002107709138579,1530
-0.0152577482802235,0.6002366771888685,1.3792323610341042,0.000555119335342,1530
0.0224860189768101,0.6869758036466331,1.370636899387506,-0.0003147999647756,1530
0.024853197710009,0.6450750860043964,1.3753335694474946,2.6366840819351534e-05,1530
-0.3550641717233074,0.4361031164462814,1.410820749824495,-0.0002907515413227,1800
-0.3158114232515617,0.3913878915573675,1.4173978681706632,2.1399819681439117e-05,1800
-0.3130024358388956,0.4332214068185503,1.4106642044980222,-0.0002310919086135,1800
-0.2763851213128583,0.3463396993104219,1.4232850330208724,0.0002856930810108,1800
-0.27366024389939,0.3881878372360881,1.416469137117761,-0.0002244605214328,1800
-0.270851256486724,0.4300213524972709,1.40973547344512,0.0001379919028584,1800
-0.2678826508109921,0.4718744133058712,1.4026989534540488,0.0001236169158055,1800
-0.2368566735347737,0.3012799575047536,1.428842424328177,0.0001104462453849,1800
-0.2341154507170051,0.3431087999180359,1.4223073627357574,-0.0001670616120953,1800
-0.2313905733035368,0.384956937843702,1.4154914668326457,0.0002132948477372,1800
-0.2284496487942729,0.4267944219391416,1.4083783305933644,0.0002241190545417,1800
-0.225481043118541,0.468647482747742,1.4013418106022932,0.0001854251070584,1800
-0.2225554230770083,0.5104469639951922,1.3940808822014137,0.0001542996996223,1800
-0.2195232289021648,0.5520922875034273,1.386731825927648,-0.0001679937430382,1800
-0.2163810965679762,0.5937777826413284,1.3796142204867516,0.0003060670846884,1800
-0.1974171193760584,0.2562691119743357,1.4344777044143049,0.0001110599909359,1800
-0.1946302537829774,0.2980640586312866,1.4274539027277022,-0.000235725045398,1800
-0.1918890309652088,0.3398929010445689,1.4209188411352829,0.0001332948588444,1800
-0.1890145130298958,0.381756824463932,1.4141811220805682,6.631363472308499e-05,1800
-0.1860735885206319,0.4235943085593716,1.407067985841287,7.311856499402081e-05,1800
-0.1831483985656984,0.4654067353030693,1.4001568090220722,-4.563856485456652e-05,1800
-0.1802227785241656,0.5072062165505196,1.3928958806211924,0.0001235791425533,1800
-0.177096395795182,0.548946453270926,1.385201958191944,0.0003046774808919,1800
-0.1739542634609933,0.5906319484088272,1.3780843527510471,-9.094902357870832e-05,1800
-0.1709300056765897,0.6323565637499333,1.3712011822907355,0.0001085320047745,1800
-0.1578784231798293,0.211299145140218,1.439903307621046,0.0001441645147247,1800
-0.1552295992285501,0.2530691117289172,1.4331026355910703,-4.997244742280943e-05,1800
-0.1524427336354691,0.2948640583858681,1.4260788339044677,3.792364027464107e-05,1800
-0.1495290295388044,0.3367088005003248,1.4193975013914617,0.0001098407068108,1800
-0.1466545116034915,0.3785727239196879,1.412659782336747,0.0001283112574011,1800
-0.143841244315204,0.4204767292695237,1.406231191423918,-9.711215299725018e-06,1800
-0.1409160543602705,0.4622891560132214,1.3993200146047031,-5.9678270323049176e-05,1800
-0.1377731005244871,0.5040386205830225,1.3913050508398042,0.0005476395221578,1800
-0.1346467177955034,0.5457788573034289,1.3836111284105557,-0.0001173951440811,1800
-0.1315889684572472,0.5874290346629201,1.3764207343551842,0.0001775043821249,1800
-0.1285647106728436,0.6291536500040262,1.3695375638948724,-1.8338810451629103e-05,1800
-0.1255775927400585,0.6708997178249004,1.362514891190204,0.0001893410024989,1800
-0.1181532149828475,0.16641141816639,1.4453017914322612,0.0002280594801754,1800
-0.1156021142789488,0.2081774554310938,1.4397232866018688,-0.0005597539322051,1800
-0.1129532903276697,0.249947422019793,1.432922614571893,0.0003930213004588,1800
-0.1099087642839561,0.2917715833210221,1.4244489241750975,0.0004953792264719,1800
-0.1069950601872914,0.3336163254354788,1.4177675916620915,0.0002078997995129,1800
-0.1044675265810889,0.3755233726380168,1.412798807300564,-0.0004005656894043,1800
-0.1016542592928014,0.4174273779878527,1.4063702163877347,0.0001285083851712,1800
-0.0984754481656525,0.4591402143407742,1.3979564663171042,0.0003797895105727,1800
-0.0953324943298692,0.5008896789105752,1.389941502552205,0.0001338943116573,1800
-0.0922324065290066,0.542733655590578,1.382091815510173,0.0003866421629584,1800
-0.0891746571907505,0.584383832950069,1.3749014214548012,-0.0002364372941668,1800
-0.0861317872429958,0.6259879432807746,1.3675185309386584,0.000362860433395,1800
-0.0831446693102107,0.6677340111016488,1.36049585823399,-1.3091108776522307e-05,1800
-0.0802149150404193,0.7094534867651505,1.3537426933086714,0.000162204446152,1800
-0.0757668265158906,0.1632397706664428,1.4443943289599508,-0.0002361272539532,1800
-0.0732157258119919,0.2050058079311466,1.4388158241295583,0.0002629864587945,1800
-0.0705138880818381,0.2467241227366419,1.4318546705085962,0.0003472145751555,1800
-0.0674693620381246,0.288548284037871,1.423380980111801,0.0002212268548034,1800
-0.0649593931181296,0.3305710158879841,1.4194848607681556,-0.0011010511305828,1800
-0.0624318595119271,0.3724780630905222,1.414516076406628,0.0002945804118494,1800
-0.0592712082289131,0.4142782573609012,1.4053086108428028,0.00049893566037,1800
-0.0560923971017642,0.4559910937138227,1.3968948607721725,-6.675113703839136e-05,1800
-0.0529231135021584,0.4977735642092443,1.3884993109788375,0.000567748251514,1800
-0.0498230257012959,0.539617540889247,1.380649623936805,-2.5831486526531333e-06,1800
-0.04680655975271,0.5812982955185075,1.3729364763070548,0.0001898148764238,1800
-0.0437636898049554,0.622902405849213,1.3655535857909118,-0.0002141074963919,1800
-0.0407340504783476,0.664634686728429,1.358589399423266,0.00020822486529,1800
-0.0378042962085562,0.7063541623919306,1.3518362344979475,-0.0001377341726327,1800
-0.0349454269121958,0.7480213356027441,1.3451274153426784,2.162076066712648e-05,1800
-0.0307286249351255,0.2017758015356822,1.43717391429486,-0.0003349602301804,1800
-0.0280267872049718,0.2434941163411775,1.4302127606738977,0.0003182925781107,1800
-0.0251653565577287,0.2853208097547649,1.4224218619931657,0.0002552357605123,1800
-0.0226553876377337,0.327343541604878,1.4185257426495204,0.0006535499421155,1800
-0.0200739140439368,0.3693255068069363,1.4141880048241786,0.0004401724218986,1800
-0.0169132627609228,0.4111257010773153,1.4049805392603534,0.0003052545994636,1800
-0.0137396888987306,0.4528970161840036,1.3956706731865656,0.0004545458762291,1800
-0.0105704052991249,0.4946794866794253,1.3872751233932308,7.821385649739443e-05,1800
-0.0074929829731149,0.5363608330473448,1.3789583504601417,0.0001623362954356,1800
-0.004476517024529,0.5780415876766052,1.3712452028303912,2.2574271792148715e-05,1800
-0.0014402673606423,0.6198259808871434,1.3638923118135162,0.0002172900028331,1800
0.0015893719659653,0.6615582617663593,1.3569281254458705,-0.000120652592507,1800
0.0045235733993961,0.7032422808221834,1.3499114514239805,2.6711893202996384e-05,1800
0.0073824426957565,0.7449094540329968,1.3432026322687114,-9.813233616985662e-05,1800
0.0102664177693018,0.7865816805221699,1.3364481348454265,8.43500854516982e-05,1800
0.0145305717863245,0.240481138477027,1.4291198131055944,0.0005504082259973,1800
0.0173920024335676,0.2823078318906145,1.4213289144248624,0.0002047536663497,1800
0.02026591738908,0.3241632529144811,1.413822934796836,0.0005207024831352,1800
0.022847390982877,0.3661452181165394,1.4094851969714943,0.0004602083982086,1800
0.0256524779405771,0.4079470459809374,1.4027061953978093,0.0015253481813796,1800
0.0288260518027693,0.4497183610876257,1.3933963293240217,0.0001293174063695,1800
0.0316491417454786,0.4914286238814918,1.3863971886886726,5.882724343766327e-05,1800
0.0347265640714885,0.5331099702494113,1.3780804157555837,2.7899199799653884e-05,1800
0.0378096315053108,0.5749090160103218,1.3700273621355663,0.000141285576113,1800
0.0408458811691975,0.6166934092208599,1.362674471118691,-9.373955413771728e-05,1800
0.0438408486163979,0.6584564514071687,1.3553595336370603,4.097327286906732e-05,1800
0.0467750500498287,0.7001404704629928,1.3483428596151703,-0.000191049020306,1800
0.0496743378065554,0.7418052441716634,1.3411834516380523,4.531922555520152e-06,1800
0.0525583128801007,0.7834774706608365,1.3344289542147676,-0.0002299795493041,1800
0.0554499248280924,0.8251578924833939,1.3280579645971178,-8.017797190543186e-05,1800
0.0599176325676024,0.2792863364988706,1.420780693324315,5.396074115834176e-05,1800
0.0627915475231148,0.3211417575227372,1.4132747136962889,0.0003797077907352,1800
0.0656343084809653,0.3629685373288877,1.4056134508692055,8.72193976874519e-06,1800
0.0684393954386654,0.4047703651932856,1.3988344492955207,0.0001927413283272,1800
0.0712166823621258,0.4465344978282386,1.3918736150999838,-3.437328156854352e-05,1800
0.0740397723048351,0.4882447606221047,1.3848744744646349,5.964087002106183e-05,1800
0.0771142848682524,0.5300452602461863,1.377033403136075,0.0007066848471238,1800
0.0801973523020747,0.5718443060070968,1.3689803495160575,9.006540268169383e-05,1800
0.0831269133068815,0.6136011377286021,1.3615656896326072,0.0002304931782384,1800
0.0861218807540819,0.6553641799149108,1.3542507521509766,-7.632147096897635e-06,1800
0.0890770618145869,0.697006992125522,1.3468712689093845,3.438693051743824e-05,1800
0.0919763495713135,0.7386717658341926,1.339711860932267,5.459841369637175e-05,1800
0.0947919521748411,0.7803797832154366,1.3329785221444532,-0.0001515470952232,1800
0.0976835641228327,0.8220602050379939,1.3266075325268036,-0.0001522053182947,1800
0.1052642964586362,0.318033006831755,1.413207920284036,0.000196297898259,1800
0.1081070574164866,0.3598597866379054,1.405546657456953,0.0004082061224659,1800
0.1109328182110744,0.4016299674418438,1.3977671799292517,0.0001290540036572,1800
0.1137101051345348,0.4433941000767969,1.3908063457337148,0.0002818150044949,1800
0.1165073118193905,0.4851489746212674,1.3835127717239537,0.0002400047997285,1800
0.1195818243828079,0.5269494742453489,1.3756717003953938,0.0001023209013941,1800
0.1225564408765048,0.5686350280884162,1.3683045276899908,-0.0001885304081961,1800
0.1254860018813116,0.6103918598099216,1.3608898678065402,0.0002789041253936,1800
0.1284427599346279,0.6522264618596354,1.3536907169640169,-0.0001019155576219,1800
0.1313979409951328,0.6938692740702466,1.3463112337224248,3.783903669093286e-05,1800
0.1343565804543168,0.7356335376165626,1.3384644292686434,0.0001813696296707,1800
0.1371721830578444,0.7773415549978064,1.33173109048083,-9.152455540237248e-05,1800
0.1506419016562918,0.356833826831689,1.405367760356214,0.000237937785217,1800
0.1534676624508796,0.3986040076356275,1.3975882828285129,0.0002780213086933,1800
0.1563157447908874,0.4402960292865777,1.389712070772366,0.0001964921137075,1800
0.1591129514757431,0.4820509038310482,1.382418496762605,0.0003008410755549,1800
0.1620161459301148,0.5238730623928627,1.3749196527181815,0.0004989496035822,1800
0.1649907624238118,0.5655586162359298,1.3675524800127787,-2.4580932330250937e-05,1800
0.1678450034338296,0.607171390017156,1.359947981927652,0.0002925471666613,1800
0.1708017614871458,0.6490059920668698,1.3527488310851288,9.18736501408432e-05,1800
0.1736802693960899,0.6908516337937767,1.3455587992886089,0.0001863424422219,1800
0.1766389088552739,0.7326158973400927,1.337711994834827,-1.0985730736282062e-06,1800
0.1959890677193852,0.3956279645988523,1.3973173353890485,0.0001979386878695,1800
0.198837150059393,0.4373199862498025,1.3894411233329018,0.0001720833502156,1800
0.2016254601320303,0.479010826282024,1.3815157025980962,0.0001200182450949,1800
0.204528654586402,0.5208329848438386,1.374016858553673,0.0001161622922001,1800
0.2074255164751052,0.5626444740863931,1.3665070306364204,9.97982373553627e-05,1800
0.210279757485123,0.6042572478676191,1.358902532551294,-0.0001026099099322,1800
0.2131018506722216,0.6458539084407249,1.3519842454814102,-0.0001451021277291,1800
0.2159803585811657,0.6876995501676316,1.34479421368489,0.0002586985042805,1800
0.2413296051039045,0.4343267560489279,1.389433521810192,6.247606002974387e-05,1800
0.2441179151765417,0.4760175960811494,1.3815081010753862,0.0004253355472845,1800
0.2470129667188981,0.5178044428870496,1.3728283722580126,0.0005538514278515,1800
0.2499098286076013,0.5596159321296041,1.3653185443407605,0.0001818278201622,1800
0.2527135542116573,0.6013213701772571,1.3584009283372396,0.0001115660195482,1800
0.255535647398756,0.6429180307503628,1.351482641267356,-4.0457494165299646e-06,1800
0.2867091467239921,0.4729795121109881,1.38058826538421,0.0004908773858321,1800
0.2896041982663485,0.5147663589168883,1.3719085365668364,0.0003324764095001,1800
0.2924468592997382,0.5566023150404313,1.364075671779056,0.0002135549573259,1800
0.2952505849037942,0.5983077530880843,1.3571580557755354,-1.5423608357989504e-06,1800
0.332047175559803,0.5117425156227161,1.3707614235630723,0.0004191233400683,1800
0.3348898365931927,0.5535784717462592,1.3629285587752924,9.233336400404912e-05,1800
-0.4683577389714922,0.3028907230069416,1.4293648133053662,0.0001966364724187,1830
-0.4617885533662664,0.3444369554748282,1.425064217501856,1.611372053215293e-05,1830
-0.4330117732901498,0.254391909948467,1.4308986937548815,-0.0001295894405006,1830
-0.4264012937195041,0.2960036671067306,1.4267632703736928,5.139823713354308e-05,1830
-0.4198321081142784,0.3375498995746172,1.4224626745701827,-0.0001747861610939,1830
-0.4134214272698128,0.3791908723158138,1.4183292176148832,-0.0001277194236597,1830
-0.3975380266826043,0.205906753000758,1.4324918420651105,0.0003276711457773,1830
-0.3911477669812103,0.247646418778357,1.4284993224008953,8.507248504564108e-05,1830
-0.3845372874105646,0.2892581759366207,1.4243638990197067,-0.0001322655323322,1830
-0.3780101644546336,0.3308545151308218,1.4203923499459397,-0.0001034157226914,1830
-0.371599483610168,0.3724954878720184,1.41625889299064,8.606578098745155e-05,1830
-0.3650317713995596,0.4140914126300643,1.411664174928701,0.0002039678260278,1830
-0.362064664366162,0.1574913407623634,1.4342792519604988,-0.0002285242955732,1830
-0.3555339553922477,0.1990590659029103,1.4299164660946635,-4.100946583086851e-05,1830
-0.3491436956908538,0.2407987316805094,1.4259239464304487,0.0001900044518908,1830
-0.3426994930126779,0.2826590404984571,1.4218640344051467,0.0002010330635219,1830
-0.3361723700567468,0.3242553796926583,1.4178924853313797,-0.0003380484527057,1830
-0.3296250930056226,0.3656526081559492,1.4130851479260054,0.000205743461375,1830
-0.3268794070181233,0.1093156812437238,1.4368274351164696,-0.0003490947295745,1830
-0.3230573807950141,0.4072485329139951,1.408490429864066,-5.055618897999853e-05,1830
-0.3202848061494336,0.15071779658966,1.4321431701014538,-0.0001789731717846,1830
-0.3165572222191737,0.448978194477917,1.4050980250542675,-2.6462582643917157e-05,1830
-0.3137540971755194,0.1922855217302069,1.4277803842356185,-3.232398918593532e-05,1830
-0.3070980780457526,0.2340259457166642,1.4228866251190289,0.0003499291623691,1830
-0.3006538753675767,0.2758862545346119,1.4188267130937269,0.00037611347815,1830
-0.2942420090116043,0.3175451031240679,1.4147534576287546,6.831593607523057e-05,1830
-0.2916457222011187,0.0612141861077811,1.43887674018982,-0.0003219671834843,1830
-0.28769473196048,0.3589423315873589,1.40994612022338,-0.0001775958963922,1830
-0.2849609658114601,0.1027939113355269,1.4338002545733464,0.0006892347802974,1830
-0.2811182060683974,0.4005205888922374,1.40563538231179,0.0002055562014217,1830
-0.2783663649427704,0.144196026681463,1.4291159895583307,-0.0005129888820549,1830
-0.2746180474925569,0.4422502504561594,1.4022429775019911,0.0001270561770915,1830
-0.2719775439780773,0.1857676964921339,1.4252556209418217,0.000340079056174,1830
-0.2680967087555455,0.4840204929558707,1.3983758511181383,0.0004002454690125,1830
-0.2653215248483105,0.2275081204785912,1.420361861825232,-0.0005020817980024,1830
-0.2586771621761555,0.2689820836611256,1.4158502037290022,-7.623913424765344e-05,1830
-0.2563422359927499,0.0130554879705814,1.4406110909405592,-0.0002000244462608,1830
-0.2522652958201831,0.3106409322505816,1.41177694826403,3.796985856292096e-05,1830
-0.249762746220934,0.0547773698398511,1.4354277790816006,0.0004158045801784,1830
-0.2458650835715099,0.3522534005793901,1.4077475315482937,-0.0001582987507954,1830
-0.2430779898312753,0.0963570950675969,1.4303512934651268,-0.0005607475445521,1830
-0.2392885576794273,0.3938316578842686,1.4034367936367036,-0.000205681811615,1830
-0.2365326173098243,0.1378238240497697,1.4266242306568602,-0.0002506852574209,1830
-0.2327277001928809,0.4355824375197784,1.3993698719313268,-3.121858308580139e-05,1830
-0.2301437963451312,0.1793954938604405,1.422763862040351,-0.0001976034179177,1830
-0.2262063614558694,0.4773526800194897,1.3955027455474738,-0.0001420317424569,1830
-0.2235993359175452,0.2208711119669479,1.4184113566109504,-1.1897372924701832e-05,1830
-0.2197911389481241,0.5189766763194243,1.3913207413646471,-0.0003087455561665,1830
-0.2169549732453902,0.2623450751494823,1.4138996985147203,-0.0003058400095799,1830
-0.2144469508673346,0.0065903102568657,1.437787592783571,0.0005307915658951,1830
-0.2103882222073126,0.3038810859252585,1.4094055607252427,-6.884179337281193e-05,1830
-0.2078674610955188,0.0483121921261353,1.4326042809246124,-0.0002200136373931,1830
-0.2039880099586394,0.345493554254067,1.4053761440095065,-1.7115006875505212e-05,1830
-0.2013695385110249,0.0897780018593852,1.4283744367140545,-0.0001140748541987,1830
-0.1975084476997548,0.3871708131681203,1.401108541341665,0.0001879461948887,1830
-0.1948241659895739,0.131244730841558,1.424647373905788,-0.000310252582571,1830
-0.1909475902132084,0.42892159280363,1.397041619636288,-3.421210276716158e-06,1830
-0.1884001129284417,0.1726709281219936,1.4200144422905625,-0.0001524999667046,1830
-0.1845574746016139,0.4705588912465667,1.393342341416286,-0.00030048861249,1830
-0.1818556525008557,0.214146546228501,1.4156619368611616,-0.0003849074882567,1830
-0.1781422520938686,0.5121828875465013,1.389160337233459,-2.8300848042429883e-05,1830
-0.1750781580304117,0.2556595228849644,1.4115136430809023,0.0002155803623856,1830
-0.171519270465974,0.5540978567468188,1.3842867198672462,0.0005329417000871,1830
-0.1685114069923342,0.2971955336607406,1.4070195052914247,-8.294550634969922e-05,1830
-0.1660151318610012,0.0416959997348857,1.4310346486825416,-0.0001214862618933,1830
-0.1620092361696588,0.3388492457010338,1.4020257157428606,0.0003763468747262,1830
-0.1595172092765074,0.0831618094681356,1.4268048044719837,-0.0002995820300648,1830
-0.1555296739107742,0.3805265046150871,1.3977581130750192,-4.285546706882248e-05,1830
-0.1529309439709742,0.1245428250245908,1.422070430486503,2.813265837067064e-05,1830
-0.1492533993634494,0.4222097390633663,1.3949161734587388,-0.0002672284700377,1830
-0.1465068909098419,0.1659690223050264,1.4174374988712772,-4.330617969857536e-05,1830
-0.142863283751855,0.4638470375063029,1.391216895238737,-0.0002186708621969,1830
-0.1399222069642117,0.2073222832914114,1.411578492115861,0.0005287529729494,1830
-0.1363063898993563,0.5054912942740624,1.386735991296857,0.0001702753134524,1830
-0.1331447124937678,0.2488352599478748,1.407430198335602,-5.914286420768272e-05,1830
-0.1296834082714617,0.5474062634743799,1.3818623739306442,0.0001728337460916,1830
-0.1265503802281459,0.2906016976926685,1.4031537062360062,0.0005655793998408,1830
-0.1231559509195083,0.589253676510004,1.3774348516172243,-0.0001591297611488,1830
-0.1200482094054706,0.3322554097329617,1.398159916687442,-0.0001371634372588,1830
-0.1178225397891028,0.076567813547657,1.4246174912754823,-0.0002089332821305,1830
-0.1139010193304041,0.3739411038282004,1.3965142126176084,-0.0006506969641749,1830
-0.1112362744835696,0.1179488291041122,1.419883117290002,-0.0006923551646712,1830
-0.1076247447830793,0.4156243382764797,1.3936722730013282,-0.0002251944121499,1830
-0.104581580377712,0.1592420362628256,1.4149017499157528,-0.0001404251097381,1830
-0.1010640936908824,0.4572429873770155,1.3886526476022685,9.226692782630248e-05,1830
-0.0979968964320818,0.2005952972492106,1.4090427431603365,-0.0004166057631362,1830
-0.0945071998383838,0.4988872441447749,1.3841717436603886,-0.0002220999103372,1830
-0.0913123498212196,0.2420533941469094,1.403992779061853,-4.032368173310236e-05,1830
-0.0879671613285244,0.5405700554013835,1.379947954328563,5.129143140591985e-05,1830
-0.0847180175555977,0.2838198318917031,1.3997162869622573,0.0001001504318009,1830
-0.081439703976571,0.5824174684370076,1.3755204320151435,7.263227660968263e-05,1830
-0.078739387881538,0.3257078648775329,1.399136041899704,-0.0011685400073209,1830
-0.0748767972981358,0.6244593912159186,1.370456050426982,0.0004891968194973,1830
-0.0725921978064715,0.3673935589727716,1.3974903378298702,-0.000293896843656,1830
-0.06949534977899,0.111348018536015,1.4174790750248811,0.0001453746509379,1830
-0.0658806907608169,0.4089514294506525,1.391521179720899,7.231685260483678e-06,1830
-0.0628406556731324,0.1526412256947284,1.412497707650632,-0.0004533868202501,1830
-0.0593200396686201,0.4505700785511883,1.386501554321839,-0.0001390463276469,1830
-0.0563484130169497,0.1939594259186044,1.4077848921020142,-0.0001500111522398,1830
-0.0527478858854285,0.4922816454300401,1.3815825203540937,0.0001101439420609,1830
-0.0496638664060875,0.2354175228163031,1.4027349280035308,-0.0004192883332634,1830
-0.0462078473755691,0.5339644566866486,1.3773587310222686,-0.0001973393361223,1830
-0.0429375315557391,0.277179988228026,1.3970479692147886,0.0004265834907855,1830
-0.0396352915669091,0.5756632662020955,1.372846553858193,0.0002509663128989,1830
-0.0369589018816794,0.3190680212138558,1.3964677241522354,0.0009493057040308,1830
-0.0330723848884739,0.6177051889810066,1.3677821722700318,0.0004059429329928,1830
-0.0309040787786646,0.3606957466844408,1.3961501136162466,0.0001791106966789,1830
-0.0265672138701417,0.6596294049910906,1.3630436882200607,-5.763385407162036e-05,1830
-0.02419257173301,0.4022536171623216,1.3901809555072755,-0.000149953461153,1830
-0.020950373106786,0.1460532428385216,1.4102333508990528,8.060581155470287e-05,1830
-0.0175571889763316,0.443834710779222,1.3846960769640515,-2.833855973084776e-05,1830
-0.0144581304506034,0.1873714430623976,1.4055205353504348,-0.0003136282232745,1830
-0.01098503519314,0.4855462776580738,1.379777042996306,6.007908144250312e-05,1830
-0.0078847449623361,0.2290147456953007,1.4003448586363083,0.0007072010482359,1830
-0.0044023929551576,0.5273411029136172,1.3746660845868903,0.0001279270984959,1830
-0.0011584101119877,0.2707772111070236,1.3946578998475658,-0.0002577166440526,1830
0.0021701628535023,0.5690399124290642,1.370153907422815,-0.0001390859185051,1830
0.0053093452503687,0.3122181474043721,1.3901425153767055,-0.0003575830456643,1830
0.0087085807072645,0.6108685718036462,1.364886217151231,0.000414820631713,1830
0.0113641683533836,0.353845872874957,1.3898249048407167,0.000676165275347,1830
0.0152137517255967,0.6527927878137303,1.3601477331012597,2.4997150156032263e-05,1830
0.0177165328411296,0.3955289595406981,1.3864313401146149,0.0010958290898107,1830
0.024351915597808,0.4371100531575983,1.380946461571391,-4.144511903950154e-05,1830
0.0273991408625051,0.1810640025761611,1.4024938765250976,0.0003125168409784,1830
0.0308038415783479,0.4787110317770529,1.3774042659188277,0.0001787347131872,1830
0.0339725263507724,0.2227073052090643,1.397318199810971,-0.0005413564270251,1830
0.0373864838163304,0.5205058570325964,1.372293307509412,0.0001447484391397,1830
0.040413604789574,0.2641972034310932,1.393375935466861,-0.0003654307424152,1830
0.043921728122966,0.562317655432599,1.3675891725241187,1.749986448170565e-05,1830
0.0468813601519305,0.3056381397284416,1.388860550996,-0.0005989622422171,1830
0.0504601459767281,0.6041463148071811,1.362321482252535,0.0002178588252511,1830
0.0534811740776249,0.3470736899622502,1.384136535283696,-0.0001178808830719,1830
0.0598335385653709,0.3887567766279912,1.380742970557594,4.033310704455728e-06,1830
0.0662246117592307,0.430397520070351,1.3770917298635634,-4.994838685710296e-05,1830
0.0726765377397706,0.4719984986898056,1.3735495342110005,-0.0001340325464129,1830
0.0755652674267258,0.2161100581573358,1.3953378111092205,-0.000305033466185,1830
0.0791280915329061,0.5137876509547008,1.369275321418574,0.0003487831067448,1830
0.0820063458655274,0.2575999563793646,1.39139554676511,-0.0002629188353138,1830
0.0856633358395417,0.5555994493547034,1.3645711864332806,-0.0001837946065377,1830
0.0884875890611868,0.2990950557330831,1.3874048063389512,-0.0002241807196551,1830
0.0950874029868812,0.3405306059668916,1.382680790626647,-0.0004374184425572,1830
0.1016337259704575,0.3820972918181987,1.3780964547595578,-0.0001855824026356,1830
0.1080247991643172,0.4237380352605586,1.3744452140655272,-0.0002066272272254,1830
0.1144595371799167,0.4653587938390418,1.370798522249246,-0.0001396217083213,1830
0.1209110909730522,0.507147946103937,1.3665243094568194,8.708776591274947e-05,1830
0.1237063967023969,0.2509921674722848,1.3891477554500016,-0.0001515784608156,1830
0.1301876398980563,0.2924872668260032,1.3851570150238428,-0.0004510122367607,1830
0.1365962198393378,0.3340093771844395,1.3814598163169711,-0.0002953748745408,1830
0.1431425428229141,0.3755760630357466,1.3768754804498822,-0.0004633489975249,1830
0.1497828398187808,0.4171086749666337,1.3718738121060254,-9.916331759315944e-05,1830
0.1562175778343803,0.4587294335451168,1.368227120289744,-0.0001765394313348,1830
0.1719606614991719,0.2859777037272548,1.3831906283432565,-4.784173640740019e-05,1830
0.1783692414404534,0.3274998140856911,1.379493429636385,-0.00020584466454,1830
0.1847997966097963,0.3690812818664178,1.375622865002799,9.059768222142994e-05,1830
0.191440093605663,0.4106138937973049,1.3706211966589423,-0.0004241195962977,1830
0.2202261871694461,0.3209172568508527,1.377503694785414,-0.0002412390553428,1830
0.226656742338789,0.3624987246315795,1.373633130151828,-0.0001549568371025,1830
-0.5222042357439907,0.1654046849258812,1.378834228157142,-0.0001094886160113,2160
-0.5220246294327271,0.2080264665563921,1.3803943447652849,0.0001968935735567,2160
-0.4801332995964711,0.1228342307406842,1.373632094823789,0.0002776562141313,2160
-0.4799482300989556,0.1654171491465997,1.375637253796994,0.0001590733526954,2160
-0.4797686237876919,0.2080389307771105,1.377197370405137,0.0002564721031331,2160
-0.4794310262570254,0.2505662563936853,1.379237736332961,0.0002238920763722,2160
-0.4380567908283233,0.0802217983110191,1.368009636289491,2.3756389738928407e-05,2160
-0.4377259410942276,0.1226150161514641,1.3701913415250446,2.9836520597917304e-05,2160
-0.437540871596712,0.1651979345573796,1.3721965004982497,0.0004680536067233,2160
-0.4373764497956875,0.2078800774043278,1.37430887254455,0.000137977251724,2160
-0.437038852265021,0.2504074030209026,1.376349238472374,-5.394224304441919e-06,2160
-0.4368011202165363,0.2928135111904726,1.3783120234035966,-0.0001729781348924,2160
-0.396014505805477,0.0376489654329029,1.3629819008204445,6.433227299213612e-05,2160
-0.3957627571673122,0.0801063079969621,1.365144449282055,4.954950086166754e-05,2160
-0.3954319074332165,0.1224995258374071,1.3673261545176092,-0.0001342286879663,2160
-0.3952312238715264,0.1651241109411744,1.369553547620861,0.0001925106765382,2160
-0.395066802070502,0.2078062537881226,1.3716659196671614,-2.0445867505096416e-05,2160
-0.3947867697877598,0.2502634730182967,1.3735985477991228,4.132572165620185e-05,2160
-0.3945490377392751,0.2926695811878668,1.3755613327303453,-2.8811682387899773e-05,2160
-0.3942754691244455,0.3349941460800053,1.377581695168263,-2.425820354363256e-05,2160
-0.3539659815127804,-0.0048286983575785,1.358341955467743,-0.0001636275512484,2160
-0.3537253985121908,0.0375727537136086,1.3604285416697812,5.189586931438756e-05,2160
-0.3534736498740261,0.0800300962776678,1.362591090131392,-8.885863375552444e-05,2160
-0.353186478660381,0.1224903991467705,1.3646359994404462,0.00010736518154,2160
-0.3529857950986909,0.1651149842505377,1.3668633925436982,0.0002938458308631,2160
-0.3528470862541546,0.2077915952412809,1.3695246215431438,9.364418035547052e-05,2160
-0.3525670539714123,0.2502488144714551,1.371457249675105,-0.0003161459251833,2160
-0.3523841925397223,0.292543561290525,1.3734944477784783,-0.0002715780189381,2160
-0.3521106239248928,0.3348681261826636,1.3755148102163957,-0.0004027895440191,2160
-0.3517371723652501,0.3772183015438053,1.3772769895564243,-9.75240621519588e-05,2160
-0.3119534473889719,-0.0472655397420597,1.353688294634556,-4.170263539577529e-05,2160
-0.3116860116271134,-0.0048931632117758,1.355838460505126,-4.092598806247627e-05,2160
-0.3114454286265238,0.0375082888594113,1.3579250467071642,2.675937991288013e-05,2160
-0.3111110746853123,0.0798246054308075,1.3596735691100323,-1.6027602577683986e-05,2160
-0.3108334975925088,0.1649318042644931,1.3651270639435409,-0.0001720074581125,2160
-0.3108239034716672,0.1222849082999102,1.3617184784190868,0.0003476187825057,2160
-0.3106947887479725,0.2076084152552363,1.3677882929429863,6.677865318346216e-05,2160
-0.3104832186552886,0.2501424242994963,1.3693351534454568,-0.0002812002123576,2160
-0.3103003572235986,0.2924371711185662,1.3713723515488303,-0.0001612506264124,2160
-0.3098951386039527,0.3347628276859103,1.3730807315919609,9.070690050465984e-05,2160
-0.3095216870443099,0.3771130030470521,1.3748429109319895,-7.305933544663606e-05,2160
-0.3092140583262209,0.4194204920995816,1.3765839053440032,-6.180654502489086e-05,2160
-0.2698997159953157,-0.0897845147101104,1.349148570379152,-5.464607996732984e-06,2160
-0.2696925716790997,-0.0474108654831525,1.3510945516293285,-9.204907923389404e-05,2160
-0.2694251359172412,-0.0050384889528686,1.3532447174998985,-6.238777898006503e-05,2160
-0.2691341351121629,0.0373684264262514,1.3551839152049632,-6.8725871844727005e-06,2160
-0.2687997811709514,0.0796847429976476,1.356932437607831,-0.0002793503011931,2160
-0.2686607500575236,0.1647712996641022,1.3626624741393611,0.0004251538020468,2160
-0.268651155936682,0.1221244036995193,1.3592538886149073,-9.639055416334195e-05,2160
-0.2684973868312335,0.2072879197991036,1.365096348065954,-2.0720660772695357e-05,2160
-0.2682858167385497,0.2498219288433636,1.366643208568425,0.0002227331923908,2160
-0.2679561868575147,0.2923307501132067,1.3681955292963823,0.0001113211738916,2160
-0.2675509682378688,0.3346564066805509,1.369903909339513,-0.0001186893794055,2160
-0.2673280231715078,0.3769225207289296,1.3718197038711042,-0.000240005680079,2160
-0.2670203944534188,0.4192300097814592,1.373560698283118,-0.0002058230424985,2160
-0.2666801255171411,0.4615990827141831,1.376010292326796,-0.0001143772508326,2160
-0.2274633915097753,-0.0900236431045212,1.3462642207539033,1.1892765468660138e-05,2160
-0.2272562471935593,-0.0476499938775634,1.34821020200408,0.0003878058595256,2160
-0.227108382996884,-0.0052534989989109,1.3505562442058872,-5.718254453072891e-05,2160
-0.2268173821918058,0.037153416380209,1.3524954419109518,0.0001326601916804,2160
-0.2266073864103876,0.079651408288558,1.3548865899003495,-5.00411528087108e-05,2160
-0.2264587611761182,0.1220910689904297,1.3572080409074256,0.0001251157607197,2160
-0.2262503317571715,0.1645773594454392,1.3589279073179916,0.0001115351312026,2160
-0.2260869685308815,0.2070939795804406,1.3613617812445846,0.0003569892484918,2160
-0.2258616574378339,0.2495918053942915,1.3635190273802584,0.0001860924472004,2160
-0.225532027556799,0.2921006266641347,1.365071348108216,0.0001177258532666,2160
-0.2252600390910901,0.3344706037254557,1.3671780520858707,-0.0001123278915898,2160
-0.2250370940247291,0.3767367177738344,1.369093846617462,9.942580280676572e-06,2160
-0.2248751323820874,0.4190994090714451,1.371242407867702,-6.584449485438904e-05,2160
-0.2245348634458098,0.4614684820041692,1.37369200191138,-0.0001834484996127,2160
-0.2242471986157055,0.5038157870466073,1.3762313079930475,-0.0001712487451679,2160
-0.1849032674490243,-0.0478750840663873,1.3456378272745635,-0.0001894948995064,2160
-0.1847554032523491,-0.0054785891877349,1.3479838694763708,-1.438212845990966e-05,2160
-0.1845490035715307,0.0369648863061078,1.3501907739038446,-4.146060497258602e-05,2160
-0.1843390077901125,0.0794628782144569,1.3525819218932424,8.545044797585166e-05,2160
-0.1840850939086275,0.1219082097139595,1.3541408895846934,-3.371298604512574e-05,2160
-0.1838766644896808,0.164394500168969,1.3558607559952591,0.0002330487440328,2160
-0.1836036641908324,0.2069210868309774,1.3577641579828237,0.0001063839357082,2160
-0.1833783530977848,0.2494189126448283,1.3599214041184973,0.0003031465471893,2160
-0.1832676842035574,0.2918518655472384,1.3623999871873034,-0.0001568895127302,2160
-0.1829956957378485,0.3342218426085593,1.3645066911649582,-7.530537148615901e-05,2160
-0.1827438789511426,0.3766125031481713,1.366882921824426,-0.000158705344986,2160
-0.182581917308501,0.418975194445782,1.3690314830746655,-2.3418817339228293e-05,2160
-0.1823958328399237,0.4613228418821209,1.371729013520804,-0.0001355332143091,2160
-0.1821081680098193,0.5036701469245591,1.374268319602472,-0.0001881663006812,2160
-0.1816674486797745,0.5460156960372181,1.3758505341414948,7.483988851985507e-05,2160
-0.1423865293346107,-0.0056141604109807,1.3456242427430434,8.677241930381274e-05,2160
-0.1421801296537923,0.036829315082862,1.3478311471705169,0.0002071890633463,2160
-0.1420446482561103,0.0792577400364256,1.3498194518755993,-3.0412111638712654e-05,2160
-0.1417907343746254,0.1217030715359283,1.3513784195670502,2.023049701628532e-06,2160
-0.1415704125293881,0.1642256345361557,1.353314653209155,2.485897627321071e-05,2160
-0.1412974122305396,0.2067522211981642,1.355218055196719,-7.033908744245865e-05,2160
-0.1410656903775509,0.2491905043843539,1.3571829735183707,-0.0001584101664478,2160
-0.1409550214833235,0.291623457286764,1.3596615565871768,0.0001674198863869,2160
-0.1407107293988784,0.3340158871497014,1.361804688861853,-2.2186925153773462e-05,2160
-0.1404589126121725,0.3764065476893133,1.3641809195213204,0.0001944716346257,2160
-0.1403413111192662,0.4189429755427958,1.3675131723920375,2.6190426856143034e-06,2160
-0.1401552266506888,0.4612906229791347,1.3702107028381758,-0.0002699699362553,2160
-0.139725098390541,0.5035495378116933,1.3715489769389266,0.0002284669420906,2160
-0.1392843790604962,0.5458950869243524,1.3731311914779496,-0.0001264198176095,2160
-0.1389557060791209,0.5881183450909824,1.375223562444134,-0.0001189707006773,2160
-0.0998151902344471,0.0366820185836062,1.3451963718270266,-6.21760428186971e-05,2160
-0.0996797088367651,0.0791104435371698,1.3471846765321087,8.30896765938588e-05,2160
-0.0994469316126733,0.1215543718634194,1.3488457217287784,0.000105898652981,2160
-0.0992266097674361,0.1640769348636468,1.3507819553708829,0.0002548068413877,2160
-0.0990077603058372,0.2065933354642439,1.3530730114805516,8.652410547137918e-05,2160
-0.0987760384528484,0.2490316186504336,1.3550379298022035,7.585115079423305e-05,2160
-0.0985508571935138,0.2913941665842683,1.3569587259375164,-2.8755314772206664e-05,2160
-0.0984175961537722,0.3763536320040707,1.3637232589226531,-0.0001166341127583,2160
-0.0983065651090687,0.3337865964472057,1.359101858212192,0.000124866154197,2160
-0.0982999946608658,0.4188900598575532,1.3670555117933707,-0.000387824276143,2160
-0.0978202174067615,0.4611271329349403,1.3676696894422613,-0.0001885349187587,2160
-0.0973900891466136,0.503386047767499,1.369007963543012,-0.0002170333861249,2160
-0.0969972014962066,0.5457242780682034,1.3703962170970243,-0.0001317236342838,2160
-0.0966685285148313,0.5879475362348334,1.372488588063209,-0.0001887062617367,2160
-0.0572924583375,0.0790123939564568,1.344852906461422,6.4999846904161e-05,2160
-0.0570596811134082,0.1214563222827064,1.3465139516580913,-3.426327347075264e-05,2160
-0.0568019757780845,0.1638786919759974,1.3484894220661048,7.0569120233753e-05,2160
-0.0565831263164856,0.2063950925765945,1.3507804781757735,0.0001946194543403,2160
-0.0562854821167898,0.2487926083294862,1.3524733679132055,2.012058900857649e-05,2160
-0.0560603008574552,0.2911551562633209,1.3543941640485184,0.0002803554334358,2160
-0.0559823836562301,0.4186503591345589,1.3651237617439658,0.0001430719572839,2160
-0.055941268561223,0.3761257412949904,1.3611428322577277,0.0015743527318584,2160
-0.0558302375165195,0.3335587057381254,1.3565214315472662,8.03367657619472e-05,2160
-0.0555026064021257,0.460887432211946,1.3657379393928564,-0.0002584708541346,2160
-0.0550948512185044,0.503193203312709,1.3668186952989323,0.0001176236873772,2160
-0.0547019635680974,0.5455314336134134,1.3682069488529447,-0.0001582963033603,2160
-0.0146743939658807,0.1212864070941906,1.3443410918167706,-2.938205691763174e-06,2160
-0.0144166886305569,0.1637087767874816,1.3463165622247844,0.0001402760403899,2160
-0.0141952139050308,0.2061185495262816,1.348307628500696,-7.254596412548109e-05,2160
-0.0138975697053351,0.2485160652791733,1.350000518238128,-2.7687365673226272e-05,2160
-0.0136085284806417,0.2909536121620061,1.3517138841306755,-2.888511387559578e-05,2160
-0.013378465139706,0.3333571616368107,1.3538411516294235,6.921277795594871e-05,2160
-0.0131519419388248,0.4183273071475158,1.3598671388077523,0.0010530917951082,2160
-0.0131387557612565,0.4607001103634959,1.3638345326501973,-5.0027344189129686e-05,2160
-0.0131108268438177,0.3758026893079473,1.3558862093215145,8.571166174154571e-05,2160
-0.0127310005776352,0.5030058814642588,1.3649152885562734,-0.0001607130426882,2160
0.0280368939589013,0.1635446431891359,1.3435150438359686,0.0001811144355329,2160
0.0282583686844274,0.2059544159279359,1.3455061101118806,0.0001772825443052,2160
0.028527094481058,0.248320878764147,1.347380247637592,0.0001913961130791,2160
0.0288161357057513,0.2907584256469798,1.3490936135301397,0.0002241018375203,2160
0.0290283409954108,0.3331991345220293,1.350824605046567,8.584859712919973e-05,2160
0.0292959792912991,0.375644662193166,1.3528696627386578,0.0002038752048046,2160
0.0295442473514143,0.4180669119576622,1.3552106794773402,1.7794223568089185e-05,2160
0.0295574335289827,0.4604397151736422,1.359178073319785,0.0008293702794165,2160
0.0706907703016093,0.2057824130029998,1.342754787122697,-0.0001148611222754,2160
0.0709594960982398,0.2481488758392109,1.3446289246484084,-3.1213551549356955e-05,2160
0.0711331254477734,0.2905642288145801,1.3464690452119472,-0.0001800213352019,2160
0.0713453307374329,0.3330049376896297,1.3482000367283749,-6.472534305469735e-05,2160
0.0716536169526883,0.375403616240434,1.3499450440748535,-0.0001033686943065,2160
0.0719018850128035,0.4178258660049302,1.3522860608135354,0.0001471980241221,2160
0.1132690183915023,0.2480026547772087,1.341877429028859,5.292475592805906e-05,2160
0.1134426477410359,0.290418007752578,1.343717549592398,0.0001654359698118,2160
0.1137019557899288,0.3328049293327763,1.345493002162682,0.0001372651314527,2160
0.1140102420051841,0.3752036078835807,1.3472380095091605,0.000108462997335,2160
0.1558592981877111,0.290226726054456,1.3411118113934632,-9.432605790092584e-05,2160
0.156118606236604,0.3326136476346544,1.342887263963747,-6.812328953074986e-06,2160
-0.5498285863036443,0.2664689581156111,1.3781046205622791,-0.0003548550667301,2190
-0.5483338080026299,0.308852627503144,1.380584656686188,0.0001054359479654,2190
-0.509004158253312,0.2229222073935494,1.3735379637197127,8.914673708339954e-05,2190
-0.5076180781471599,0.2653795496448943,1.3757903288243698,0.0001604592118662,2190
-0.5061232998461455,0.3077632190324272,1.3782703649482784,-0.0001256365367703,2190
-0.5045879609930561,0.3500403997056696,1.3804767981668935,8.159561872828763e-05,2190
-0.4680678915234804,0.1792348237268494,1.368771142656922,3.0806424297154245e-05,2190
-0.4667943937884069,0.2216250837140412,1.3712414909729969,-0.0002427665272428,2190
-0.4654083136822547,0.2640824259653862,1.373493856077654,-5.4919438858686e-05,2190
-0.4637683680345111,0.306562600712951,1.3751995403274129,0.0001592089267897,2190
-0.4622330291814217,0.3488397813861934,1.3774059735460282,-0.0001332280164302,2190
-0.4607385138436562,0.3910317817411252,1.3792116460763135,-3.498648908834001e-06,2190
-0.4271861595569284,0.1355291026084751,1.364004528404677,4.143238820460138e-05,2190
-0.4258154348350796,0.1779547236160221,1.3663966818883888,-1.201469628914209e-05,2190
-0.4245419371000062,0.220344983603214,1.3688670302044637,0.0001361498880874,2190
-0.4230710954933866,0.2627759433389122,1.3707284170475684,0.0003498226772075,2190
-0.4214311498456429,0.305256118086477,1.3724341012973271,-4.914056219861712e-05,2190
-0.4199486013814664,0.3475944260816475,1.3744851267342506,-8.739631339868548e-05,2190
-0.4184540860437009,0.3897864264365793,1.376290799264536,-0.0003170287735432,2190
-0.4170133531836396,0.4321830005298162,1.3784810991049126,0.0001092898177617,2190
-0.3863275265509512,0.0919212521490535,1.359378873025848,-0.0001634171824605,2190
-0.3848709617999298,0.1342724031027764,1.3613579864265488,6.88355553707179e-05,2190
-0.383500237078081,0.1766980241103234,1.3637501399102607,0.0001249317142303,2190
-0.3821039836994718,0.2191216591569759,1.3657061935740995,0.000112506657736,2190
-0.3806331420928522,0.2615526188926741,1.3675675804172045,1.853822200099248e-05,2190
-0.3791573403614605,0.3039197403465238,1.369541956606107,2.8795981450661923e-05,2190
-0.377674791897284,0.3462580483416942,1.3715929820430302,-2.015516023819164e-05,2190
-0.3761821502217098,0.3886601518437652,1.373578766427954,0.0001327644973241,2190
-0.3747414173616485,0.431056725937002,1.3757690662683306,7.762722172185987e-05,2190
-0.3454742220150656,0.0483534708558941,1.3548745728945502,-4.4233089361959965e-05,2190
-0.3440261386968694,0.0906533721901436,1.3569011212840083,-1.9891339142104336e-05,2190
-0.3425695739458478,0.1330045231438666,1.358880234684709,1.1195043765642454e-05,2190
-0.3411547142260714,0.1755077388689326,1.3614665445405014,0.0001239141396539,2190
-0.3397584608474623,0.2179313739155851,1.3634225982043404,-0.0001661053091589,2190
-0.3382209496671106,0.260205825510826,1.3645912335365282,0.0001353561590738,2190
-0.3367451479357189,0.3025729469646757,1.3665656097254306,0.0001684807726459,2190
-0.3352963076551586,0.3449308689891304,1.3685357826606976,8.355118595904792e-05,2190
-0.3338036659795845,0.3873329724912013,1.3705215670456217,0.0001757646310449,2190
-0.332312872362558,0.4297296932639775,1.3725785990983466,7.0902798350439e-05,2190
-0.3046333486070187,0.0047971912887172,1.3500888162571378,-0.0001553687752077,2190
-0.3031417695722208,0.0471023668576764,1.352295932476181,5.498483690135475e-05,2190
-0.3016936862540245,0.0894022681919259,1.354322480865639,-0.0001310445268827,2190
-0.3003105974407641,0.1317125439116042,1.3560942712500277,-2.0764851812980767e-05,2190
-0.2988957377209877,0.1742157596366702,1.35868058110582,0.0002467847630571,2190
-0.2973421131003608,0.2166160976360913,1.3607427688368512,6.454789776656755e-05,2190
-0.2958046019200092,0.2588905492313322,1.3619114041690388,-6.6155111660339e-05,2190
-0.2945016480262061,0.3012329490713817,1.3639549150841583,-0.0002135009289157,2190
-0.2930528077456459,0.3435908710958364,1.3659250880194256,-0.0002521614505529,2190
-0.2914106506092488,0.385908565020442,1.3673177953835665,2.654090383084201e-05,2190
-0.2899198569922223,0.4283052857932182,1.3693748274362916,0.0001733011194795,2190
-0.2884820350649393,0.470700766706176,1.3717558839536257,-6.2716699124922e-05,2190
-0.262262083881944,0.0035288123453583,1.3470533162239884,9.385812432449736e-05,2190
-0.2607705048471461,0.0458339879143175,1.3492604324430313,0.0001145734610492,2190
-0.2593823481381364,0.0881748407529501,1.3514413604541915,-7.1866317028213e-06,2190
-0.2579992593248761,0.1304851164726284,1.3532131508385803,4.100247127582224e-06,2190
-0.2566081319739753,0.1728377985290308,1.355549649586684,4.679256143679672e-05,2190
-0.2550545073533484,0.215238136528452,1.357611837317715,-0.0001906337139306,2190
-0.2535728282144066,0.2576465885057223,1.3591124359004605,-3.113491220566728e-05,2190
-0.2522698743206036,0.2999889883457718,1.3611559468155798,4.624961774001707e-05,2190
-0.2507833954379279,0.3422779643612446,1.363124623258971,0.0001669622986848,2190
-0.2491412383015308,0.3845956582858502,1.3645173306231122,-0.0002185988525885,2190
-0.2476873257537912,0.4269775393403184,1.3666057376226393,-3.9319512687902014e-05,2190
-0.2462495038265082,0.4693730202532762,1.3689867941399736,-0.0001316230327447,2190
-0.2447602439637016,0.5117923746290246,1.370950442278211,7.624120083694896e-05,2190
-0.243326953992209,0.5541891294586965,1.3725638520128276,-0.0001417604262015,2190
-0.2418061912361321,0.596618244575599,1.374340548330257,0.0002434374231887,2190
-0.218394459774145,0.0445445845317759,1.3458903076592592,4.032075966607651e-05,2190
-0.2170063030651353,0.0868854373704086,1.3480712356704196,0.00012632208528,2190
-0.2156064910715395,0.1291827686445541,1.3501635529522087,1.0031248109942936e-06,2190
-0.2142153637206387,0.1715354507009566,1.3525000517003123,0.0002637714743738,2190
-0.2127948305741988,0.2139185198238528,1.3546076140869407,9.596780739621474e-05,2190
-0.211313151435257,0.256326971801123,1.3561082126696862,0.0001121939144612,2190
-0.2098386943937567,0.2987309377464274,1.3578491804608357,6.83434584328596e-05,2190
-0.208352215511081,0.3410199137619002,1.3598178569042272,-3.479576707839105e-05,2190
-0.2069323480923407,0.3833848584569762,1.3618990434054088,7.132868718647684e-05,2190
-0.2054784355446011,0.4257667395114445,1.363987450404936,-5.536120527526584e-05,2190
-0.2041232869330282,0.4680724462297821,1.366485914784509,-0.0001836513967343,2190
-0.2026340270702216,0.5104918006055305,1.3684495629227469,-0.0001528986140278,2190
-0.2010476000065503,0.5528679909515174,1.370161618176039,-9.826197047007462e-05,2190
-0.1995268372504735,0.5952971060684199,1.3719383144934685,2.2399269356321305e-05,2190
-0.1980832870716637,0.6377070834959095,1.3738537101315775,-0.0002391859103564,2190
-0.1746430714983531,0.0855541010978879,1.3452605784582836,-9.901987921136918e-05,2190
-0.1732432595047573,0.1278514323720335,1.3473528957400729,-3.158518896442114e-05,2190
-0.1718785194220373,0.1702048730043324,1.3495612447352534,-7.39608217060761e-05,2190
-0.1704579862755973,0.2125879421272286,1.351668807121882,-7.915450412940978e-05,2190
-0.1689072026053725,0.2549804797827384,1.353368057077375,0.0001351817596061,2190
-0.1674327455638722,0.2973844457280428,1.3551090248685247,4.7490452464278576e-05,2190
-0.1659989082683488,0.3397198266178528,1.3568493618304325,-1.7824186470713488e-05,2190
-0.1645790408496085,0.3820847713129288,1.358930548331614,0.0001627831245889,2190
-0.1632215281274734,0.4244503622351817,1.3610079761767688,-0.0001078546046309,2190
-0.1618663795159006,0.4667560689535193,1.363506440556342,0.0001553393673865,2190
-0.1603806571468553,0.509160613630935,1.3656895476382638,0.0002303404736445,2190
-0.158794230083184,0.551536803976922,1.367401602891556,-0.0001078559248962,2190
-0.1573352788663453,0.5938398431706764,1.3692331870167629,-6.116636758557448e-05,2190
-0.1558917286875355,0.6362498205981659,1.3711485826548722,8.291120088023407e-05,2190
-0.1543344947005894,0.6785564477661781,1.373508958200985,-4.834215560668709e-05,2190
-0.1309368488209923,0.1265444530574254,1.344334567120222,-3.922455331384356e-05,2190
-0.1295721087382723,0.1688978936897244,1.3465429161154026,0.000203660218944,2190
-0.1281020503791415,0.2113692547359321,1.3486922703021365,0.0002788363761985,2190
-0.1265512667089167,0.2537617923914418,1.3503915202576295,-0.0001037532489607,2190
-0.1250599950807458,0.2960182596288686,1.3520092729031858,1.0791273394455958e-05,2190
-0.1236261577852224,0.3383536405186786,1.3537496098650936,0.0001104925086774,2190
-0.1222453595731037,0.3807797368793356,1.3560020794372956,3.482140126617739e-05,2190
-0.1208878468509686,0.4231453278015885,1.3580795072824503,2.4313427199024185e-05,2190
-0.1196065732891015,0.4654572059466285,1.3610739428084635,-0.0001469284999138,2190
-0.1181208509200562,0.5078617506240442,1.363257049890385,-0.0002318371412983,2190
-0.1165219598292008,0.550284085088876,1.3643242004235128,4.618651779252081e-05,2190
-0.1150630086123622,0.5925871242826305,1.3661557845487198,-0.0001101291415405,2190
-0.1136001879289592,0.6348629172720897,1.3681787983300715,7.989758371074185e-06,2190
-0.1120429539420131,0.6771695444401018,1.3705391738761843,-0.0001349737862119,2190
-0.0871420561192496,0.1675785686482105,1.3436053661964111,8.951855611131349e-05,2190
-0.0856719977601189,0.2100499296944182,1.345754720383145,0.0001630230815289,2190
-0.0842687509101859,0.2524203295168876,1.3475193029199375,-0.0001424275534152,2190
-0.082777479282015,0.2946767967543143,1.3491370555654938,-0.0001428191625021,2190
-0.0812841883861978,0.337050016548427,1.3507437391378485,2.0374301615867785e-05,2190
-0.0799033901740791,0.379476112909084,1.3529962087100509,0.0001851688163335,2190
-0.0786264280652931,0.4219827382397776,1.3564967263514798,3.298758009556701e-06,2190
-0.0773451545034259,0.4642946163848177,1.3594911618774923,-0.0001825494910796,2190
-0.0757803580425118,0.5064999404219582,1.360542748815508,0.0002791418082579,2190
-0.0741814669516564,0.5489222748867901,1.3616098993486356,8.864578177583682e-05,2190
-0.072724930162557,0.5914073425474569,1.3627920925335089,0.0001494136782603,2190
-0.0712621094791541,0.6336831355369161,1.3648151063148606,-8.257295146484045e-05,2190
-0.0433668180578214,0.2086217392139566,1.342955798427769,-5.9285275928334935e-05,2190
-0.0419635712078884,0.250992139036426,1.3447203809645614,4.104826841505593e-05,2190
-0.040552621810295,0.2933709515251331,1.346585542911748,-4.092675629540493e-05,2190
-0.0390593309144779,0.3357441713192458,1.348192226484103,-0.0001194484089494,2190
-0.0379658236986251,0.3782937029450467,1.353095469966064,-0.0001459528138189,2190
-0.036688861589839,0.4208003282757404,1.356595987607493,-0.0005733296677848,2190
-0.0350433380777075,0.4630058912606293,1.356927527669088,-0.0002616800809261,2190
-0.0334785416167934,0.5052112152977699,1.3579791146071034,-0.0004075497809531,2190
-0.0318812163338482,0.5475432139122328,1.358691393377596,-2.6377660458404284e-05,2190
-0.0304246795447488,0.5900282815728997,1.3598735865624691,6.300786859433222e-05,2190
0.0003982825258655,0.2496862752090977,1.3417045557308325,0.0001138087960973,2190
0.0018092319234589,0.2920650876978048,1.3435697176780197,0.0001115398647419,2190
0.0032194090598473,0.3344205439403855,1.3452944982783048,8.652993595534286e-05,2190
0.0043129162757,0.3769700755661864,1.3501977417602655,0.0016569920056939,2190
0.0057649260208911,0.4193613225837124,1.3521765953251157,0.0008129070180359,2190
0.0074104495330226,0.4615668855686014,1.3525081353867106,0.0006141216393033,2190
0.0087075699834553,0.5039238546600373,1.355745127215864,9.27579988450819e-05,2190
0.0103048952664004,0.5462558532745003,1.3564574059863566,-0.0002811801829653,2190
0.0441435521744914,0.2907373705145441,1.3408119644128242,-0.0001191419266254,2190
0.0455537293108798,0.3330928267571248,1.3425367450131096,-5.785634847844251e-05,2190
0.0469854260908659,0.375481046972903,1.3441468829391714,-3.9829854544377874e-05,2190
0.048437435836057,0.417872293990429,1.3461257365040211,-2.563764791239237e-05,2190
0.0498913412555116,0.4601817881409851,1.3483065365098093,-0.0001537787563321,2190
0.0511884617059442,0.5025387572324209,1.3515435283389627,0.0004646004949621,2190
0.0878346206837357,0.3317792607373184,1.3398097685502992,2.6566503345829e-05,2190
0.0892663174637218,0.3741674809530966,1.341419906476361,1.3723828632773716e-05,2190
0.0907132239124243,0.416494248442848,1.343219466461525,-4.2380470754499466e-05,2190
0.092167129331879,0.458803742593404,1.3454002664673128,4.149771727329776e-05,2190
0.1315737968012792,0.3728127376186289,1.3386217884821354,-5.507681568076017e-05,2190
0.1330207032499818,0.4151395051083802,1.3404213484672995,-3.366370726609613e-05,2190
-0.3860930245894733,0.1781839549999261,1.4089052486785505,-0.0004167253149888,2370
-0.3827373790034556,0.1363947653155576,1.410385041879453,-0.0006709653417978,2370
-0.3488863477212941,0.2232189172520517,1.3960513096937293,4.4815436299486255e-05,2370
-0.3454649448074957,0.1811062140005955,1.3969732268023272,-8.371446042731295e-05,2370
-0.3421092992214779,0.1393170243162269,1.39845302000323,-0.0001061973516094,2370
-0.3388599237303456,0.0974573214621243,1.400198719187395,-0.0002445946573158,2370
-0.3116480141250102,0.2683216629809104,1.3831270830111415,-0.0002451353539533,2370
-0.3082448470058755,0.2262889773279685,1.3843326091179826,-0.0002074132078743,2370
-0.304823444092077,0.1841762740765123,1.3852545262265807,-0.0002667190624556,2370
-0.3014210673878023,0.1420698630033178,1.3860599591215723,-0.0002024163426182,2370
-0.2981716918966699,0.1002101601492151,1.3878056583057372,-2.966014268895173e-05,2370
-0.2948423444774833,0.0583190793968013,1.389076843880551,0.0001327922063535,2370
-0.2745155106617276,0.3133569409289563,1.3703570551291668,-0.0002543456073417,2370
-0.2711648704505398,0.2713059674228459,1.3715043353425065,-0.000472772141131,2370
-0.2677617033314051,0.2292732817699041,1.3727098614493476,-0.0003222649096206,2370
-0.2642699254215774,0.1871655001229703,1.374183186421464,-0.0003347103222511,2370
-0.2608675487173025,0.1450590890497758,1.3749886193164556,-0.00048471969142,2370
-0.2575398809033413,0.1029659483123801,1.3759856807887858,-0.000524233643736,2370
-0.2542105334841547,0.0610748675599663,1.3772568663635996,-0.0006838543547644,2370
-0.2508426108827954,0.0192221582940854,1.3785448924729553,-0.0005231351117242,2370
-0.2373389435506311,0.3585607463701982,1.3574567139352085,0.0001199359481564,2370
-0.2339264631583149,0.3163524309873017,1.3586536960183515,-7.037886759517914e-05,2370
-0.2305758229471271,0.2743014574811914,1.359800976231691,-6.140464952231195e-05,2370
-0.2272034451317561,0.2322154183241936,1.3612373872089192,-9.33891140187243e-05,2370
-0.2237116672219284,0.1901076366772598,1.3627107121810356,-0.0001613041129191,2370
-0.2202960137976285,0.1480187569724784,1.363868528506169,-0.0001197729718448,2370
-0.2169683459836672,0.1059256162350827,1.3648655899784992,-0.0001149090736763,2370
-0.213742319141804,0.0639936974185711,1.3662540942442796,-0.0006168263337339,2370
-0.2103743965404447,0.0221409881526902,1.367542120353635,-0.0004536693866266,2370
-0.2068915762209586,-0.0198516188556099,1.3685239843235046,-0.0001586673572857,2370
-0.2000424010878899,0.4037771738768322,1.3443941732540292,-1.6743654051215584e-05,2370
-0.1967109910400999,0.3615591964896725,1.3460400448369203,-0.000235139413954,2370
-0.1932985106477837,0.319350881106776,1.3472370269200633,-0.0003203951566754,2370
-0.1899338549554228,0.2771728973969565,1.34826370851076,-0.0002890709739798,2370
-0.1865614771400518,0.2350868582399588,1.3497001194879883,-0.0002970719608498,2370
-0.1831063424718159,0.1930565688529867,1.3509876971005212,-0.0001896818487368,2370
-0.179690689047516,0.1509676891482053,1.3521455134256546,-0.0002152252881574,2370
-0.1762889129505331,0.1089397788748943,1.3533184299545116,-0.0002950620353767,2370
-0.1730628861086699,0.0670078600583827,1.354706934220292,-4.721435765949605e-05,2370
-0.1698035995041978,0.0249799366968271,1.3562052378227942,-0.0001579075066946,2370
-0.1663207791847117,-0.0170126703114729,1.357187101792663,-0.000597489255936,2370
-0.1628714376331277,-0.0591205384236947,1.3594255652571814,-0.0004272380775757,2370
-0.1627938280414013,0.4489868377130942,1.331643980177287,-8.325057883627057e-05,2370
-0.1592324277309781,0.4067138132198065,1.331981031941135,0.0003766598663637,2370
-0.1559010176831881,0.3644958358326468,1.333626903524026,0.0007192375827639,2370
-0.1525809578153796,0.3222213962895381,1.335136749996587,0.0004873862741125,2370
-0.1492163021230187,0.2800434125797186,1.3361634315872837,0.0002861902532599,2370
-0.1459556258895973,0.2379415483264102,1.3381631717146545,-0.0001247768439135,2370
-0.1425004912213614,0.1959112589394381,1.3394507493271872,-0.0003829492284483,2370
-0.1390991456133427,0.1538960308551047,1.3407213963181133,-0.0002179245855272,2370
-0.1356973695163598,0.1118681205817937,1.3418943128469702,-0.0004058469340748,2370
-0.1322994299422926,0.0699014546748833,1.3431966529364905,-0.0003474730021371,2370
-0.1290401433378205,0.0278735313133277,1.3446949565389923,-5.7139195635616535e-05,2370
-0.1256612818918954,-0.0142498569220278,1.346181916002279,-4.236266786128429e-05,2370
-0.1256097878906856,0.4941604538032053,1.3191185610599718,-0.0002472067344206,2370
-0.1223491534860347,0.4520751485559379,1.3211266245691238,-0.0007415157424522,2370
-0.1222119403403115,-0.0563577250342496,1.348420379466797,0.0001743559338863,2370
-0.1187877531756114,0.4098021240626501,1.321463676332972,-0.0009461956764865,2370
-0.1187708170724177,-0.0983672063133564,1.349357463716447,0.0003047962449885,2370
-0.1151215682296923,0.3674911835790212,1.3209473943654286,-0.0002682928925726,2370
-0.1118015083618838,0.3252167440359125,1.3224572408379895,0.000189860327524,2370
-0.1084605360979096,0.2830322728298715,1.3246551935206738,-0.0005759714831716,2370
-0.1051998598644882,0.2409304085765631,1.3266549336480449,7.91353843707307e-05,2370
-0.1018304685563664,0.1987893240415784,1.3278909597489426,-0.0001177359128607,2370
-0.0984291229483476,0.156774095957245,1.3291616067398686,-0.000135029315805,2370
-0.0950661399111216,0.1147732397209368,1.3305659710395177,-0.0002389262851645,2370
-0.0916682003370544,0.0728065738140264,1.3318683111290377,-0.0002737974661605,2370
-0.0883713498694152,0.5394056868212831,1.3062227721281416,0.0002510950175357,2370
-0.0882399765209786,0.0308060554111524,1.3331999328964286,-0.0001598643979444,2370
-0.0850874454783865,0.4971917227097131,1.308339367495346,-0.0006133751350275,2370
-0.0848611150750536,-0.0113173328242031,1.3346868923597153,3.925831404910651e-05,2370
-0.0818268110737356,0.4551064174624457,1.310347431004498,3.8753946766605096e-05,2370
-0.0813976075929191,-0.0534133293138461,1.3362411176005238,-9.299905721892043e-05,2370
-0.078668938409976,0.4129754015007619,1.313288831121166,-0.0009598205856875,2370
-0.0779564843250253,-0.0954228105929529,1.3371782018501737,-0.000318921337667,2370
-0.0750027534640569,0.3706644610171329,1.3127725491536228,-0.0014341867858034,2370
-0.0712770848255087,0.3282992126173725,1.3114277513930586,-0.0005770063012024,2370
-0.0679361125615345,0.2861147414113315,1.3136257040757429,-7.874264571270523e-05,2370
-0.0644405951256772,0.2439317494194806,1.3149002381134616,-5.0337360256821895e-05,2370
-0.0610712038175554,0.201790664884496,1.3161362642143597,-2.127163168191837e-06,2370
-0.0577381630229532,0.1597487196195065,1.3178865787826812,-0.0004081243858291,2370
-0.0543751799857272,0.1177478633831983,1.3192909430823303,-0.0002489607449708,2370
-0.0509809713308654,0.5848510509780941,1.292383092054443,0.0006649378811069,2370
-0.0509552479165221,0.0757528186929607,1.3203294995923192,-0.0002091591654908,2370
-0.0477540249927136,0.5424809820466892,1.2950808568041483,-0.0003804747281891,2370
-0.0475270241004463,0.0337523002900868,1.32166112135971,-0.0001263374969969,2370
-0.0444701206016849,0.5002670179351193,1.2971974521713523,9.345964941633034e-05,2370
-0.0440712946908049,-0.0083849265502063,1.3230142719619895,2.5720189272965266e-06,2370
-0.0409231773087749,0.4580140826784547,1.2971916710811775,0.0008426601067904,2370
-0.0406077872086705,-0.0504809230398493,1.3245684972027978,-0.0001091521942053,2370
-0.0377653046450153,0.4158830667167709,1.3001330711978458,0.0019610063713267,2370
-0.0343035789399065,0.3736384153699334,1.3011150346212947,0.0023987776842049,2370
-0.0305779103013584,0.331273166970173,1.2997702368607302,0.0005327562369957,2370
-0.0272557367584648,0.2891673241292369,1.3018597211395693,-6.959291682597651e-05,2370
-0.0237602193226075,0.2469843321373861,1.3031342551772882,6.307270017333333e-05,2370
-0.0203602182611373,0.2047781145489396,1.304660366446809,-0.0002650085690643,2370
-0.017027177466535,0.1627361692839501,1.3064106810151306,-2.815891805570125e-06,2370
-0.01361950115039,0.120713824814646,1.3078091825848035,-6.081213933039481e-05,2370
-0.0103250464575083,0.587869159310598,1.280845188362277,-0.0004142030926954,2370
-0.0101995690811849,0.0787187801244085,1.308847739094792,-0.0002149509290097,2370
-0.0070981001193565,0.5454990903791932,1.283542953111982,0.0003920231412802,2370
-0.0067351009193895,0.0366437462379566,1.3102269518792116,-6.378538741622086e-06,2370
-0.0036066566502566,0.5032497163000786,1.2839640160348984,0.0006433673185628,2370
-0.0032793715097481,-0.0054934806023365,1.3115801024814906,-0.0001214700291795,2370
-5.971335734655629e-05,0.460996781043414,1.2839582349447234,0.0001357658852456,2370
0.0033686793405502,0.4186689882235847,1.2852799568750288,4.458485548383684e-05,2370
0.0068304050456589,0.3764243368767472,1.2862619202984775,-0.000176587020914,2370
0.0101638276318271,0.3343306535303321,1.2883270839660694,-0.0006863072540457,2370
0.0134860011747206,0.2922248106893961,1.2904165682449085,-0.0001340583874567,2370
0.0168849492318606,0.2500663780809405,1.2918106070789146,-0.0002917647573652,2370
0.0202849502933308,0.207860160492494,1.2933367183484354,-7.316158410354545e-06,2370
0.0237763384930481,0.1657023533034832,1.2947503357841808,-0.000182992499106,2370
0.0271840148091931,0.1236800088341791,1.2961488373538537,-0.0001135969594821,2370
0.0305912967479924,0.0815745943495718,1.2972532717750005,2.5894521062566626e-05,2370
0.0336984001456768,0.5484957702061585,1.2706071051876324,0.0003404612854579,2370
0.0340557649097878,0.03949956046312,1.2986324845594197,-0.0001106100228353,2370
0.0371898436147767,0.5062463961270439,1.2710281681105489,-9.740709270616292e-05,2370
0.0406989852935686,0.4639553606167111,1.2724520534871522,6.024436487096774e-05,2370
0.0441273779914654,0.4216275677968818,1.2737737754174576,1.570720298233602e-05,2370
0.0473903948628114,0.3794624808652247,1.275686058413623,-0.0005801320317423,2370
0.0507238174489796,0.3373687975188096,1.2777512220812146,-0.0001152283072797,2370
0.0541186665427887,0.2952449552652545,1.2790722468257298,-0.0002155061288119,2370
0.0575176145999287,0.253086522656799,1.280466285659736,-3.689938489635086e-05,2370
0.0609536238650173,0.2109530966085989,1.281866297759783,-0.0001955971106539,2370
0.0644450120647345,0.1687952894195881,1.283279915195528,-6.297147416622212e-05,2370
0.0680220688528054,0.1266071226456552,1.284991205973942,-0.0001270483901542,2370
0.0714293507916047,0.0845017081610479,1.2860956403950887,-0.0002263882120936,2370
0.0778785537758617,0.5092500659520762,1.259344596696094,-2.0041169424570016e-05,2370
0.0813876954546536,0.4669590304417435,1.260768482072697,0.0001960395518721,2370
0.0846980337499458,0.4247075116694451,1.263201880357907,-0.0006927328772159,2370
0.0879610506212918,0.382542424737788,1.2651141633540723,-0.0001018689071233,2370
0.0914078802416346,0.3404065127325553,1.266311981669364,-0.0002343741344625,2370
0.0948027293354437,0.2982826704790001,1.2676330064138792,-3.551095487268341e-06,2370
0.0982407630152741,0.2560598351887732,1.2689786480153264,-4.950827896925414e-05,2370
0.1016767722803627,0.2139264091405731,1.2703786601153737,-0.0001124127368959,2370
0.105106841369815,0.1719225965079903,1.2720643913077951,-0.000321102230214,2370
0.1086838981578859,0.1297344297340574,1.273775682086209,-5.6385186097199225e-06,2370
0.1219261856605964,0.4700827121884762,1.250125760764445,-0.0006256880831,2370
0.1252365239558886,0.4278311934161779,1.2525591590496543,7.124903720102244e-05,2370
0.1286943974424083,0.3856311380078399,1.2537790395372426,-0.0001104799611089,2370
0.1321412270627511,0.343495226002607,1.2549768578525344,-2.1031668921603356e-05,2370
0.1355391007558139,0.3012549018089727,1.256332436199163,-9.893172038045324e-05,2370
0.1389771344356442,0.2590320665187457,1.2576780778006105,-0.000101570702482,2370
0.1424366337334389,0.2169274700273897,1.259076881961584,-0.0002393852466454,2370
0.1458667028228912,0.1749236573948069,1.2607626131540055,-9.367518487712888e-05,2370
0.1659889062845991,0.430921791199202,1.2412238620384488,-0.0001159842548842,2370
0.1694467797711188,0.3887217357908639,1.2424437425260366,-7.528744255214104e-05,2370
0.1728851412720494,0.3465137137472218,1.2437860529309108,-0.0001750053493519,2370
0.1762830149651121,0.3042733895535875,1.2451416312775394,2.936981092575841e-05,2370
0.1797214943838896,0.2620635383714402,1.2464528217811213,-0.0001402957574047,2370
0.1831809936816843,0.2199589418800842,1.247851625942095,-0.0001186220094677,2370
0.2101649994187324,0.3916979791648251,1.2310390374914086,1.2277562589847746e-05,2370
0.2136033609196629,0.3494899571211831,1.232381347896283,-2.5500428369101824e-05,2370
0.2170538053450971,0.3073016674797849,1.2337912854208493,-1.8837371213685505e-05,2370
0.2204922847638746,0.2650918162976377,1.2351024759244311,-2.060650552480892e-05,2370
0.2543725016499975,0.3524406266935405,1.2210406896928934,-8.721760707938037e-05,2370
0.2578229460754315,0.3102523370521423,1.2224506272174596,-9.378907438423872e-05,2370
-0.3098672633740923,0.435655941080579,1.4789927579841933,-0.0006499456655905,2550
-0.3076538792187805,0.4776861939700739,1.472816355585446,6.89436052039305e-05,2550
-0.2724765542061926,0.3897421638535015,1.4711534268954498,0.0001129925981988,2550
-0.2703277607909177,0.4318043075799548,1.4651918986556032,-5.958770473945413e-05,2550
-0.2681143766356059,0.4738345604694498,1.459015496256856,-6.889831216497916e-05,2550
-0.2655032167358627,0.5157722512332445,1.4519877946043318,0.0009529734514241,2550
-0.2346921542076363,0.343615908073382,1.4639645915249062,4.070845458108152e-06,2550
-0.232553676562117,0.3857611147240075,1.458287392177367,-0.0003589358281914,2550
-0.2304048831468421,0.4278232584504609,1.45232586393752,-0.000199904677013,2550
-0.2279672028594637,0.4698030377276678,1.4457295444444216,0.0003447651108056,2550
-0.2253560429597206,0.5117407284914626,1.4387018427918974,-0.0005693886480365,2550
-0.2229737446156425,0.5537666373748636,1.4320591348511411,-0.0001118262837933,2550
-0.1968338684743689,0.2974355384255165,1.456753441516235,0.0002945594304329,2550
-0.194640893727961,0.3396280826907849,1.4508205068658802,0.0001991340425633,2550
-0.1925024160824417,0.3817732893414105,1.4451433075183409,0.000356300774615,2550
-0.1902860697701011,0.4237755931059877,1.4394692566458538,0.00012640443277,2550
-0.1878483894827228,0.4657553723831946,1.432872937152755,-0.000173922666383,2550
-0.1854767389521591,0.5077208826923695,1.4259360866519946,0.0002379220556257,2550
-0.183094440608081,0.5497467915757706,1.4192933787112385,-3.104379302414084e-05,2550
-0.1806962534927366,0.5917118185689803,1.41294068841176,-6.472591795293747e-06,2550
-0.1589246007580126,0.2513984432489989,1.4495994851820364,-0.0001646845210969,2550
-0.1565177395538546,0.2935687382629142,1.4430341439519816,0.0008322330552929,2550
-0.1543247648074467,0.3357612825281826,1.4371012093016264,0.0002975947224885,2550
-0.152209151265517,0.3775999361802185,1.4314241798178786,0.0001099815372679,2550
-0.1499928049531765,0.4196022399447957,1.4257501289453915,0.0004206923633958,2550
-0.147740232320658,0.4617491202040271,1.4196822837626608,0.0006018044036196,2550
-0.1453685817900943,0.503714630513202,1.4127454332619005,-0.0002168186181752,2550
-0.1431153329821903,0.5455611401004206,1.4063349983480096,-5.932374601492346e-05,2550
-0.1407171458668459,0.5875261670936303,1.3999823080485312,-0.0002048794205313,2550
-0.1384227100548536,0.6295124428642414,1.393997382334517,-0.0004106827111701,2550
-0.120956216986212,0.2055507134152324,1.4419307295847066,0.0002162474298987,2550
-0.1185993316132204,0.2475853359191865,1.4360213725809468,0.0008743666176058,2550
-0.1161924704090624,0.2897556309331017,1.4294560313508915,0.0001894081426861,2550
-0.1141695165978371,0.3316293226125466,1.4240624151926338,-0.0007901123595303,2550
-0.1120539030559075,0.3734679762645825,1.418385385708886,-4.644280647850274e-05,2550
-0.1098833886331106,0.415683014084505,1.4126980792057824,-0.0002254121116522,2550
-0.1076308160005921,0.4578298943437363,1.406630234023052,-0.0003342006866932,2550
-0.1052642544420257,0.4997105020029842,1.3995559626629848,0.0002344151841232,2550
-0.1030110056341216,0.5415570115902029,1.3931455277490938,-9.850654564896172e-05,2550
-0.1007936251301414,0.5834285479842714,1.3871472393585504,-5.342097947510366e-05,2550
-0.0984991893181491,0.6254148237548826,1.3811623136445363,-1.648854373317854e-05,2550
-0.0961896077541115,0.6673623057156806,1.3748721854840456,0.0001171921821382,2550
-0.0828526258421557,0.1597134599108906,1.4342612680981492,-9.13553050507776e-06,2550
-0.080584962596306,0.2016286809383762,1.4285567971786617,-2.741540026509476e-05,2550
-0.0782280772233144,0.2436633034423302,1.422647440174902,1.5315681020498795e-05,2550
-0.0761817763605618,0.2855127204234742,1.4167239526305917,-0.0006946700958418,2550
-0.0741588225493365,0.327386412102919,1.4113303364723335,0.0002046913177582,2550
-0.072118110370298,0.3696079470843913,1.4069423123446805,-0.0008096275841912,2550
-0.0699475959475011,0.4118229849043138,1.401255005841577,-0.000237211328019,2550
-0.0676133918760907,0.4537063632916723,1.3940233258019827,-7.720461386549748e-05,2550
-0.0652468303175242,0.4955869709509202,1.3869490544419156,-0.0002557169088267,2550
-0.0628826882717887,0.537577649387678,1.3797293547648062,0.0001523767500586,2550
-0.0606653077678084,0.5794491857817465,1.3737310663742623,8.810480773155382e-06,2550
-0.0584745069678559,0.621331161379649,1.3678646093840587,4.247274904041476e-05,2550
-0.0561649254038184,0.6632786433404471,1.361574481223568,-0.0001429013933949,2550
-0.0539096846447133,0.7051802154148545,1.3554365713109486,-0.0001899041949922,2550
-0.0425208829237118,0.1557604100393831,1.4217086158820835,-0.0001533981473563,2550
-0.0402532196778621,0.1976756310668688,1.4160041449625962,3.7174279189713935e-06,2550
-0.0381833159756632,0.2395024421015733,1.4099325801050333,-0.0003166696040318,2550
-0.0361370151129106,0.2813518590827172,1.4040090925607234,0.0001027568250643,2550
-0.0338458735427175,0.3234591657207967,1.3973726892905196,0.0008197092673345,2550
-0.031805161363679,0.365680700702269,1.3929846651628663,0.0012889743801369,2550
-0.0298518722767223,0.4077703481704432,1.3890638903426804,0.0002224137355967,2550
-0.0275176682053119,0.4496537265578018,1.3818322103030862,-0.0004201059828914,2550
-0.025202842197464,0.4915287716815907,1.374424183853694,0.0002997282919326,2550
-0.0228387001517284,0.5335194501183487,1.3672044841765847,-0.0002716584693018,2550
-0.0205729778638643,0.5753555952453152,1.3606997721090426,-0.0004911532421861,2550
-0.0183821770639118,0.6172375708432177,1.3548333151188388,2.2251094997406684e-05,2550
-0.016138859614597,0.6592327940595322,1.3484163146382522,7.549481626430848e-05,2550
-0.0138836188554919,0.7011343661339396,1.3422784047256329,-7.168034133700485e-05,2550
-0.0116784489054646,0.7430583256991408,1.3364032402435195,-0.0001355293743256,2550
-0.0001644446209604,0.193524023893056,1.403444921483173,-0.000620325219978,2550
0.0019054590812384,0.2353508349277605,1.3973733566256104,2.4288070566078068e-05,2550
0.0041694742681293,0.2775045919885733,1.3899624408575515,0.0009381080747205,2550
0.0064606158383223,0.3196118986266528,1.3833260375873475,9.6557021080676e-05,2550
0.0086255454106364,0.3615015794545125,1.3779629724635742,-0.0003447394271303,2550
0.0105788344975931,0.4035912269226867,1.3740421976433883,0.0011013625662351,2550
0.0125177486477761,0.4456529904264181,1.3698335578278054,-0.0002203105669914,2550
0.014832574655624,0.4875280355502071,1.3624255313784133,-0.0004377476462279,2550
0.0171902725633082,0.5294488529492214,1.354912874972037,-3.5223524332356204e-05,2550
0.0194559948511724,0.571284998076188,1.3484081629044948,-0.0002772747216148,2550
0.021677305186936,0.6132453860139573,1.341627278124499,0.0002380977820355,2550
0.0239206226362508,0.6552406092302716,1.3352102776439123,-0.0001721622549716,2550
0.0261828403075791,0.6970796862908343,1.3288910058178929,3.6809989005376353e-06,2550
0.0283880102576064,0.7390036458560354,1.3230158413357795,0.0001385630969709,2550
0.030574070388815,0.7809815595213543,1.3172525194621552,-2.758162580841078e-05,2550
0.0422183225984777,0.2315580891790735,1.3834989197247367,0.0013323270962915,2550
0.0444823377853686,0.2737118462398863,1.376088003956678,-1.258198580720432e-05,2550
0.0465579014783502,0.3155380869332258,1.3706117753858174,-0.0006089214216005,2550
0.0487228310506643,0.3574277677610855,1.3652487102620436,-2.518298307205291e-06,2550
0.0509730014056118,0.3995083567130126,1.3587686032912698,0.0004573844411435,2550
0.0529119155557948,0.4415701202167441,1.3545599634756869,0.001060435890722,2550
0.0550580932326796,0.4835101850632575,1.3484001126569694,0.0019934592985712,2550
0.0574157911403638,0.5254310024622718,1.3408874562505932,0.0003083073761021,2550
0.0596605483968646,0.5673057702039228,1.334875049591246,0.0006836391219121,2550
0.0618818587326282,0.6092661581416919,1.32809416481125,0.0002619444515585,2550
0.063951715842153,0.6512449101231176,1.321910598035276,9.22079857773872e-05,2550
0.0662139335134813,0.6930839871836803,1.3155913262092565,-0.0002276884266032,2550
0.0685230607251925,0.7349536819268252,1.3097310034917466,-9.733740596633288e-05,2550
0.0707091208564011,0.7769315955921441,1.3039676816181225,0.0001167699371587,2550
0.0728279233708151,0.8188622810546493,1.297987786533843,-0.000114696082823,2550
0.0846284316382006,0.2696317798372789,1.3637759113036287,-0.0006667068339881,2550
0.0867039953311822,0.3114580205306183,1.3582996827327682,7.065357447622045e-05,2550
0.0888586013767165,0.3535163614958326,1.3521057985983589,0.0001848757033146,2550
0.091108771731664,0.3955969504477598,1.345625691627585,-7.894637000004784e-05,2550
0.0933629422704106,0.4374941206332384,1.338961290575185,7.797572987890827e-05,2550
0.0955091199472954,0.4794341854797518,1.3328014397564676,0.0002374644102731,2550
0.0976086306105928,0.521409574038534,1.3268312722053843,-6.61710333547394e-05,2550
0.0998533878670936,0.5632843417801849,1.3208188655460371,-0.000110353799409,2550
0.1020569886161916,0.6052554867454503,1.314380752084761,0.0002762464633694,2550
0.1041268457257163,0.6472342387268759,1.3081971853087868,0.0001337225317057,2550
0.106235737479372,0.6891298325228725,1.3029202844381689,-0.0003542021298865,2550
0.1085448646910832,0.7309995272660176,1.297059961720659,-0.0002980711940458,2550
0.1107687303666623,0.772877080763158,1.290833358977649,-0.0002360160060591,2550
0.1128875328810763,0.8148077662256632,1.2848534638933695,-2.7807390570490365e-05,2550
0.1268600421971545,0.307541940385336,1.3451694297651593,0.0001223115515646,2550
0.1290146482426888,0.3496002813505502,1.33897554563075,2.7302503185604177e-05,2550
0.1312775110710842,0.3915896015118036,1.332848178279791,0.0001446705071616,2550
0.1335316816098308,0.4334867716972823,1.3261837772273908,-0.0002189726134824,2550
0.13568387339524,0.4753786439261037,1.3196881319228329,-0.0001133886760254,2550
0.1377833840585374,0.5173540324848858,1.3137179643717496,8.904781021275981e-05,2550
0.1399512534044272,0.5593813425360359,1.3073961760949675,0.0002743334667433,2550
0.1421548541535252,0.6013524875013012,1.3009580626336916,-6.88199371059739e-05,2550
0.144331318077953,0.643261793510441,1.294710048027813,3.505943812031481e-05,2550
0.1464402098316086,0.6851573873064376,1.289433147157195,0.0002455911730241,2550
0.148515591598751,0.7270480339022298,1.2838047500702163,0.0002108635724167,2550
0.1507394572743302,0.7689255873993702,1.2775781473272063,-0.0001234866484355,2550
0.1691793267275562,0.3456222329001825,1.325779689076934,0.0001606886274309,2550
0.1714421895559516,0.3876115530614359,1.3196523217259752,-3.540167616101347e-05,2550
0.1735824279175424,0.4295010211550867,1.3134175227401428,-6.838578061531264e-05,2550
0.1757346197029515,0.4713928933839081,1.3069218774355846,-0.0001065763438047,2550
0.1779281771217659,0.5133962082333589,1.3004396024910894,0.0001219303207568,2550
0.1800960464676558,0.5554235182845089,1.2941178142143075,-1.0958501405686216e-06,2550
0.182313135841807,0.5973262658791627,1.2875643182009433,0.0001865662991743,2550
0.1844895997662347,0.6392355718883025,1.2813163035950648,0.0001338100858156,2550
0.1865370539486338,0.6811412934936658,1.275829380503211,-0.0004900337586663,2550
0.1886124357157762,0.723031940089458,1.2702009834162329,4.063434694472068e-05,2550
0.2115172668095469,0.3836128656106831,1.3064516149419312,-4.713899414227063e-06,2550
0.2136575051711377,0.425502333704334,1.300216815956099,-7.578919534288742e-05,2550
0.2158133878101151,0.4674893284409506,1.293907826644214,0.0001885828100126,2550
0.2180069452289294,0.5094926432904013,1.2874255516997186,-0.0001369456871087,2550
0.2201769464960633,0.551385442388717,1.2812086234840496,-0.000154089969983,2550
0.2223940358702145,0.5932881899833709,1.2746551274706852,-0.0002502479428582,2550
0.2246002444158135,0.6352074701211232,1.2684334879315664,-0.0003546843578547,2550
0.2266476985982126,0.6771131917264867,1.262946564839713,9.022322722350427e-05,2550
0.2538406421984421,0.4215955542623041,1.286998788437383,0.0002109998180784,2550
0.2559965248374194,0.4635825489989208,1.2806897991254984,7.670270141087177e-05,2550
0.2580361416424868,0.5054781732136869,1.275051905345939,-0.0004940126070721,2550
0.2602061429096207,0.5473709723120026,1.26883497713027,-0.0002169464326083,2550
0.2624664773762178,0.5893269585817948,1.2619794776414608,0.0001177223304326,2550
0.2646726859218169,0.6312462387195472,1.2557578381023418,-6.741120705279491e-05,2550
0.2961250518587018,0.4595803617710513,1.267654347607151,-0.0001262832204904,2550
0.2981646686637691,0.5014759859858174,1.2620164538275915,0.000127305555631,2550
0.3003264203866468,0.5434033383883172,1.2555053472097857,0.000662846356201,2550
0.302586754853244,0.5853593246581095,1.248649847720976,-3.91478460675318e-05,2550
0.3382950915302516,0.4975557594436819,1.248743970940134,-0.0002398424457213,2550
0.3404568432531293,0.5394831118461818,1.242232864322328,-0.0002880435094555,2550
-0.625149355016091,0.2400539324435454,1.3523169409452809,0.0003340049643771,2970
-0.6157221126348155,0.1987306221633553,1.356185704784212,0.000106560503492,2970
-0.5939097716325307,0.2898371421220908,1.3385656125552152,0.0003895348588325,2970
-0.584553602223098,0.248605383498339,1.3428871038334886,1.37748482264069e-05,2970
-0.5751263598418225,0.2072820732181489,1.3467558676724198,0.0002615984444373,2970
-0.565745940844105,0.1659497294752383,1.3506277749137026,-5.4881017624131e-05,2970
-0.5626411236181048,0.3395317060888273,1.324945373769029,0.000160101428918,2970
-0.5532974552960015,0.2982593186875465,1.3288292435392766,3.036154158420068e-05,2970
-0.5439412858865689,0.2570275600637947,1.3331507348175502,0.0002767794759461,2970
-0.5345718487301386,0.2157563470146182,1.3369459169539584,0.000198056983995,2970
-0.5314507424319452,0.3892051732095192,1.3116057666080487,0.0001446234402319,2970
-0.5251914297324212,0.1744240032717076,1.340817824195241,0.0004017813444652,2970
-0.5221244568592527,0.3479184030018342,1.3155964073237951,-7.341040016008854e-05,2970
-0.515792537761246,0.1330286025764691,1.3446337804399624,0.0003097201880337,2970
-0.5127807885371494,0.3066460156005534,1.319480277094043,5.4988598879958384e-05,2970
-0.5033546468624759,0.2652699664205417,1.322736537111818,0.0003073683001598,2970
-0.5003075159313418,0.4387705487578833,1.2974026199966584,0.0003333736201009,2970
-0.4939852097060455,0.2239987533713653,1.3265317192482264,0.0001904142635022,2970
-0.4909770103202847,0.3974968144838374,1.3017476342579686,0.0001269603903808,2970
-0.4846072967253345,0.1828122070762725,1.330826328734521,0.0001229866918446,2970
-0.4816507247475922,0.3562100442761524,1.3057382749737152,0.0001890183119565,2970
-0.4752084047541595,0.141416806381034,1.3346422849792423,0.0002907536037543,2970
-0.4723464024150994,0.3150514664728128,1.3097935153277305,-6.322649231374489e-05,2970
-0.4691205082299411,0.4883466846410622,1.2833111175687204,0.0001577169477913,2970
-0.4658095813797643,0.1001317925291032,1.3385873190635862,-2.2542678628854892e-05,2970
-0.4629202607404258,0.2736754172928011,1.3130497753455057,6.902302326147053e-05,2970
-0.4597762964639817,0.4470703436004876,1.287367872339607,-2.6291454516214063e-05,2970
-0.4535454084918787,0.2324127013668306,1.3169802387948506,-0.0003927638182487,2970
-0.4504457908529247,0.4057966093264418,1.291712886600917,0.0002982929536742,2970
-0.4441674955111677,0.1912261550717378,1.3212748482811452,9.553534528834036e-05,2970
-0.4411264037790336,0.3645564521522447,1.2959784797777736,-6.746248017015788e-05,2970
-0.4346778106607947,0.1499028754549417,1.3250147977776967,3.9487241555911934e-05,2970
-0.4318220814465408,0.323397874348905,1.3000337201317889,8.355795158890983e-05,2970
-0.4286041108768993,0.4966828083017242,1.2738296751806415,3.62798891516275e-05,2970
-0.4252789872863995,0.108617861603011,1.3289598318620404,0.0002176655067743,2970
-0.4223789785399396,0.2821427532204835,1.3037626140336278,0.0003312417883144,2970
-0.4192598991109399,0.4554064672611495,1.2778864299515282,0.000115621055636,2970
-0.4159632560388433,0.0673517155952654,1.3330145282072356,-0.0001400094737036,2970
-0.4130041262913925,0.2408800372945129,1.307693077482973,0.0002590289513043,2970
-0.4099106746846433,0.4142013377569598,1.2819460094994513,-3.408179053536464e-05,2970
-0.4037315778418565,0.1996715980493336,1.311794308897441,6.834729513795212e-05,2970
-0.4005912876107522,0.3729611805827627,1.2862116026763075,0.0002994820236272,2970
-0.3942418929914835,0.1583483184325375,1.3155342583939924,6.064606038191228e-05,2970
-0.3912672781727219,0.33171848626646,1.2904458878656917,-1.774322496669173e-05,2970
-0.3848200620036031,0.1170548835719766,1.319349283617531,-9.128917974529638e-05,2970
-0.3818241752661207,0.2904633651380385,1.2941747817675304,-3.209711543315785e-05,2970
-0.3788728159469581,0.4637963265701965,1.268504580652262,-0.0003174762461197,2970
-0.3755043307560468,0.0757887375642311,1.323403979962726,0.0002322085361755,2970
-0.3724091179183299,0.2492179667780067,1.2980914841356497,-0.000109310808086,2970
-0.3695235915206614,0.4225911970660068,1.2725641602001847,-5.288429666564648e-05,2970
-0.3660879682689326,0.0345991454704164,1.3274829535351642,-1.193366570465676e-05,2970
-0.3631365694687939,0.2080095275328274,1.302192715550118,0.0001362478663107,2970
-0.3601086679095879,0.3813386867708311,1.276860068530432,-0.0001942202400564,2970
-0.3537865893948709,0.1668113059768423,1.3061433193579115,3.561253526548208e-05,2970
-0.3507846584715575,0.3400959924545285,1.2810943537198156,-2.031885412312473e-06,2970
-0.3443647584069905,0.1255178711162814,1.3099583445814498,0.0001588138886425,2970
-0.341485312057953,0.2987991517956986,1.2851691226432782,-0.0001503702831089,2970
-0.3350391398315866,0.0842269037270778,1.3139733818432395,-0.0001630937370747,2970
-0.3320702547101622,0.2575537534356669,1.2890858250113977,-0.0002750940459109,2970
-0.3292037311801682,0.4309998804926188,1.2637852368350893,-0.0002671389625614,2970
-0.3256227773444724,0.0430373116332631,1.318052355415678,-7.438340898080487e-05,2970
-0.3227558299709173,0.216468375834802,1.2938218006449405,-0.000606022256021,2970
-0.3197888075690946,0.3897473701974432,1.2680811451653369,-7.53468473625521e-05,2970
-0.3161957969849346,0.001906164309271,1.322078775911382,-0.0002002393930369,2970
-0.3134058498969944,0.1752701542788169,1.297772404452734,-0.0004386402277979,2970
-0.310300054600816,0.3484024834938464,1.27172685779309,6.649902277252456e-05,2970
-0.3038510772732651,0.1338542319373273,1.3005668107414028,0.0001448690918701,2970
-0.3010007081872115,0.3071056428350165,1.2758016267165526,0.0002327253505163,2970
-0.2945254586978612,0.0925632645481238,1.3045818480031923,9.697771897849287e-05,2970
-0.2916440887611366,0.2658830839995302,1.2797438499676206,0.0001059266597631,2970
-0.2886351563714956,0.4393914719404339,1.2545838221631826,0.0003675985067867,2970
-0.2851169334490039,0.0513395259386814,1.308662660514485,0.0001968151210587,2970
-0.2823296640218917,0.2247977063986654,1.2844798256011636,0.0004366382194682,2970
-0.2793051809400618,0.398071936961299,1.2591719007805602,0.0001911306226103,2970
-0.2756899530894661,0.0102083786146893,1.3126890810101894,-9.926783049169637e-05,2970
-0.2729478925674886,0.1835481103007653,1.288634952963054,0.0005233615272277,2970
-0.2698164279717832,0.3567270502577023,1.2628176134083136,-0.0001656460551519,2970
-0.2633931199437593,0.1421321879592756,1.2914293592517223,-0.0001052772680278,2970
-0.2604361391082305,0.3155131328886414,1.2662689237168183,-0.0001003658813003,2970
-0.2539419858582152,0.1009000003823296,1.2950966996371698,-3.0890405934014264e-05,2970
-0.2510795196821557,0.2742905740531552,1.2702111469678865,7.991243366945594e-05,2970
-0.248015160722009,0.4476827881313601,1.2450397940374958,-1.71764315425732e-05,2970
-0.2445334606093579,0.0596762617728873,1.2991775121484628,0.0001056331981797,2970
-0.2417539004821509,0.2331184180050519,1.2747567639331856,-0.0003005018808563,2970
-0.2386851852905753,0.4063632531522252,1.249627872654873,0.0002980309284494,2970
-0.2323721290277478,0.1918688219071518,1.278911891295076,-1.540008695257583e-05,2970
-0.2293887526990009,0.3650973639598435,1.2539589858009583,-8.619052444752695e-05,2970
-0.2229321467905528,0.150611678903127,1.2820434064039512,-2.2688837180040444e-05,2970
-0.2200084638354482,0.3238834465907826,1.2574102961094633,-0.0002666511508539,2970
-0.2134810127050087,0.109379491326181,1.2857107467893985,0.0001612254643638,2970
-0.2105842643383049,0.2827338634296136,1.2613028645281223,-0.0001595982579168,2970
-0.2074146358414502,0.4559880513794815,1.235558251273995,0.0003413800925333,2970
-0.2012586451383002,0.2415617073815103,1.2658484814934217,0.0001592700487475,2970
-0.1981709960999857,0.4146996437346364,1.239899325990784,-3.500681546898809e-06,2970
-0.1918740977282189,0.2002875172410869,1.2695819084681883,0.0001995196327711,2970
-0.1888745635084113,0.3734337545422546,1.2442304391368697,0.0002448718406099,2970
-0.182434115491024,0.1590303742370622,1.2727134235770636,-0.000191232928292,2970
-0.179546394606475,0.3321838427709696,1.248587060625217,2.734007374836922e-05,2970
-0.1763877111935021,0.5054988253095665,1.223367310193656,-0.0009222441126737,2970
-0.1701221951093317,0.2910342596098005,1.252479629043876,-0.0002277280181688,2970
-0.1667776037206297,0.4643787542202369,1.2257611541948197,6.382091421265612e-06,2970
-0.1606283328616833,0.2498864576894438,1.2562547222003695,0.0001619371410622,2970
-0.1575339639791652,0.4230903465753918,1.230102228911608,0.0005470107268339,2970
-0.1545733837528823,0.5960007116058239,1.2062896104034386,-0.000308898029122,2970
-0.1512437854516021,0.2086122675490204,1.259988149175136,7.69985230219053e-05,2970
-0.148181424107729,0.3817582099122448,1.2340929288629223,0.0003057701328447,2970
-0.1453789214119469,0.5549406349685297,1.2109585273452304,0.0003110879313846,2970
-0.1388532552057927,0.3405082981409598,1.23844955035127,0.0006157555586658,2970
-0.1361399522560747,0.5139138624886839,1.2157543102607702,-0.0002916966036903,2970
-0.1295746242917302,0.2993424876371767,1.2433077075808416,3.307510510240641e-05,2970
-0.1265298447832022,0.4727937913993543,1.2181481542619337,-0.000878143432431,2970
-0.1200807620440818,0.25819468571682,1.2470828007373351,-0.0001418233845163,2970
-0.1168960588146894,0.4314697831941415,1.2203362641567266,4.955764206643343e-06,2970
-0.1075435189432532,0.3901376465309946,1.224326964108041,0.0001115923042372,2970
-0.1048410203229858,0.5632186718475432,1.201883998138344,-0.000229973936798,2970
-0.0981313357732359,0.3488472611093998,1.2280540399297066,0.0001058359603434,2970
-0.0956020511671136,0.5221918993676972,1.2066797810538836,-0.0002588274121373,2970
-0.0888527048591735,0.3076814506056167,1.232912197159278,0.00057993120362,2970
-0.0864713340361456,0.4811204677550385,1.2120822388269148,-0.0004260627801764,2970
-0.0768375480676328,0.4397964595498257,1.2142703487217077,-0.0014692380783075,2970
-0.0669970480289092,0.3984970690834843,1.2150900085130116,7.242313150900015e-05,2970
-0.0575848648588919,0.3572066836618895,1.218817084334677,-6.935322767055024e-05,2970
-0.0551610444805083,0.5305466892394473,1.198053757405137,-0.0006017842416528,2970
-0.0460303273495403,0.4894752576267885,1.2034562151781685,0.0005979410833066,2970
-0.0362568387912992,0.4481668513960507,1.2048482478441411,0.0017594180800467,2970
-0.0264163387525756,0.4068674609297094,1.205667907635445,0.0002471233281849,2970
-0.0049658125861684,0.497812187185365,1.1910020138598565,0.0014414546313292,2970
0.0048076759720726,0.4565037809546272,1.1923940465258296,1.620875096371155e-06,2970
-0.5570167482681665,0.7904618101395622,1.338952222389589,-0.00090932710315,3090
-0.5527654414473461,0.7507030094233702,1.351846788156427,-4.24730896654707e-05,3090
-0.5218592445623205,0.8282317675716226,1.3111287508311087,-0.0018117698486728,3090
-0.5175304422577311,0.7887975035195491,1.3239386688453687,0.0006257707097512,3090
-0.5132791354369106,0.7490387028033572,1.3368332346122065,-0.0012197855221999,3090
-0.5096708676401643,0.7091732751778738,1.348642860114765,-8.852387291505281e-05,3090
-0.4866916738881371,0.866088025154106,1.2810394424421585,0.001569022933233,3090
-0.4829843118207794,0.8263901391879875,1.2952006889316416,-0.0008654396364299,3090
-0.47865550951619,0.786955875135914,1.3080106069459017,-0.0009105234022258,3090
-0.4744967479777346,0.7472456921062451,1.320338169056524,-0.0006247687900594,3090
-0.4708884801809884,0.7073802644807619,1.3321477945590825,-0.0006134460478838,3090
-0.4666814128253606,0.6675770074617017,1.345190359861855,-7.136281188553639e-05,3090
-0.4527490915295204,0.9045999780771308,1.2486846183877156,-0.0001830169047031,3090
-0.4485052436790732,0.8647657589205235,1.261781692518893,-0.0014270781181821,3090
-0.4447978816117154,0.825067872954405,1.275942939008376,0.00136898234583,3090
-0.4405106980925545,0.7850745382481077,1.2901241189646606,-0.0001910980648547,3090
-0.4363519365540991,0.7453643552184387,1.3024516810752829,-0.0007700779572021,3090
-0.432129711499871,0.7055294452723151,1.3157421387941848,-5.108507132870616e-05,3090
-0.4279226441442433,0.6657261882532549,1.328784704096957,-0.0010382259906319,3090
-0.4188149643207983,0.9432881778436912,1.2169214010470952,0.001142199057432,3090
-0.4144933211481075,0.9031127870939706,1.2323374834611869,0.0002045180542733,3090
-0.4102494732976603,0.8632785679373634,1.2454345575923642,-0.0015418549267228,3090
-0.406070317124131,0.8234668566556225,1.258279185229779,9.617188548920186e-05,3090
-0.4017831336049701,0.783473521949325,1.272460365186063,-0.0001172116147662,3090
-0.3975603276684351,0.7435340364713079,1.2859711153883158,-8.18133556854811e-06,3090
-0.393338102614207,0.7036991265251842,1.2992615731072177,-0.0004735247893783,3090
-0.3842143815472466,0.9817310983934632,1.184977615054801,0.0004411650721799,3090
-0.3797406740939413,0.9412570782971746,1.2030508138449227,0.0010737332205988,3090
-0.3754190309212505,0.901081687547454,1.2184668962590144,-0.0023533657405938,3090
-0.3712921110240544,0.8612776274195449,1.23063907705428,0.0001186655242994,3090
-0.3671129548505252,0.821465916137804,1.243483704691695,-0.0017846200542232,3090
-0.362870351391811,0.7815855753202126,1.2564569659353042,0.0002982936307252,3090
-0.358647545455276,0.7416460898421955,1.2699677161375562,-0.001170588510035,3090
-0.354556981457736,0.7022278727924693,1.2817340286613674,-0.000424380159581,3090
-0.3496411000812874,1.020086881359261,1.153419712759698,0.0005942597660065,3090
-0.3454030927865537,0.9801639544076894,1.167278868249876,-7.464033449799262e-05,3090
-0.3409293853332484,0.939689934311401,1.1853520670399975,0.0058059814013065,3090
-0.3368324495418477,0.8990896966454176,1.2037947335175496,-0.000481916048606,3090
-0.3327055296446516,0.8592856365175084,1.215966914312815,-0.0020863132600189,3090
-0.3280292605891456,0.8192829161450053,1.2294894906685006,0.0004951813591616,3090
-0.3237866571304314,0.7794025753274139,1.24246275191211,-0.0022425565469106,3090
-0.3196956117553837,0.7401229765885251,1.2525727765773271,-0.0002285021881104,3090
-0.3156050477578438,0.700704759538799,1.264339089101138,-0.0004736122063143,3090
-0.315132399569084,1.0583930855668062,1.1213723464304772,0.0008201431594604,3090
-0.3108042718567051,1.0184919348035004,1.13538477909503,1.877586327337505e-05,3090
-0.3065662645619714,0.9785690078519288,1.1492439345852077,0.0007873662912423,3090
-0.3022895123420795,0.9386451876250264,1.1634853802104517,2.4908052166511263e-05,3090
-0.2981925765506789,0.898044949959043,1.181928046688003,0.0065990125591683,3090
-0.2940896408076115,0.8570309875199327,1.202149912830112,0.0005018337338416,3090
-0.2894133717521054,0.8170282671474296,1.2156724891857973,-0.0026004149299929,3090
-0.2850130747452612,0.7781248446725155,1.2233689734157849,-0.0002633074181082,3090
-0.2809220293702135,0.7388452459336268,1.233478998081002,0.0006546356923387,3090
-0.2806546505872174,1.0967233397456746,1.089233601673938,0.0006852490969544,3090
-0.2767083601576209,0.6990135603521415,1.2473127290579462,-0.0003292650483331,3090
-0.2762660856181495,1.0568308741805406,1.1028423208528215,7.146525667987846e-05,3090
-0.2719379579057706,1.0169297234172343,1.1168547535173745,0.0011925750840323,3090
-0.2676908529488265,0.9769921868229527,1.1313525546077363,-6.26287298141695e-05,3090
-0.2634141007289347,0.9370683665960504,1.1455940002329803,0.0008692147481041,3090
-0.2591075617927565,0.8970193140778502,1.1600687213111605,0.0001267798922465,3090
-0.2550046260496892,0.8560053516387399,1.1802905874532688,0.0089719821429106,3090
-0.2507110299833945,0.8160256302068392,1.1945243861239572,0.0008343087159595,3090
-0.2463107329765503,0.7771222077319251,1.2022208703539443,1.86559995156918e-05,3090
-0.2461961350695052,1.1349565453684032,1.05750253114486,0.0002450605734717,3090
-0.2421091640695647,0.7372112749477211,1.2161118492629244,5.73434797655828e-05,3090
-0.2418416852035917,1.0951352534257168,1.0711621910788551,4.486516581447136e-05,3090
-0.2378954948569721,0.697379589366236,1.2299455802398689,-0.0001544584100254,3090
-0.2374531202345238,1.0552427878605826,1.0847709102577388,0.0002429260249812,3090
-0.2335794522404516,0.6575540128832312,1.244264012459852,0.0001587048179926,3090
-0.2330913278550862,1.0153645628567587,1.0988566881476571,-7.349373003709414e-05,3090
-0.2288442228981421,0.9754270262624772,1.1133544892380192,0.0008822419047698,3090
-0.2244919896967669,0.9355014561575136,1.1275646240420203,9.561004710157556e-05,3090
-0.2201854507605888,0.8954524036393134,1.1420393451202002,0.0013712417591051,3090
-0.2158531248187743,0.8554475018180281,1.1565818515403734,6.319988496773093e-05,3090
-0.2115595287524797,0.8154677803861272,1.1708156502110616,0.0010554049167951,3090
-0.2073637469032666,1.133296503368733,1.0394944598490228,3.4043824870703954e-05,3090
-0.2073440065832857,0.7754713203567367,1.185551462319355,-8.049488465806248e-05,3090
-0.2031424376763001,0.7355603875725328,1.1994424412283349,8.784374483766788e-05,3090
-0.2030092970373531,1.0934752114260464,1.053154119783018,0.0005498829940712,3090
-0.1987313588899257,0.6957466663176437,1.2129888921844454,0.0001236904618321,3090
-0.1986388258350038,1.053640643323874,1.0671691882523655,2.7125730260833814e-05,3090
-0.1944153162734053,0.6559210898346389,1.2273073244044286,0.0010102870639257,3090
-0.1942770334555662,1.01376241832005,1.081254966142284,0.0006891985735726,3090
-0.1902581742855333,0.6160945940114069,1.241772625326941,-0.000121105550266,3090
-0.1899286180089523,0.973846484376932,1.0953314071213414,6.106216308765511e-05,3090
-0.1872695932214042,0.5754769070019958,1.2642226513872046,0.012761535541049,3090
-0.1855763848075771,0.9339209142719684,1.1095415419253425,0.000837973169635,3090
-0.1812911678441776,0.8939917043654737,1.1236819916926477,-2.152525386193982e-05,3090
-0.1769588419023631,0.8539868025441884,1.1382244981128204,0.0013087987453791,3090
-0.1724538577720055,0.8138101930026237,1.1535642429615285,0.0003829411465892,3090
-0.1682383356028116,0.7738137329732332,1.168300055069822,0.0007717415249634,3090
-0.1642873985590459,1.09127534956303,1.0394692956886535,0.0006500294286569,3090
-0.1640188113123311,0.7340020616501128,1.182156146359006,0.0002259243487221,3090
-0.1599169273566966,1.0514407814608573,1.0534843641580014,-0.0043687531979894,3090
-0.1596077325259567,0.6941883403952236,1.1957025973151167,0.0002316652616285,3090
-0.1554988192718305,1.0115864667911274,1.0674222889865512,0.0007342458580793,3090
-0.1553467284452722,0.6543476516044484,1.2099077058645948,-2.7599969860701845e-05,3090
-0.1511895864574003,0.6145211557812164,1.2243730067871073,0.0006037606047666,3090
-0.1511504038252166,0.9716705328480092,1.0814987299656087,-0.0040832001201687,3090
-0.1467909688105136,0.931806017998874,1.0952082026479726,0.0006308363342244,3090
-0.142505751847114,0.8918768080923791,1.1093486524152776,-0.0035332380757437,3090
-0.1381290158478434,0.8520280968965441,1.1231301356210848,0.0006108711026118,3090
-0.1336240317174858,0.8118514873549796,1.138469880469793,-0.001824553198396,3090
-0.1290337349125707,0.7722662273303375,1.1504745118245343,-2.610851230215594e-05,3090
-0.1248142106220903,0.7324545560072171,1.1643306031137186,0.000749448427567,3090
-0.1211059804746053,1.0491521454813644,1.040502961086231,0.0002074772031581,3090
-0.1205676778320769,0.692624608423599,1.1785212468773452,-1.5465324538360692e-06,3090
-0.1166878723897392,1.0092978308116345,1.054440885914781,-0.0002943883851626,3090
-0.1163066737513924,0.6527839196328238,1.1927263554268233,0.0007614461487648,3090
-0.1122661329823894,0.969396554961764,1.0683110084466152,0.0002830002793244,3090
-0.1079066979676863,0.9295320401126286,1.082020481128979,-0.0004306473482246,3090
-0.1035273347180388,0.8897064349764129,1.09545121726883,0.0002832853613013,3090
-0.0991505987187681,0.8498577237805779,1.1092327004746372,-4.337704035243389e-05,3090
-0.0948521930168573,0.8100701926995701,1.1229599688277228,9.127664888793768e-05,3090
-0.0902618962119422,0.770484932674928,1.134964600182464,-0.0023365395039293,3090
-0.0857433057395562,0.7310054687248719,1.1467341510764717,-0.0001318939334137,3090
-0.0814967729495429,0.6911755211412538,1.1609247948400985,0.0008447641412606,3090
-0.0776862200484437,1.0075707868947137,1.037866850130904,0.0001476058260624,3090
-0.0732644806410939,0.9676695110448428,1.051736972662738,-4.039178253190112e-05,3090
-0.0688514870757769,0.927788484535412,1.0654603560096052,0.000122135904636,3090
-0.0644721238261293,0.8879628793991963,1.078891092149456,-0.0003698530791888,3090
-0.0600487438780805,0.8481739277755225,1.092305141701936,0.0001368828553668,3090
-0.0557503381761696,0.8083863966945146,1.1060324100550216,9.163779853342546e-05,3090
-0.0513797008933385,0.7685532207496567,1.119958160072445,0.0002838892404037,3090
-0.0468611104209525,0.7290737567996006,1.1317277109664527,-0.0026365108675609,3090
-0.034247314155178,0.9659881272697878,1.0347500056296524,0.0002816058791335,3090
-0.0298343205898611,0.9261071007603568,1.0484733889765194,3.695008174135067e-05,3090
-0.0254727272306796,0.8862340929881931,1.0621236105230103,0.0002045191325709,3090
-0.0210493472826308,0.8464451413645193,1.0755376600754905,-0.0003823261531015,3090
-0.0166308822030814,0.8067632114751031,1.0891451113579085,2.897254884528383e-05,3090
-0.0122602449202503,0.7669300355302451,1.1030708613753315,0.000190511821598,3090
0.0092123509943756,0.9244785928554864,1.0315659519549478,8.335614363021854e-05,3090
0.0135739443535571,0.8846055850833225,1.045216173501439,-4.529352295814387e-05,3090
0.0180391126566596,0.8448260200947737,1.0591098095501514,8.175334125637423e-05,3090
0.0224575777362089,0.8051440902053574,1.0727172608325692,-0.0004041093296481,3090
0.0526206904688904,0.8830162036363869,1.0286271914366052,0.0001176897604491,3090
0.0570858587719928,0.843236638647838,1.0425208274853175,-0.0002284721080619,3090
-0.4017118726615103,0.5210002986912319,1.4497665931558863,0.0016486261152293,3180
-0.363130762567992,0.4751938541241992,1.4441678369607838,-0.0009408199529292,3180
-0.3278045531898294,0.6338868835738758,1.3843330177401938,0.0003700800290006,3180
-0.3255719794821404,0.4711058976402208,1.428186058382086,0.0005256679149802,3180
-0.3250238641542119,0.4305090010662897,1.439625767264959,-0.0009861101214445,3180
-0.2907169634722805,0.6704719047021996,1.3520757844249287,0.0022115960520934,3180
-0.2898430423395874,0.6291950533570221,1.3654950125871648,0.0001879463414714,3180
-0.2878171700584645,0.4667526105015161,1.4084222642212412,0.0002680666521337,3180
-0.287269054730536,0.426155713927585,1.4198619731041149,0.0006701532320509,3180
-0.2869457725621178,0.3854713514565172,1.431823794351402,-2.1686270389550955e-05,3180
-0.286601593604042,0.5062437386565471,1.3933181795928822,0.0056865963217724,3180
-0.2535943503025394,0.7070400442093164,1.3200237679431008,0.0001862864634965,3180
-0.2530030688482145,0.6662426833865206,1.331858282808275,-8.600385004677025e-05,3180
-0.2521291477155216,0.6249658320413429,1.345277510970511,0.0020660615806696,3180
-0.2515762512980174,0.5841545446174443,1.357647791455713,-0.0009350846155248,3180
-0.2501518738901964,0.4620766839160054,1.3908023454944405,-0.0020966923880288,3180
-0.2495270800621718,0.4215407167754785,1.401587625189746,-0.0009583121827988,3180
-0.2492685601592649,0.5425101889664252,1.3637398947713768,-0.0047487710071357,3180
-0.2492037978937536,0.3808563543044106,1.4135494464370333,-0.0004052754394581,3180
-0.248936297435774,0.5015678120710365,1.3756982608660815,-0.0050709483707198,3180
-0.248645855985948,0.3401962240600377,1.425102141880731,-0.0006128697381329,3180
-0.2163398081621113,0.7433041499790428,1.289622885571243,0.0002673422134721,3180
-0.2156357281336973,0.7022622628763281,1.301755489148162,0.0001629262126674,3180
-0.2150444466793724,0.6614649020535323,1.313590004013336,-0.0001875891124246,3180
-0.2144489994903123,0.620681672957166,1.3258400095733551,6.467136580431271e-05,3180
-0.2138961030728081,0.5798703855332674,1.3382102900585573,2.0076603466839812e-05,3180
-0.2135097468767933,0.5390466797163358,1.3504051010628042,-9.602627472153624e-05,3180
-0.2131774841533024,0.4981043028209471,1.3623634671575084,-6.6481919707706005e-06,3180
-0.2126673384120281,0.4575083159511853,1.373410751162587,-0.0001872922261187,3180
-0.2120425445840034,0.4169723488106584,1.3841960308578924,-0.0004815407465521,3180
-0.2115027062377806,0.3763368686758143,1.3956158663728842,-0.0002961019954965,3180
-0.210944764329975,0.3356767384314413,1.407168561816582,-0.0003433000796554,3180
-0.2105132567184741,0.295158603208191,1.4193075067144638,-0.0007895433942401,3180
-0.1789806755759858,0.7792460781667365,1.2603216432996331,-0.0011452304184397,3180
-0.1784352367463421,0.7384630020992107,1.27157288101543,0.0003542323143856,3180
-0.1777311567179281,0.697421114996496,1.2837054845923488,-0.0001753784939376,3180
-0.1771661204600647,0.6566248681996674,1.2952133767678855,-7.085284219589261e-05,3180
-0.1765706732710045,0.6158416391033011,1.3074633823279047,0.00052337728225,3180
-0.1761133633592521,0.575132015525671,1.319746494901892,-0.0003670620315359,3180
-0.1757270071632373,0.5343083097087393,1.331941305906139,0.000656247423787,3180
-0.1753500244446114,0.4936085600840163,1.3442488729524662,-0.0005922596658956,3180
-0.1748398787033371,0.4530125732142545,1.3552961569575448,-0.0008889109260383,3180
-0.1741086321310543,0.4123415760522175,1.365369895048523,4.681650822341982e-05,3180
-0.1735687937848315,0.3717060959173733,1.3767897305635144,0.0006501836140299,3180
-0.1733285684332646,0.331244358746709,1.3904646732317585,-0.0010668507030777,3180
-0.1728970608217638,0.2907262235234586,1.4026036181296402,-0.0010455633319524,3180
-0.1725574352699927,0.2503621401591978,1.4165128389711064,-0.0015474070348927,3180
-0.1414294512935327,0.8152061806600711,1.2313571913010777,0.0001885152357014,3180
-0.1408859413931875,0.7743389485801653,1.2422624941718463,0.0001255000782405,3180
-0.1403405025635438,0.7335558725126395,1.2535137318876433,0.0004324247588006,3180
-0.1398442808215567,0.6926523280894701,1.2655411649024308,5.480745779129492e-05,3180
-0.1392792445636932,0.6518560812926415,1.2770490570779676,-0.0003031577911706,3180
-0.1387475649032023,0.611265485124774,1.2883519484298396,-0.0002535043774476,3180
-0.1382902549914498,0.5705558615471438,1.3006350610038266,0.0009254616596936,3180
-0.1379354212990572,0.5297701585137043,1.3133884523932224,-0.0003723258321168,3180
-0.1375584385804314,0.4890704088889813,1.3256960194395502,0.000338176616539,3180
-0.1370717689066199,0.4485185252182279,1.3377085327835063,-0.0003928805124082,3180
-0.1363405223343372,0.4078475280561908,1.3477822708744849,-0.0017013614356072,3180
-0.1355704230609917,0.367263888742719,1.3572254787042473,-0.0003208252066875,3180
-0.1353301977094248,0.3268021515720546,1.3709004213724914,0.0031320415386052,3180
-0.1350208906957291,0.2858601222811129,1.3833867865761846,0.0008496424814144,3180
-0.134681265143958,0.245496038916852,1.3972960074176508,0.0040925330452132,3180
-0.1039006750758499,0.8516352535396161,1.200497786600347,0.0012749102227367,3180
-0.103485001628467,0.8107553417556987,1.211912456997569,1.0214790636883795e-05,3180
-0.1029414917281218,0.7698881096757929,1.222817759868338,0.0005798382556334,3180
-0.1024342289671351,0.728840629982476,1.234877667817854,-6.309637423141529e-05,3180
-0.101938007225148,0.6879370855593065,1.2469051008326415,0.0003874660468537,3180
-0.1014074255961378,0.6472866227319096,1.2582353912809112,-0.0002317295535877,3180
-0.1008757459356468,0.6066960265640422,1.2695382826327832,0.0002865300140855,3180
-0.1004839333059398,0.5659736973317588,1.282436835785035,-0.0005558561330142,3180
-0.1001290996135472,0.5251879942983195,1.2951902271744309,0.0002615352733033,3180
-0.099718409012608,0.4844406285333151,1.3076202227170404,-0.000486449457308,3180
-0.0992317393387965,0.4438887448625616,1.3196327360609967,-0.0004855769158094,3180
-0.0986157038780887,0.4032500059259892,1.3298514742530707,0.0002470135525143,3180
-0.0978456046047432,0.3626663666125174,1.3392946820828335,-0.0015014451566947,3180
-0.0974790744249192,0.3220285188643209,1.3507368170474503,-0.0006575033064846,3180
-0.0971697674112234,0.2810864895733792,1.3632231822511438,-3.735637843872708e-05,3180
-0.0667353060203013,0.8877823708591326,1.17194092937934,-0.0027860477877734,3180
-0.066228419785885,0.846819407276312,1.1831319313023276,-0.0002862956240953,3180
-0.065812746338502,0.8059394954923945,1.1945466016995496,-0.0025726889993793,3180
-0.0653436757369289,0.7651343388691427,1.205785905908651,-0.0003156107365558,3180
-0.0648364129759422,0.7240868591758258,1.2178458138581676,-0.0015676082824915,3180
-0.0643418272537601,0.6831812946423781,1.2295484870473046,-0.0005062113532625,3180
-0.0638112456247499,0.6425308318149812,1.240878777495574,-0.0022750380437486,3180
-0.0631845963577778,0.601965497008784,1.2521678140501955,-0.0005085913383197,3180
-0.0627927837280707,0.5612431677765006,1.2650663672024476,-0.0002375440730017,3180
-0.0623338830403983,0.5206362268520065,1.2774724575010914,-0.0005227456221451,3180
-0.061923192439459,0.4798888610870022,1.2899024530437009,1.5421783014092638e-05,3180
-0.0611770237632789,0.43918083020004,1.3000168749493213,0.0004210469604921,3180
-0.060560988302571,0.3985420912634677,1.3102356131413953,0.0001988342285199,3180
-0.059998672635817,0.3580137149497231,1.3217161441538177,-0.0001690067717831,3180
-0.059632142455993,0.3173758672015265,1.3331582791184349,0.000536934445246,3180
-0.0290708661958035,0.88277925054253,1.1557944732378491,0.0002628668061349,3180
-0.0285639799613872,0.8418162869597093,1.166985475160837,-0.0001903880563769,3180
-0.0281356565547057,0.8010857928275783,1.178202152701228,-0.0001965544873626,3180
-0.0276665859531326,0.7602806362043266,1.1894414569103298,-0.000128890584338,3180
-0.0272319188512411,0.719369582270079,1.200729863785898,-9.118975318184176e-05,3180
-0.0267373331290589,0.6784640177366311,1.2124325369750348,0.0002009869092639,3180
-0.0262013609679134,0.637791403192435,1.2239184703669552,-0.0003401297064876,3180
-0.0255747117009413,0.5972260683862377,1.235207506921577,-0.0002381134146384,3180
-0.0250814389721845,0.5565067258097571,1.2479451888683015,-0.0005594134593827,3180
-0.024622538284512,0.515899784885263,1.2603512791669456,-0.0006592416273939,3180
-0.0238133692653259,0.4753195752427738,1.269851805432987,0.0005516050519693,3180
-0.0230672005891457,0.4346115443558117,1.2799662273386072,0.0001848048017099,3180
-0.0225767948647254,0.393951055213299,1.2922391247047915,-0.0004232568443886,3180
-0.0220144791979714,0.3534226788995543,1.303719655717214,-0.0008501933058251,3180
0.0093703958716446,0.8372325617211834,1.1483680026667753,-0.0001356255896532,3180
0.0097987192783261,0.7965020675890524,1.1595846802071663,0.0002499014305959,3180
0.0101914458246637,0.755748063051712,1.1709775280202313,-0.0001910238905942,3180
0.0106261129265552,0.7148370091174643,1.1822659348957991,0.0002822716487756,3180
0.0111377687052485,0.6738774219388484,1.1942336363148682,-0.000174677005859,3180
0.0116737408663939,0.6332048073946523,1.2057195697067886,-0.0005721385951206,3180
0.0124045286031015,0.5924607371285568,1.2167296047747378,0.000289661674126,3180
0.0128978013318584,0.5517413945520763,1.2294672867214624,0.0014594698460885,3180
0.0135514264733708,0.5112281814792696,1.2403345550903246,0.0007438333385536,3180
0.014360595492557,0.4706479718367803,1.249835081356366,-6.145497287195212e-05,3180
0.0149228078539705,0.4299631525831812,1.2617958617080118,-0.0001042101526907,3180
0.0154132135783909,0.3893026634406684,1.274068759074196,0.0003126544836635,3180
0.0477577656813166,0.7919058205741187,1.1408850219766602,-0.0001267066383187,3180
0.0481504922276542,0.7511518160367783,1.1522778697897251,0.0001533803427955,3180
0.0486142020136739,0.7102865410572332,1.164239160079147,1.0048577709698137e-05,3180
0.0491258577923671,0.6693269538786173,1.176206861498216,0.0002134407486868,3180
0.0497481154886074,0.6286545932210907,1.1860157326031064,0.0003005802988756,3180
0.050478903225315,0.5879105229549952,1.1970257676710556,0.0013930274650222,3180
0.0510759161188794,0.5470628067053318,1.2092374345353498,-7.77607626939944e-05,3180
0.0517295412603919,0.5065495936325252,1.220104702904212,-0.000451892924283,3180
0.0524580824528057,0.4660341307654182,1.231398178089046,-8.329911948351532e-05,3180
0.0530202948142193,0.425349311511819,1.2433589584406914,0.0006299279509761,3180
0.086323332296051,0.7465359906625735,1.1329474382596425,0.0002842440343991,3180
0.0867870420820707,0.7056707156830284,1.144908728549065,0.0017744067122249,3180
0.0873532517833647,0.6649483468092882,1.15581650758665,0.0005456715010716,3180
0.087975509479605,0.6242759861517615,1.1656253786915405,0.0005088926799911,3180
0.0884683707833748,0.5832465890890093,1.178468023035245,0.0001249744864039,3180
0.0890653836769393,0.5423988728393458,1.190679689899539,-0.0004683154957834,3180
0.0897293357639035,0.5019093655444143,1.2015209577206931,-4.743905483110822e-05,3180
0.0904578769563173,0.4613939026773075,1.2128144329055273,-6.786473538112486e-05,3180
0.1249270500294656,0.7012257491649306,1.1244229453275805,-1.7832305879414423e-05,3180
0.1254932597307596,0.6605033802911904,1.1353307243651658,0.0001195322584874,3180
0.1261083702448856,0.6198250035597364,1.1464199110628033,-6.995957336907582e-05,3180
0.1266012315486554,0.5787956064969841,1.159262555406508,0.0025073226299615,3180
0.127122362547003,0.5378023759719648,1.1723242755987062,-0.0001439547306492,3180
0.1277863146339673,0.4973128686770334,1.18316554341986,-0.0005527231356096,3180
0.163467807619607,0.6560336760956493,1.116495262719949,-0.0001379903110292,3180
0.164082918133733,0.6153552993641953,1.1275844494175862,-8.138387979240297e-05,3180
0.164737794673646,0.5742532451801319,1.1407497635052155,0.0001735389370783,3180
0.1652589256719936,0.5332600146551125,1.1538114836974136,-0.0001479729246794,3180
0.2021208352660833,0.6103615225196926,1.1102915920255971,0.0004817487234622,3180
0.2027757118059963,0.5692594683356291,1.1234569061132262,0.0005695166183469,3180
-0.625950645813746,0.5028919995800047,1.4165218458884188,0.0001153225082766,3330
-0.6214602157159401,0.4609460876738425,1.421368181526974,0.000113752404521,3330
-0.5886294091181357,0.548658420203991,1.4049644863189892,0.000235260532989,3330
-0.5841384807541659,0.5064510082165986,1.4097199844136798,0.000241225257633,3330
-0.5796480506563599,0.4645050963104363,1.4145663200522351,-0.0001269731493874,3330
-0.5751532630746332,0.4225944469245699,1.419375738057533,0.0002051871635794,3330
-0.5512779040784945,0.5944558695586597,1.393575524563362,0.0001351941535204,3330
-0.5467921441056822,0.5522344716373286,1.3983836014644275,0.000457097067802,3330
-0.5423012157417124,0.5100270596499362,1.4031390995591184,8.7636050892341e-05,3330
-0.5378736764392633,0.4679900007397158,1.4078158319019072,0.0001466510365976,3330
-0.5333788888575366,0.4260793513538494,1.412625249907205,-0.0001373776400448,3330
-0.5288063358765673,0.3841199624122028,1.4171239032485266,0.0003518195408318,3330
-0.5139587649627432,0.6400863155575947,1.3819391315802003,3.665189607449798e-05,3330
-0.509427125204438,0.5980765491069209,1.3871999536474031,0.0002012317583429,3330
-0.5049413652316257,0.5558551511855898,1.3920080305484692,0.0002440206428052,3330
-0.5005520064522138,0.513525233247959,1.396300027316641,0.0002240286201362,3330
-0.4961244671497647,0.4714881743377386,1.40097675965943,-0.0001037676650364,3330
-0.4916539766733057,0.4296552936780351,1.4061524176633708,-2.3509072193950158e-06,3330
-0.4870814236923365,0.3876959047363885,1.4106510710046924,-0.000288036745146,3330
-0.4826371244086731,0.3459878723091438,1.4158044897931572,-0.0005357833916678,3330
-0.4766915793018392,0.6856526726370391,1.3701031555258305,5.044197506053061e-05,3330
-0.4720753085583847,0.6436402477781816,1.3755305168292966,0.0003735685207144,3330
-0.4675436688000796,0.6016304813275078,1.3807913388964992,8.715483329153201e-05,3330
-0.4630992147697725,0.5594969106163525,1.385520566238767,0.0004239113378914,3330
-0.4587098559903607,0.5171669926787217,1.3898125630069391,0.0002939085413541,3330
-0.4543826359886552,0.4750515724395592,1.394227319737063,4.649559843623169e-05,3330
-0.4499121455121962,0.4332186917798558,1.3994029777410038,-2.5928808140181225e-05,3330
-0.4453945558221285,0.3916156005849314,1.4051928821079167,-0.0001964047208977,3330
-0.4409502565384651,0.3499075681576867,1.4103463008963817,-1.931768118024202e-05,3330
-0.4393208407489142,0.7311580403587019,1.3586924472143629,-8.910517132119239e-05,3330
-0.4365569568853933,0.3079996781553965,1.415202216922554,-1.3063606699004192e-05,3330
-0.4348976829950846,0.6892641050473454,1.3636703308660838,0.0001179893946339,3330
-0.4302814122516302,0.6472516801884878,1.36909769216955,2.279307380550349e-05,3330
-0.4169260242323573,0.5208452182083925,1.3833758514838328,8.398317318061843e-05,3330
-0.412598804230652,0.47872979796923,1.3877906082139564,3.840174024341558e-06,3330
-0.4084027476203692,0.4372635045209309,1.3944812720575714,-0.0009443424937165,3330
-0.4038851579303015,0.3956604133260066,1.4002711764244844,-0.0004923920719071,3330
-0.4019317896356447,0.7764683290804597,1.3485938073633854,-0.0006849079376866,3330
-0.399166954773645,0.3535828857448541,1.4042036721696507,-5.885716762141918e-05,3330
-0.3975007907019846,0.7346979323736825,1.3528612889116145,5.2503853015070656e-05,3330
-0.3947736551205733,0.3116749957425638,1.409059588195823,-3.349664319780149e-05,3330
-0.393077632948155,0.692803997062326,1.3578391725633354,-0.0002508427087306,3330
-0.3903174725261822,0.2698280415312533,1.4142271299670586,-5.1202641619764455e-05,3330
-0.3709120151161143,0.4828936127694773,1.3826332149238605,-0.0007402169263567,3330
-0.3667159585058316,0.4414273193211783,1.3893238787674749,0.0004713612471137,3330
-0.3644753249162085,0.8218835779859904,1.3384440851182935,0.0001732287061068,3330
-0.3621285562153221,0.3992661251433285,1.3942539650328525,0.0008022826954215,3330
-0.3600333374068562,0.7800189401832607,1.3429836493856486,0.000105543041988,3330
-0.3574103530586656,0.3571885975621761,1.3981864607780188,-0.0002034238720448,3330
-0.355602338473196,0.7382485434764835,1.3472511309338775,-5.421749955409477e-05,3330
-0.3529587905444654,0.3153682731146146,1.4029043977854048,1.32075690073008e-05,3330
-0.3512024313052495,0.6964193627467588,1.351686189676126,0.0001216823637023,3330
-0.3485026079500744,0.273521318903304,1.4080719395566403,-2.8218165428403608e-06,3330
-0.3440457485104795,0.2316912944474988,1.4132318569174311,-6.9888636388612535e-06,3330
-0.3291739174524015,0.4869820378233087,1.3772235241509485,4.872696886840111e-05,3330
-0.3270460913621657,0.867382062603448,1.3284587957535867,-0.0006421971124538,3330
-0.3247060296316754,0.444992297422866,1.382487797857919,0.0002810688679495,3330
-0.3226371011251029,0.8255137899222149,1.3327264864217896,-7.1574150756620325e-06,3330
-0.320118627341166,0.4028311032450162,1.3874178841232965,3.5467707980317564e-05,3330
-0.3181951136157506,0.7836491521194853,1.3372660506891447,-0.0006055188617238,3330
-0.3156560800226409,0.3608878478876771,1.3925124402874716,-0.0001941199243451,3330
-0.313641276532828,0.7419965278502341,1.3407098503737414,-5.293038134225603e-05,3330
-0.3112045175084407,0.3190675234401156,1.3972303772948576,-0.0002713472016571,3330
-0.3092413693648814,0.7001673471205093,1.3451449091159895,0.0002001779322201,3330
-0.3067627906441774,0.2772024255783801,1.4021899509477342,-0.0001563234196781,3330
-0.3048055764868055,0.6580517192167221,1.3504938070461256,0.0003182363996435,3330
-0.3023059312045826,0.235372401122575,1.407349868308525,-0.0002740551284313,3330
-0.2896894246862601,0.9124901033399694,1.320818076702767,-0.0012036294240329,3330
-0.2872209185319878,0.4906700394964901,1.3704317375309485,0.0001264463763159,3330
-0.285313386022383,0.8706888173718417,1.3243729447524697,0.000279247771676,3330
-0.2827530307112616,0.4486802990960474,1.375696011237919,0.0005682533709829,3330
-0.2809043957853201,0.8288205446906087,1.328640635420672,-0.0009706051648421,3330
-0.2783592306804359,0.4066384631767786,1.3814491290574222,5.3955647028557097e-05,3330
-0.2764003320253964,0.7875165374453605,1.3300889491435433,-9.089010396134271e-05,3330
-0.2738966833619108,0.3646952078194394,1.3865436852215975,7.451249056041748e-05,3330
-0.2718464949424738,0.7458639131761093,1.33353274882814,0.0001569712324484,3330
-0.26946606873299,0.3228377161342912,1.391479804398707,-9.823648810824288e-05,3330
-0.2673604689593097,0.7039200428421839,1.3385908658584662,-7.247782511342338e-06,3330
-0.2650243418687268,0.2809726182725558,1.3964393780515836,8.10088728765701e-05,3330
-0.2629246760812339,0.6618044149383967,1.3439397637886024,0.0005969545477718,3330
-0.2582971499692057,0.6194882802791843,1.350014244585809,0.0005196801428314,3330
-0.2478052712002635,0.9155650768843904,1.3189306060674095,0.000443090343935,3330
-0.2453309943125811,0.4944595219811911,1.3644267450683207,-0.000159503538195,3330
-0.2434292325363864,0.8737637909162628,1.3224854741171117,-0.0013005217304352,3330
-0.2409213014106019,0.4524600133729255,1.369733236611844,-2.943463974521693e-05,3330
-0.2389705399501673,0.8328060343196522,1.3203202703117594,9.320458585897196e-05,3330
-0.2365275013797762,0.4104181774536567,1.3754863544313474,8.091488474420289e-05,3330
-0.2344664761902435,0.791502027074404,1.3217685840346305,0.0001513148661272,3330
-0.2320827554888138,0.3684727191992841,1.3803195849643992,-6.348084480185812e-05,3330
-0.2300391106591683,0.7495443415352202,1.3269832725444957,0.0001646551673311,3330
-0.227652140859893,0.3266152275141359,1.385255704141509,2.414614561657702e-06,3330
-0.2255530846760043,0.7076004712012947,1.332041389574822,-2.8485352022156185e-06,3330
-0.221109896499404,0.6657943310978425,1.336885596381562,-6.618395281524081e-05,3330
-0.2164823703873759,0.62347819643863,1.3429600771787689,0.0010591277904139,3330
-0.2119672183598244,0.5816519292837099,1.348361491967958,-0.0008051227782407,3330
-0.2078118906482446,0.5402050188064074,1.3531282860519591,0.0006498336520063,3330
-0.2035660524021643,0.4982090422317562,1.358935110354723,-4.0769559306819136e-05,3330
-0.2014967465994122,0.8780078434126243,1.312114595748482,0.0010855595080123,3330
-0.1991563595001852,0.4562095336234906,1.3642416018982462,0.0002518301331036,3330
-0.197038054013193,0.8370500868160137,1.3099493919431295,0.0001021795436671,3330
-0.1946973354155902,0.414247488796939,1.3692854304046258,-1.6776793088923991e-06,3330
-0.1925870120847553,0.795149621468602,1.3151649233299758,6.731582761664717e-05,3330
-0.1902525895246278,0.3723020305425664,1.3741186609376776,0.0001648961231065,3330
-0.1881596465536801,0.7531919359294181,1.320379611839841,0.0002179967502829,3330
-0.1837309765912846,0.7113046033253418,1.3256907890963905,-2.479443839888129e-05,3330
-0.1792877884146843,0.6694984632218896,1.3305349959031303,-0.000101801831967,3330
-0.1748427853141324,0.6276719537354404,1.335399707064409,3.022364156481105e-06,3330
-0.170327633286581,0.5858456865805203,1.3408011218535982,1.7280045512768627e-05,3330
-0.165972976930627,0.5440320190002794,1.3462150542435205,-0.0002608249705303,3330
-0.1617271386845468,0.5020360424256285,1.352021878546284,0.0005908096140281,3330
-0.1571767067476077,0.4599562055875724,1.358017200844606,0.0003087923911165,3330
-0.1552132092808408,0.8406847133760215,1.3036249479750563,5.143888171322414e-05,3330
-0.1527176826630127,0.4179941607610209,1.3630610293509853,0.000150332103023,3330
-0.1507621673524031,0.7987842480286098,1.3088404793619026,-4.255093691361844e-05,3330
-0.1463411044685091,0.7569151924781824,1.3141185752990956,-3.61228915499584e-05,3330
-0.1419124345061136,0.715027859874106,1.3194297525556449,-1.1946020607202236e-05,3330
-0.1374993405291429,0.6730723891618475,1.3245949733500306,3.031169392021804e-05,3330
-0.133054337428591,0.6312458796753984,1.3294596845113098,-0.0003572354955901,3330
-0.1286723309033288,0.5894235645967548,1.334910169889982,-7.743896439343229e-05,3330
-0.1243176745473749,0.547609897016514,1.340324102279904,-0.0003490857303845,3330
-0.1200245511494024,0.5058800005578215,1.345848364633919,-0.0002776439801051,3330
-0.1154741192124633,0.4638001637197655,1.3518436869322412,3.889108101139127e-05,3330
-0.1089460464422111,0.8025575923123145,1.3020121951535246,-8.853573181782926e-05,3330
-0.1045249835583171,0.7606885367618872,1.3072902910907176,0.0005259813150938,3330
-0.1001812833942396,0.7186484513680405,1.3137788689737562,-4.304214640217519e-05,3330
-0.095768189417269,0.676692980655782,1.318944089768142,-0.0002059031504695,3330
-0.0912238240622002,0.6349736252177739,1.3230741880540968,-0.0001013639299682,3330
-0.0868418175369381,0.5931513101391304,1.3285246734327691,0.0006674866434207,3330
-0.0825280015490613,0.5512108403952317,1.3347410888536435,-9.295265275546112e-05,3330
-0.0782348781510889,0.5094809439365391,1.3402653512076586,9.150502035105285e-05,3330
-0.0626629651273263,0.7643951655612785,1.3002504846023413,0.0001251807295606,3330
-0.0583192649632488,0.7223550801674318,1.30673906248538,0.0008591314388833,3330
-0.0538913775200818,0.6805409143291399,1.3122655047020235,3.140975704468696e-05,3330
-0.0493470121650131,0.6388215588911317,1.3163956029879786,-1.0111852698009571e-05,3330
-0.0448843074701829,0.5969623078834709,1.321745639903129,1.3181446192056525e-05,3330
-0.0405704914823061,0.5550218381395722,1.3279620553240037,0.0006442668760373,3330
-0.0164499318089441,0.7260693291942997,1.2998269646423797,-4.143503157522793e-05,3330
-0.0120220443657771,0.6842551633560077,1.305353406859024,-0.0003352322759206,3330
-0.007591301703073,0.6424632785678779,1.310839554630053,-6.566030836335085e-05,3330
-0.0031285970082428,0.6006040275602171,1.3161895915452035,-0.000321772180717,3330
0.0297081389574975,0.6878746527476145,1.2995290836269096,-0.000130240832245,3330
0.0341388816202016,0.6460827679594847,1.305015231397939,2.6744484721182016e-05,3330
-0.4916685012406842,0.3930548041413285,1.4381571259152786,0.0001726592387472,3390
-0.4808090275466729,0.3523735655137353,1.4330107675611106,0.0001452057017669,3390
-0.4629451816688403,0.4457185292900258,1.4327435248837266,0.0002900000223239,3390
-0.4521405574633606,0.4049798445750534,1.4275625585074645,8.135625956971065e-05,3390
-0.4412810837693492,0.3642986059474602,1.4224162001532965,0.0001436671174086,3390
-0.4341996931104024,0.4986203851130594,1.4277292183342771,0.000545496138348,3390
-0.4304603566143296,0.323644071901943,1.4175146635782188,-0.0001367027186235,3390
-0.4234278425253115,0.4576750293041957,1.4221222016320691,9.237570363847952e-05,3390
-0.4126232183198318,0.4169363445892232,1.416941235255807,0.0002223033310984,3390
-0.4017999771695832,0.3761500985362637,1.4116907164114876,0.0002057555913224,3390
-0.3945636645055335,0.5103216602317285,1.4163390398660751,0.0013399328514087,3390
-0.3909792500145636,0.3354955644907466,1.4067891798364098,6.11095452203031e-05,3390
-0.3837918139204425,0.4693763044228647,1.4107320231638671,0.0001188861494563,3390
-0.3800954497140101,0.2948623144976119,1.40169948621947,0.0003911383942128,3390
-0.3730771424033062,0.4288199241199871,1.406264598925591,0.0002286028019318,3390
-0.3622539012530577,0.3880336780670276,1.4010140800812716,0.0002526995383161,3390
-0.3514668209011646,0.3474245841348476,1.3963274601658404,-0.0002915658844026,3390
-0.3441877511085811,0.4811286653399039,1.399668062324819,-0.0001780175958405,3390
-0.3405830206006112,0.306791334141713,1.3912377665489006,0.0001350965305677,3390
-0.3334730795914448,0.4405722850370263,1.3952006380865427,0.0001229075151511,3390
-0.3297309654873895,0.2660969300674367,1.386117250156864,-0.0002710801296839,3390
-0.3226354716776763,0.3999540794658526,1.3904775478124671,0.0002184021575146,3390
-0.3215277739030167,0.7087076093692237,1.4057751351841,-0.000220116154808,3390
-0.3118483913257833,0.3593449855336726,1.3857909278970362,0.0001630752245218,3390
-0.3105566737988255,0.6679601025865798,1.4005931031907148,0.0001230197262735,3390
-0.3052351460209658,0.4929766335363372,1.3908280529973354,-0.0006895687623099,3390
-0.301172973761617,0.3188313537360222,1.3812533336865962,-0.0001371608978054,3390
-0.29403578232214,0.4524377666635081,1.3847530793014684,-0.0004760067355183,3390
-0.2929638492918764,0.7611050110900908,1.4018714220013733,-0.000151672918159,3390
-0.2903209186483954,0.2781369496617459,1.3761328172945593,0.0002006752403085,3390
-0.2831981744083716,0.4118195610923344,1.3800299890273928,-3.1437622954696987e-05,3390
-0.2818769330532403,0.720408488444471,1.39652966996429,0.0001407135405658,3390
-0.2794404260851248,0.2374371948718979,1.3713406151689158,-0.0002485869634976,3390
-0.2772221461267057,0.5451277991152971,1.3871184678402917,-0.0006564854652717,3390
-0.2723442468911825,0.3712190214043945,1.375445186583056,-0.0005334422360653,3390
-0.2709058329490492,0.6796609816618271,1.3913476379709049,7.422478529125337e-05,3390
-0.2659367401420807,0.504861814266906,1.3814230034420016,0.0006612264817553,3390
-0.2646512827424588,0.8138142847349297,1.3967549287644512,0.0002531363953259,3390
-0.2616688293270162,0.3307053896067441,1.370907592372616,-5.21848531268021e-06,3390
-0.2597897972583199,0.6387446609105056,1.3865407497657678,0.0003572999742714,3390
-0.2547373764432549,0.464322947394077,1.3753480297461342,-0.0001532252919259,3390
-0.2534188778400892,0.7728531071319976,1.3923145482888049,0.0002599692314484,3390
-0.2507932826006173,0.2900792561599933,1.3660478808172054,7.081487544458726e-05,3390
-0.2487336640513881,0.5976109638642817,1.3819158683173418,0.0005445061807014,3390
-0.2438551351732566,0.4237640908356823,1.3701128003252827,-0.0002824689431377,3390
-0.2423319616014531,0.7321565844863779,1.3869727962517215,-0.0002058328161712,3390
-0.2399127900373467,0.2493795013701453,1.3612556786915615,0.0001309470773441,3390
-0.2375567214251603,0.5570353596488237,1.3763517835163546,0.0005216730386381,3390
-0.2360974171722803,0.8666274493760717,1.3920957614561644,0.0001919808995543,3390
-0.2330012076560675,0.3831635511477424,1.3655279978809458,4.916808839006137e-05,3390
-0.2313539809352527,0.6914071320547124,1.3813545350475944,0.0002606698130815,3390
-0.2290599993429974,0.2087362218375832,1.3565368201309465,-6.673525170809019e-05,3390
-0.2262713154405353,0.5167693748004326,1.3706563191180647,-0.0001245601601588,3390
-0.2249224077301416,0.8257022373908858,1.3873729302476518,0.0002976372469145,3390
-0.2221364426638089,0.3425607477269555,1.3606598143481463,-0.0001215621600602,3390
-0.2202379452445235,0.6504908113033909,1.3765476468424576,7.286693627595042e-05,3390
-0.2152515789019133,0.4762201315082333,1.3651304728631537,0.0002488865495528,3390
-0.213690002827772,0.7847410597879538,1.3829325497720055,0.0002403618560237,3390
-0.21126089593741,0.3019346142802047,1.3558001027927356,8.123407691959517e-05,3390
-0.2090499975981382,0.6097880059839156,1.3711760673591131,0.0004637528970085,3390
-0.204369337631915,0.4356612749498387,1.3598952434423015,7.730881638031567e-05,3390
-0.2027265685429654,0.7438927531646042,1.3773198854452977,0.0003034217748902,3390
-0.200342272075916,0.2612864574833462,1.3510382742756026,-7.703423083765121e-05,3390
-0.1978730549719103,0.5692124017684576,1.365611982558126,-0.0001716286848621,3390
-0.1964442072293417,0.8784794426798483,1.3827123362207376,0.0001725821885713,3390
-0.1934904229481266,0.3951382911048162,1.3553752519154512,-0.0001637505171904,3390
-0.191748587876765,0.7031433007329387,1.3717016242411706,5.239083191589666e-05,3390
-0.1894894813815668,0.2206431779507841,1.3463194157149874,0.000143236825811,3390
-0.1869943991805771,0.5287181998909232,1.3606431194410955,-0.0004192207596,3390
-0.1852691977872029,0.8375542306946624,1.3779895050122253,0.0001190669827512,3390
-0.1826256579558679,0.3545354876840292,1.350507068382652,0.0001660952055417,3390
-0.1807183770588714,0.662351827428799,1.3665294981131564,0.0002045516814675,3390
-0.1786184628459377,0.1800330427954897,1.34147939056979,-1.7328585718859313e-05,3390
-0.1759746626419551,0.4881689565987239,1.3551172731861845,-0.0002870663491545,3390
-0.1741914345377865,0.7967208140449895,1.372886512946463,0.0001127002595127,3390
-0.1717861265203971,0.3138617032860935,1.3456678589952031,-0.0001527296108758,3390
-0.1695304294124862,0.6216490221093236,1.3611579186298122,-0.0002817614023257,3390
-0.1649139291410229,0.4475218426004154,1.349561337513849,-0.0002413406718312,3390
-0.1632280002529799,0.7558725074216399,1.367273848619755,0.0001710868487688,3390
-0.1608675026589031,0.273213546489235,1.3409060304780702,5.956251753371639e-05,3390
-0.1584505602313694,0.5810689131554989,1.3554209257606793,9.049118049991171e-05,3390
-0.1540350144572345,0.4069988587553929,1.345041345986999,-0.0001696875116894,3390
-0.1521622637528672,0.7149432105700625,1.3619700920178972,0.0002058387997659,3390
-0.1499370069046074,0.2325575368813578,1.336098472305396,-0.0001024239779241,3390
-0.1475719044400361,0.5405747112779645,1.3504520626436491,-0.0001147066413879,3390
-0.145870024996526,0.8495265816173704,1.3680485296051106,1.1614957869894582e-05,3390
-0.1430601906345049,0.3663796546455271,1.3398941859311924,0.0003336718810454,3390
-0.1411320529349737,0.6741517372659227,1.3567979658898832,-1.74910522929006e-05,3390
-0.1390659883689783,0.1919474017260634,1.3312584471601985,3.0149998729508964e-05,3390
-0.1366831206517992,0.5001089729657442,1.3459823148807968,-0.0001712421471436,3390
-0.1347922617471095,0.8086931649676975,1.3629455375393484,0.0001176927308265,3390
-0.1322206591990341,0.3257058702475913,1.3350549765437436,0.0001168260382169,3390
-0.1300667143457921,0.6335063706816563,1.3511100886294456,0.0003891311639352,3390
-0.125622387150867,0.4594618589674357,1.340426379208462,-0.0001268949113446,3390
-0.1236357099506639,0.7677459175816752,1.3577837734300495,0.0002825071652621,3390
-0.1213405178372781,0.2851010004790545,1.330811526773083,3.0169073277991343e-05,3390
-0.1189868451646753,0.5929262617278315,1.345373095760313,-0.0001531186077982,3390
-0.11453076499618,0.4188028429372636,1.334383315347602,0.0001373237680463,3390
-0.1125699734505513,0.7268166207300977,1.352480016828192,0.0001524681863411,3390
-0.1104100220829823,0.2444449908711773,1.3260039686004088,4.93603879715282e-05,3390
-0.1080929380411358,0.5524509692443622,1.3400789599390168,-0.0002521290617175,3390
-0.1035559411734504,0.3781836388273978,1.3292361552917955,4.535603365726088e-05,3390
-0.1015921531877992,0.6860093754350238,1.3471083129241916,5.0256401909101744e-05,3390
-0.0972041542528989,0.511985230932142,1.3356092121761645,-1.877203715118514e-05,3390
-0.0951643323819283,0.8205971648055527,1.3530453829759923,0.0005411361920685,3390
-0.0926259195379066,0.3375429221946314,1.3239694952797858,0.0001450814253776,3390
-0.0905268145986176,0.6453640088507573,1.341420435663754,-0.0002542386719952,3390
-0.0863999858434886,0.4714687207217234,1.3319231032710015,-0.0007225467658138,3390
-0.0840077805854827,0.7796499174195304,1.3478836188666938,0.0003229193576341,3390
-0.0817457781761506,0.2969380524260946,1.3197260455091249,0.0002449872335325,3390
-0.0794775885570759,0.6048989314174256,1.3348337318202868,0.0003201530693553,3390
-0.0753083636888017,0.4308097046915512,1.325880039410142,-0.0003374843244626,3390
-0.0730349587281525,0.7387067277830918,1.3431585256457614,1.0613210833093634e-05,3390
-0.0685836814335364,0.5644236389339563,1.3295395959989909,0.000114908518398,3390
-0.0644460178166766,0.3902531207421945,1.3218735310788985,-0.0020093228744928,3390
-0.0620571384654004,0.6978994824880178,1.3377868217417612,-1.6976789527722858e-05,3390
-0.057835807043233,0.5238429254625725,1.3258421071438538,-0.0006249729106472,3390
-0.0535159961811328,0.349612404109428,1.3166068710668886,-0.0002587759472261,3390
-0.0509212795192677,0.6574497270293708,1.3305907417735532,0.000927429514711,3390
-0.0470316386338227,0.4833264152521538,1.3221559982386908,-4.866240649940151e-05,3390
-0.0445676082129167,0.7915519320761134,1.3374827940418546,0.0002213790362169,3390
-0.039872053477726,0.6169846495960389,1.324004037930086,0.0001828276565079,3390
-0.0359008404833132,0.4427604605453018,1.315871059254405,0.0013466431895264,3390
-0.0335947863555864,0.7506087424396748,1.3327577008209222,0.0002674565379138,3390
-0.0289688884801507,0.5764234295299893,1.319149351669468,-0.0001745190914219,3390
-0.0250384946111882,0.4022038765959451,1.3118645509231612,0.0008185372766163,3390
-0.0225188112648539,0.7100893660031551,1.3271443830381735,0.000478223833414,3390
-0.0182210140898474,0.5358427160586055,1.315451862814331,0.0006037890120001,3390
-0.0113829523187213,0.6696396105445082,1.3199483030699657,-0.0001551170709859,3390
-0.0073273618542159,0.49521807878142,1.3104057032345091,0.0008327908114191,3390
-0.0004057075388767,0.6290257393502993,1.3143712251034685,-0.000486404431765,3390
0.0038034362962935,0.454652124074568,1.3041207642502233,2.2731033022208025e-05,3390
0.0058791264092945,0.7629131215741384,1.3212848526490162,0.0002433281815828,3390
0.0104974574586984,0.5884645192842496,1.3095165388428502,-8.660513787542984e-05,3390
0.016955101500027,0.7223937451376188,1.3156715348662678,0.0002522319353182,3390
0.0213879341134651,0.5477724969758249,1.304954099649009,-0.000518205327514,3390
0.0279501830770609,0.6816186503998669,1.3109761084913782,-0.0001340129292551,3390
0.0322815863490965,0.5071478596986394,1.299907940069187,-0.0002726083714858,3390
0.0389274278569055,0.641004779205658,1.3053990305248808,-0.000149759940296,3390
0.0498930556685404,0.6005376538610664,1.299559579825836,-0.0001606045434793,3390
0.0564384570262218,0.7345948101529052,1.305555723135153,-0.0001337510651106,3390
0.060783532323307,0.5598456315526417,1.294997140631995,0.0005288811478614,3390
0.0674335386032557,0.6938197154151533,1.3008602967602632,0.000535966650328,3390
0.078312918851366,0.6530046673029528,1.295811942170542,-0.0001130269372359,3390
0.0892785466630009,0.6125375419583612,1.2899724914714974,-0.0002756361245936,3390
0.1067405160330745,0.7058160832598138,1.290743689656672,-0.0002319159507752,3390
0.1176198962811848,0.6650010351476134,1.2856953350669509,-0.0001546441975329,3390
-0.5387109247502436,0.5380743802186662,1.442784243643496,1.9164137434260486e-05,3660
-0.5297358971713237,0.4969459317455229,1.4368471474086686,0.0002252502005564,3660
-0.5090098595630165,0.5897948860356605,1.4346401424441555,0.0003739164618469,3660
-0.5001141142992197,0.548453434845158,1.4282454993194915,0.0002385695537737,3660
-0.4911390867202999,0.5073249863720146,1.4223084030846644,5.546076387616394e-05,3660
-0.4820870839399989,0.4664743310713376,1.417675815886677,-0.0007648519152674,3660
-0.47914838999764,0.6416258896113588,1.4269141540693708,0.0002558267515562,3660
-0.4702491881868288,0.6002967256265188,1.420576308133336,0.0004395509201144,3660
-0.461353442923032,0.5589552744360162,1.4141816650086725,0.00026606854299,3660
-0.4523772081253323,0.5178726083548169,1.408446885604866,-0.0001275985506234,3660
-0.4494868232353078,0.6933467634115921,1.4181560456892854,0.0002915458301323,3660
-0.4433252053450313,0.4770219530541398,1.4038142984068784,0.0001096368763026,3660
-0.4401383011135951,0.6520320282010585,1.4135702162832984,0.0002138462374264,3660
-0.4343717230479813,0.4362821183580501,1.3993799615996103,-0.0005230518579879,3660
-0.4312390993027839,0.6107028642162186,1.4072323703472636,0.0002880933382179,3660
-0.4201025073070223,0.7449077081607891,1.409126721135916,-0.0002218218316498,3660
-0.4109359238561832,0.7036561269276853,1.4038057815827694,2.4249807745367613e-05,3660
-0.4044832929159174,0.487648309770332,1.389920740380048,-0.0006963049637003,3660
-0.4015874017344705,0.6623413917171518,1.3992199521767823,-7.20270182256802e-05,3660
-0.3955298106188675,0.4469084750742422,1.3854864035727803,0.0002458509748222,3660
-0.3906213531674105,0.7962417995748678,1.4016381621739686,-0.000431975150599,3660
-0.3864964238524797,0.4058010175259218,1.3803097310534995,0.0002723489594091,3660
-0.3815421915121579,0.7552819487831164,1.3950641006335465,9.83661860131449e-05,3660
-0.3723756080613188,0.7140303675500126,1.3897431610804,0.000320664667948,3660
-0.3632023498347728,0.6728558301801002,1.3843913325086428,5.111594154436766e-05,3660
-0.3611659200486651,0.8477622627168371,1.3936541651240832,0.0002166675676807,3660
-0.3566701426793436,0.4573739780039346,1.3714637307496167,-0.0002495910482241,3660
-0.351962131242192,0.8066209628236636,1.3882929198959268,8.34331730047086e-05,3660
-0.3476367559129558,0.4162665204556142,1.366287058230336,0.0002161526274199,3660
-0.3428829695869393,0.7656611120319121,1.381718858355505,-0.0002948189428158,3660
-0.3385832300347212,0.3751513370288103,1.360905623148895,-7.908385368112641e-05,3660
-0.3338890505068359,0.724653309433375,1.3752040842344748,-4.237588759872096e-05,3660
-0.3317727196108315,0.8992880886163628,1.385849714741299,-0.000524300037904,3660
-0.3247157922802899,0.6834787720634627,1.3698522556627175,0.0001229253191523,3660
-0.3225589262868563,0.8580857766522145,1.3804186783968897,-0.0003643452799348,3660
-0.3180123940987481,0.4679259890890611,1.358099678921421,7.507021576695638e-06,3660
-0.3133551374803832,0.816944476759041,1.3750574331687333,-0.0006042845976001,3660
-0.3088866336535979,0.4267511523527083,1.3522832211564002,6.616034441776081e-05,3660
-0.3041781323141894,0.7757286740193352,1.3695902701890563,-0.0002676143874114,3660
-0.3023263275626873,0.9504690685093355,1.380472318804264,-0.0008737284575222,3660
-0.2998331077753632,0.3856359689259045,1.3469017860749597,9.665118677242011e-05,3660
-0.295184213234086,0.7347208714207981,1.3630754960680262,-0.0009748426675089,3660
-0.293146001607514,0.9093196344065708,1.3744658642842498,-0.000584433090806,3660
-0.2908242294503439,0.3445467759283931,1.3416831563657663,-0.0001365785681552,3660
-0.2860886384346398,0.6939099677402771,1.355611306489054,0.0002749898348446,3660
-0.2839322082835388,0.8681173224424226,1.3690348279398403,-0.0007205985539999,3660
-0.2793013262965566,0.4783801306947285,1.3440163435680552,0.0004038119368707,3660
-0.2747373597604583,0.8269476103324654,1.363524975360493,-0.0006056302288906,3660
-0.2728142555932985,1.002137963462999,1.3705279041273002,0.0020258249124915,3660
-0.2701755658514063,0.4372052939583758,1.3381998858030344,0.0001479788009551,3660
-0.2655603545942645,0.7857318075927596,1.358057812380816,-0.0006153849203995,3660
-0.2635338705013711,0.9605225920620044,1.3711275994242154,-0.0010103490386611,3660
-0.2610228564263175,0.3959803251997486,1.3326969345872923,0.0002901411099309,3660
-0.2563342889924591,0.7450608186300282,1.3495358164435425,0.0009027751873219,3660
-0.2543535445461978,0.91937315795924,1.365121144904201,-0.0006232477686105,3660
-0.2520139781012982,0.3548911322022371,1.327478304878099,0.000142491887549,3660
-0.2472387141930128,0.7042499149495072,1.3420716268645705,-1.072658935260401e-05,3660
-0.2452285361247329,0.8780940292951067,1.358774566938946,-0.0007944697285459,3660
-0.2430063095852416,0.313888514938607,1.3223060066820742,0.0001696540275539,3660
-0.2404113291937409,0.4887130668771159,1.3292953573180188,0.0001573284529968,3660
-0.2381441306313947,0.6631479641804314,1.3365578332104997,-0.0001398922957503,3660
-0.2360336876016524,0.8369243171851495,1.3532647143595984,-0.0007919912152345,3660
-0.2341681081087353,1.0130332326327258,1.3526575771902132,0.000125731432272,3660
-0.2313916852903108,0.4476694643619374,1.3238611108875142,0.0003394082910689,3660
-0.2268501381229968,0.7964209574253766,1.3425424428483124,0.0020016755477106,3660
-0.2248877230168079,0.9714178612317316,1.3532572724871283,0.0039647550543724,3660
-0.222238975865222,0.4064444956033102,1.3183581596717722,0.0003156811604779,3660
-0.2176240725211913,0.7557499684626451,1.334020446911039,-8.49739628434043e-05,3660
-0.2160329433685323,0.9294391900234084,1.3551022086824558,-0.0009652261076158,3660
-0.2132330798539503,0.3653861002828633,1.3132441606866765,-0.0003183353434543,3660
-0.2107486743948903,0.5400193170325157,1.3208336215203589,-0.0004200004375913,3660
-0.2084688997803829,0.7146923837695112,1.328369347935546,0.0001484374443274,3660
-0.2069079349470673,0.8881600613592752,1.3487556307172006,-0.0009843855167312,3660
-0.2042254113378938,0.3243834830192331,1.3080718624906515,0.0002009019104964,3660
-0.2016441450562639,0.4990795576407303,1.3151366918004697,-0.0001948303189568,3660
-0.1993743162187649,0.6735904330004354,1.3228555542814755,9.014867851856596e-05,3660
-0.1972954795394667,0.8477994793531023,1.336129431869296,0.0037808543301771,3660
-0.1926245011528338,0.4580359551255518,1.309702445369965,-8.706008665709114e-05,3660
-0.190157949958484,0.6325198223138482,1.317281349427699,0.0003501294721879,3660
-0.1881119300608111,0.8072961195933293,1.3254071603580098,0.0001214976321492,3660
-0.1863060254199623,0.9823282615726708,1.33308759248616,0.0001569814615313,3660
-0.1835037852475492,0.4169290960195337,1.304215343720036,6.492707100240469e-05,3660
-0.1810776052492096,0.5914237504028688,1.3121494575373955,0.0004025708605766,3660
-0.1790037460683499,0.7661593248009309,1.3198453086328892,9.968875610270184e-05,3660
-0.1774512457716867,0.9403495903643476,1.3349325286814877,0.0051240713045008,3660
-0.1744978892362775,0.3758707006990869,1.29910134473494,5.156579868319938e-05,3660
-0.1720766537731617,0.5504968064214354,1.30697236244894,8.249103626187249e-05,3660
-0.1698485733275415,0.725101740107797,1.3141942096573964,-8.661208747659521e-05,3660
-0.1681961866043983,0.8992497063676423,1.3293843439077868,0.0061085754534809,3660
-0.1629721244345354,0.50955704702965,1.3012754327290508,0.0001655843318647,3660
-0.1606174670059416,0.6840471198783622,1.3087265500819267,9.69806774022211e-05,3660
-0.1585837311967977,0.8588891243614695,1.316758145059882,2.1406163614033635e-05,3660
-0.1539004114782541,0.4683950788426847,1.295836170748441,8.680190853537634e-05,3660
-0.1514011007456608,0.642976509191775,1.3031523452281502,-7.490406767506758e-05,3660
-0.149480887673249,0.817850926003145,1.3110347222916283,9.466805452391924e-05,3660
-0.1447796955729695,0.4272882197366666,1.2903490690985118,9.087142386725313e-06,3660
-0.1423270850517689,0.6019488371781154,1.2980503908295726,-0.0004753712564227,3660
-0.1403727036807878,0.7767141312107466,1.305472870566508,0.0002321043276966,3660
-0.138424597788435,0.951612264397407,1.31384295587849,-4.734601907851327e-05,3660
-0.133326133575721,0.5610218931966819,1.292873295741117,-0.0001967927563333,3660
-0.1312189333049102,0.7354946454506943,1.3005644537080596,-0.0001688179903733,3660
-0.1291695386211466,0.9105123804007016,1.308294771104789,8.785285319140579e-06,3660
-0.1243375820692361,0.5199730442924214,1.2882180885285588,-0.0006870683520076,3660
-0.1219878269833104,0.6944400252212595,1.29509679413259,-0.0002816594940584,3660
-0.1198597808424982,0.8694265169193723,1.3022902988736944,0.0003285450418359,3660
-0.1152658691129549,0.4788110761054561,1.282778826547949,-0.0002801263003348,3660
-0.1126742740788849,0.6535125167908683,1.288767609895682,0.0003925300282541,3660
-0.1107569373189496,0.8283883185610479,1.296566876105441,0.0002112019286193,3660
-0.103600258384993,0.6124848447772089,1.2836656554971049,0.0004911574318234,3660
-0.1016386508758377,0.7873129963827924,1.290978707127466,0.0002996095875639,3660
-0.0946482101491481,0.5713922201063685,1.2793248533951782,-0.0002327751766613,3660
-0.0924848804999602,0.7460935106227401,1.2860702902690175,0.0006407195816358,3660
-0.0905204906202666,0.9210663857732548,1.2938059652362477,0.0005386057443828,3660
-0.0856596586426632,0.530343371202108,1.2746696461826197,0.0002777469641244,3660
-0.0832693807057984,0.7049162901416066,1.2806862962300765,0.0006794000373554,3660
-0.0812107328416182,0.8799805222919254,1.2878014930051531,-1.768635540019825e-05,3660
-0.0739558278013729,0.6639887817112153,1.2743571119931685,-0.0001785782978306,3660
-0.0721065633841348,0.8387567642916101,1.283170817249678,-0.0005261523002144,3660
-0.0647536341522774,0.6229033794950646,1.2689518385440866,4.473342606811648e-05,3660
-0.0629882769410229,0.7976814421133546,1.2775826482717032,-0.0005305653268981,3660
-0.0558015859164325,0.5818107548242242,1.2646110364421603,0.0004176925262205,3660
-0.0538142210763521,0.7565261267422467,1.2722081205207512,-0.0004799234197557,3660
-0.0445987212821903,0.7153489062611132,1.26682412648181,-0.0005357673822483,3660
-0.0426490569661658,0.8902714433654462,1.2744586035950345,-0.0002775284741351,3660
-0.0353512056322157,0.6742987498087104,1.2613721165825869,-0.000520626305631,3660
-0.0335448875086824,0.8490476853651309,1.2698279278395594,-2.4932473364228103e-05,3660
-0.0261490119831202,0.6332133475925596,1.2559668431335052,-0.0004198051132494,3660
-0.0242598788051073,0.8079103138534505,1.264539307725665,0.0003341470615583,3660
-0.0150858229404365,0.7667549984823426,1.259164779974713,9.016912970357532e-05,3660
-0.0059395222204395,0.7256514398382801,1.2537888729171067,0.0002379570147755,3660
0.0033079934295351,0.6846012833858772,1.2483368630178835,-0.0001233076843787,3660
0.0051872817258587,0.8594307742797803,1.2558433750770197,4.7768126177086256e-05,3660
0.0144722904294337,0.8182934027680999,1.250554754963125,-2.251423305929534e-05,3660
0.0237533429564319,0.7772702302646709,1.2452290995137254,-5.131929980356498e-05,3660
0.0328996436764289,0.7361666716206083,1.2398531924561191,0.0002338942385709,3660
0.0531653442435646,0.8288012139549371,1.2368772988307364,-5.120612907918293e-05,3660
0.0624463967705628,0.7877780414515081,1.2315516433813367,-0.0001394625513353,3660
-0.5455329790230767,0.6029318162584512,1.4032276059587705,0.0001443079336823,3720
-0.5431404313843751,0.5607039054483989,1.4067983025214532,-2.8479979964968205e-05,3720
-0.5068135254284211,0.6467486307687786,1.3895741490431774,-5.202732757548373e-05,3720
-0.5044440138466173,0.6044589824719147,1.3928817291690785,-8.588496550503144e-05,3720
-0.5020514662079156,0.5622310716618624,1.3964524257317614,-5.055157098819707e-05,3720
-0.4996303886758735,0.5200776687140837,1.4002078814094798,-0.0001874951063247,3720
-0.4681730413759299,0.6903977396331711,1.3762257162736695,-0.0003393102643883,3720
-0.4658333067232214,0.6482044600426281,1.3789685246823726,8.573632536480746e-05,3720
-0.4634637951414176,0.605914811745764,1.3822761048082737,2.146551409035885e-05,3720
-0.4608299884580231,0.5639288308302794,1.3867121846856238,-0.0001869811583593,3720
-0.458408910925981,0.5217754278825006,1.390467640363342,0.0002325195198571,3720
-0.4561825249376734,0.4791919390842279,1.3930922827161345,0.0003589193819146,3720
-0.4294738612669239,0.7339021044438521,1.3635460381905826,-0.0004760125728825,3720
-0.4271521241006009,0.6916345866909619,1.36638470163691,5.222147797484533e-05,3720
-0.4248123894478924,0.6494413071004189,1.369127510045613,-0.0006470570845883,3720
-0.4171900141938879,0.5227142454914221,1.3787972144687324,0.0013863813144422,3720
-0.4149636282055803,0.4801307566931493,1.3814218568215246,0.0001186139619993,3720
-0.4126600129503582,0.4381890684133931,1.3854623048261807,0.0002010935049472,3720
-0.3906314148629873,0.7773010450364648,1.3521435085129516,-0.0008163982018473,3720
-0.3885415134325929,0.7352651797214971,1.3533831407918084,-7.920405756734611e-05,3720
-0.3862197762662699,0.6929976619686069,1.3562218042381358,-0.0001243320185518,3720
-0.3738845283712246,0.4814991681878907,1.3709773615513514,-0.0006923312304885,3720
-0.3715809131160026,0.4395574799081345,1.3750178095560075,-0.0002753703371968,3720
-0.3692608762538891,0.3974246240592768,1.3782944900327472,-0.000255028644465,3720
-0.3517939853490864,0.8208434219884428,1.3401950943643808,-3.972739860977348e-05,3720
-0.3494639773598692,0.7785221740575339,1.3428476473482864,0.0001117471668198,3720
-0.3473740759294749,0.7364863087425662,1.344087279627143,-0.0007060252909005,3720
-0.3452572254855718,0.6944972325467036,1.345819359478929,-3.597925924417322e-05,3720
-0.3331116799185116,0.4833712777652595,1.362067751892469,-0.0002688503374122,3720
-0.3305893278272865,0.4410510910190993,1.3649066400829486,-0.0001762766815015,3720
-0.3282692909651731,0.3989182351702416,1.368183320559688,-9.189069676869556e-05,3720
-0.3259716678225486,0.3567753239569801,1.3716892248289074,-0.0002464742325731,3720
-0.3130885038227003,0.8644414999621968,1.3282417400333304,-0.0009062352611116,3720
-0.3107677659240128,0.8222640785231372,1.3305096672411472,-6.15905418935303e-05,3720
-0.3084377579347955,0.7799428305922281,1.333162220225053,-0.0005644049283204,3720
-0.3061231801235251,0.7379921670375152,1.3341546882149642,-0.0001578492375278,3720
-0.304006329679622,0.6960030908416526,1.33588676806675,4.901880022570304e-05,3720
-0.2919139694711057,0.4848704331885297,1.3519831748356097,0.0006815242648259,3720
-0.2893916173798806,0.4425502464423694,1.3548220630260892,-1.1816468016651038e-05,3720
-0.2871414016990397,0.4003694669135427,1.3576242851275475,0.0001073651156689,3720
-0.2848437785564152,0.3582265557002811,1.361130189396767,0.000198432573308,3720
-0.2825308465033596,0.3160450245678778,1.364867724544446,0.0001248706212009,3720
-0.2741732129559626,0.907661753896938,1.3196441936964112,-0.0014444404956011,3720
-0.2719506972873242,0.8654743835130656,1.3208732898160336,0.0002031819192588,3720
-0.2696299593886365,0.823296962074006,1.3231412170238503,-0.0013194558189051,3720
-0.2673050612628417,0.781676295407961,1.3217661403087742,0.0003959362489301,3720
-0.2649904834515713,0.7397256318532481,1.3227586082986855,5.635266839468245e-05,3720
-0.2626492256466289,0.6973923198678094,1.3259115062761595,0.0002863749828711,3720
-0.2505632205499232,0.4860400304223959,1.3409674696230085,-0.0001320673837727,3720
-0.2482142936663428,0.4439565136337565,1.3440026822161912,0.0001080655352054,3720
-0.2459640779855018,0.4017757341049297,1.34680490431765,2.5960042707634523e-05,3720
-0.2436931773369906,0.359695219632936,1.3506529131895684,-0.0002546800953631,3720
-0.2413802452839349,0.3175136885005328,1.3543904483372473,6.747146946022714e-05,3720
-0.2353242039302626,0.951841938599452,1.3028161830897167,0.005361991602009,3720
-0.2327776659744351,0.9084948208360633,1.3145972709430236,0.0002524571761909,3720
-0.2305551503057966,0.8663074504521907,1.315826367062646,-0.0015124406444096,3720
-0.2283462089409524,0.8251212306437434,1.3104863413593324,0.0010812898270526,3720
-0.2260213108151576,0.7835005639776984,1.3091112646442564,0.0002955180600879,3720
-0.2237111211757982,0.7410900302165058,1.3124537639046157,0.0002518191609843,3720
-0.2213698633708558,0.698756718231067,1.31560666188209,5.659987980312364e-05,3720
-0.21912209724247,0.6564800675133164,1.3186638730351825,6.277948431130526e-05,3720
-0.2121324274468363,0.5294932632005664,1.3279244709083065,-0.0009200403854551,3720
-0.2097613825555734,0.48734340373441,1.3307673669426303,-0.0004784787298771,3720
-0.2074124556719931,0.4452598869457705,1.3338025795358135,-0.0009121204496238,3720
-0.204862908959156,0.4032133869141465,1.3365962672009242,-0.0001887851687637,3720
-0.2025920083106447,0.3611328724421528,1.3404442760728426,-3.904446900958314e-05,3720
-0.1967426046350779,0.9963691863150774,1.2823268789112414,-2.0267067789805915e-05,3720
-0.1942713067629924,0.9542395576999494,1.2852265002374794,3.068164519547806e-05,3720
-0.191724768807165,0.9108924399365608,1.297007588090786,0.0079319741629049,3720
-0.1893676095253166,0.8686092735171702,1.300363297244172,0.0029313935656954,3720
-0.1871586681604723,0.8274230537087228,1.2950232715408585,0.0003364265329525,3720
-0.1848174022714348,0.7849849507351981,1.298539226588973,9.259386370184808e-05,3720
-0.1825072126320753,0.7425744169740054,1.3018817258493325,0.0002550132601585,3720
-0.1802044591801684,0.7002319910766752,1.30522393824719,-1.0707582485315614e-05,3720
-0.1779566930517827,0.6579553403589247,1.3082811494002824,0.0001008325385703,3720
-0.1756457341511291,0.6156437214437541,1.311079881989412,0.0001928445304552,3720
-0.1734485754863096,0.5732450906175347,1.314654463638453,0.0007375412927856,3720
-0.1712756851900524,0.5309435838422214,1.318603506502622,-6.626092703897885e-05,3720
-0.1689046402987895,0.4887937243760649,1.321446402536946,-0.0002465704977578,3720
-0.1664132422810512,0.4466809805024543,1.323820206447817,0.0001754112663551,3720
-0.1638636955682141,0.4046344804708304,1.3266138941129275,-0.0002340741242189,3720
-0.1555655543054762,0.9977778114800808,1.2718416795741476,0.0003226403236762,3720
-0.1530942564333908,0.9556481828649528,1.2747413009003856,-0.0004279179627032,3720
-0.1508932973174583,0.9137761241377168,1.277118832070221,-0.0002862564894894,3720
-0.1485361380356099,0.871492957718326,1.2804745412236067,0.0004213995802055,3720
-0.1460346359241724,0.8291402796596857,1.283732518627578,4.350568333044702e-05,3720
-0.1436933700351349,0.786702176686161,1.2872484736756926,0.0008784725957804,3720
-0.1413657015505166,0.7440965444627874,1.2916830041250993,2.52921600224984e-05,3720
-0.1390629480986097,0.7017541185654572,1.2950252165229568,1.224161871477003e-05,3720
-0.136709467984125,0.6594438383195177,1.2977236689663607,0.0002071724510028,3720
-0.1343985090834713,0.6171322194043471,1.30052240155549,0.0001135053404577,3720
-0.1322023170532789,0.5748509825700339,1.3041530988789392,-0.000192095746113,3720
-0.1300294267570217,0.5325494757947206,1.3081021417431078,0.0003176319294776,3720
-0.1278650043482099,0.4903605503337033,1.3120240198519095,-0.0003520633677588,3720
-0.1253736063304717,0.4482478064600926,1.3143978237627802,-0.0008618784542517,3720
-0.1118454123414897,0.9571026555800506,1.263731003072042,0.0002240321674038,3720
-0.1096444532255572,0.9152305968528144,1.266108534241877,0.000117957771647,3720
-0.1074612170508338,0.8731753340534043,1.269185132661687,0.0002488399778911,3720
-0.1049597149393963,0.830822655994764,1.2724431100656584,0.0002219063461653,3720
-0.1024889991618429,0.7884051833506616,1.2762240138372805,0.0001663325219072,3720
-0.1001613306772245,0.7457995511272879,1.2806585442866871,0.0010009979103799,3720
-0.0980305837755065,0.7031776169834817,1.2854437896307105,-0.0001707670515042,3720
-0.0956771036610217,0.6608673367375422,1.2881422420741142,-0.0006780825309141,3720
-0.0931666653345834,0.6187284498428063,1.2899416911251644,3.064792600773053e-05,3720
-0.0909704733043909,0.5764472130084929,1.293572388448613,0.0007441671133216,3720
-0.0888565577642653,0.5341545294249401,1.2980955185374072,-0.0002796081427222,3720
-0.0866921353554535,0.4919656039639227,1.3020173966462087,0.0002407083283771,3720
-0.0683293604713976,0.9165814499390024,1.256029757658856,-0.0002733070404645,3720
-0.0661461242966742,0.8745261871395921,1.259106356078666,-0.0003009420455998,3720
-0.0637049850747593,0.8322020132626889,1.2626011502427352,0.0003862658798221,3720
-0.0612342692972058,0.7897845406185864,1.266382054014357,-8.219134661881927e-05,3720
-0.0588874209687712,0.7474477930418963,1.2694093838351843,0.0002504974599145,3720
-0.0567566740670531,0.7048258588980902,1.274194629179208,0.0014624582940153,3720
-0.0544573891643509,0.6625198064639943,1.2773871385927391,0.0005177352394154,3720
-0.0519469508379126,0.6203809195692584,1.2791865876437891,0.0002581167422657,3720
-0.0498434371600088,0.5779377322410904,1.2838843834924734,-0.0003543235753584,3720
-0.0477295216198831,0.5356450486575375,1.2884075135812676,-5.310054035396333e-05,3720
-0.0249570182338282,0.8757142271293397,1.2503514814111203,4.488479841573134e-06,3720
-0.0225158790119134,0.8333900532524365,1.2538462755751896,-0.0006223118221929,3720
-0.0201544039939505,0.791049564316026,1.2566734300186364,4.056893464369354e-05,3720
-0.0178075556655159,0.748712816739336,1.2597007598394636,-0.0005259011856981,3720
-0.0154593263167053,0.7064524364416492,1.2632391577685098,-0.0001634391238627,3720
-0.0131600414140031,0.6641463840075534,1.2664316671820417,-0.0005369212498208,3720
-0.0109016483325424,0.6218746082533451,1.26985439301368,-0.0003096245988403,3720
-0.0087981346546386,0.579431420925177,1.2745521888623643,0.0004705993608355,3720
0.0184644434230001,0.8347325993528779,1.2443423009687185,2.614637740533388e-05,3720
0.020825918440963,0.7923921104164673,1.2471694554121653,-0.0001851828463615,3720
0.0231900015403068,0.7501169345309561,1.2504480110550698,-0.0001560890023943,3720
0.0255382308891174,0.7078565542332693,1.2539864089841155,-7.510027823120352e-05,3720
0.0279185174303985,0.6655933671421627,1.257379542857065,-7.592562267617897e-05,3720
0.0301769105118592,0.6233215913879544,1.2608022686887042,0.0001082481619023,3720
0.0620081530037761,0.7939965067873377,1.2371504020533015,9.570992292531194e-05,3720
0.06437223610312,0.7517213309018265,1.2404289576962062,0.0003448687734118,3720
0.0666864272661591,0.7094417040921529,1.2442346163929083,-9.300066533731582e-05,3720
0.0690667138074402,0.6671785170010462,1.247627750265858,4.876893706719232e-05,3720
0.1055585239069679,0.7533331847226676,1.2306713545864914,-0.0002104892740658,3720
0.1078727150700071,0.7110535579129942,1.2344770132831937,1.5738851239101292e-05,3720
-0.8103457205444027,0.7596495493734126,1.3243537079248102,-6.520748336772547e-05,3840
-0.8059057183552623,0.800222140975346,1.3127907922627218,-2.6866051294129056e-05,3840
-0.7729220848202292,0.7139126552172683,1.3335749588169028,-0.0003107248014155,3840
-0.7683893985948027,0.754472406686352,1.3221639098875817,-6.31439863268482e-05,3840
-0.7639493964056624,0.7950449982882855,1.310600994225493,-0.0001287044814467,3840
-0.7594902917052683,0.8355968677013248,1.2987560448087856,7.462535997321967e-05,3840
-0.7355378577432528,0.6680087428669014,1.3424994964178056,5.056111281197262e-05,3840
-0.7309304326992692,0.7086268337815739,1.3328064211548014,-0.0006087009526079,3840
-0.7263977464738426,0.7491865852506576,1.32139537222548,0.0006567220957348,3840
-0.721974794977605,0.7899180086170767,1.3081723666691,0.0001712312945993,3840
-0.7175156902772108,0.830469878030116,1.2963274172523926,-0.0001606410382755,3840
-0.7130192093994054,0.870931490211416,1.2853769146085017,-0.0002730043258785,3840
-0.6980803304762929,0.6221502576684628,1.3515068550682925,-0.0002633375290169,3840
-0.6935534570638998,0.6627863395815965,1.3406989620475636,-0.0001152547330757,3840
-0.6889460320199161,0.703404430496269,1.3310058867845591,-0.0006932543022827,3840
-0.6845077823173524,0.7440156071556199,1.319173051330657,0.000653172604485,3840
-0.6800848308211147,0.784747030522039,1.3059500457742772,-0.0001016482556541,3840
-0.6756198477951861,0.825339141037934,1.2943082987282128,-0.0002427379663359,3840
-0.6711233669173806,0.8658007532192342,1.2833577960843217,-0.0005498117615846,3840
-0.6665745638762927,0.906477630411289,1.2720794944019964,0.0002450271198528,3840
-0.6606398980188322,0.5764341878799569,1.3609940293385268,-3.947656160883939e-05,3840
-0.6561194794913601,0.6170427284521054,1.349570376570786,-0.0001200219875035,3840
-0.651592606078967,0.6576788103652391,1.3387624835500571,-0.0001946512493931,3840
-0.6470816187784425,0.6983355296635192,1.327368409783528,0.0001457349562441,3840
-0.6426433690758788,0.73894670632287,1.3155355743296258,-4.094879701170562e-05,3840
-0.6381681203609963,0.7795036266257777,1.3038774634738663,5.747974447716658e-05,3840
-0.6337031373350677,0.8200957371416727,1.2922357164278022,2.0482372063784785e-05,3840
-0.6292432287258096,0.8606583892917105,1.280451224375247,8.148141947859899e-05,3840
-0.6246944256847216,0.9013352664837652,1.2691729226929218,-6.637231240082947e-05,3840
-0.6231230652605084,0.5305736382115966,1.3706413430538558,0.0001029204959964,3840
-0.6201479038081881,0.9420633625193072,1.2585021193857258,-0.0001357837537396,3840
-0.618650508052091,0.5712304440861475,1.3591080804908242,1.801743507479081e-05,3840
-0.6141300895246189,0.611838984658296,1.3476844277230835,-6.496007060906306e-05,3840
-0.60959826921665,0.6524601375038861,1.336470573325051,-4.299530657884271e-05,3840
-0.6050872819161254,0.693116856802166,1.3250764995585218,7.215770656079229e-05,3840
-0.6006096799646337,0.7337505948468701,1.313582254576802,-7.760038561419741e-05,3840
-0.5961344312497512,0.7743075151497778,1.3019241437210427,1.122735491109611e-05,3840
-0.5916878511243682,0.8148474241305618,1.290321625115198,-0.0001668989433952,3840
-0.58722794251511,0.8554100762805995,1.2785371330626432,9.061992828149346e-05,3840
-0.5855625860738517,0.4846803748699607,1.380385091697394,9.683722841789116e-05,3840
-0.5826580729467994,0.8961330553369969,1.2670859195429025,4.997143754613409e-05,3840
-0.5810358044693686,0.525331699800852,1.3683766888949305,0.0001892954891214,3840
-0.5781115510702657,0.9368611513725388,1.2564151162357065,-0.0001202923311133,3840
-0.5765632472609512,0.5659885056754029,1.3568434263318991,2.2197342609858728e-05,3840
-0.5736161208064532,0.9774405305981558,1.2455259998463668,-0.0001122348677139,3840
-0.5721040406494409,0.6066303718671607,1.3455513703131678,4.053979529419771e-05,3840
-0.5675722203414718,0.6472515247127508,1.3343375159151352,-0.0001239255294088,3840
-0.563114123206253,0.6878901103854491,1.3227287395605676,0.0001299928262351,3840
-0.5586365212547613,0.7285238484301533,1.311234494578848,-0.0001894220752204,3840
-0.554011443850118,0.7689959807688087,1.3006988689964345,-0.0002583850729976,3840
-0.549564863724735,0.8095358897495928,1.28909635039059,0.0004829728043813,3840
-0.5451187509335919,0.8502475904401645,1.2771094891943373,0.0001072235267268,3840
-0.5435136343244087,0.4795444800369605,1.3785400462608848,0.0001866297597373,3840
-0.5405488813652812,0.890970569496562,1.2656582756745969,0.0001630706088328,3840
-0.5389868527199256,0.5201958049678519,1.3665316434584214,3.1487782079266113e-05,3840
-0.5360367855788171,0.9315538897486378,1.2544367052331686,-0.0002465152784386,3840
-0.534505170814499,0.5608610381255954,1.3549999041174816,-7.668100583248239e-05,3840
-0.5315413553150046,0.9721332689742548,1.2435475888438292,7.385821336834686e-05,3840
-0.5300459642029887,0.6015029043173532,1.3437078480987503,-5.650381024205342e-05,3840
-0.5270600523978619,1.0127989953666203,1.2325195297615277,-0.0001070088436279,3840
-0.5255181880959705,0.6420650325876616,1.3321461129550292,5.230431914508144e-05,3840
-0.5210600909607517,0.6827036182603599,1.3205373366004611,0.0001627866167018,3840
-0.5165697553708276,0.7232337243236056,1.3094684368592977,-0.0002552917145275,3840
-0.5119446779661845,0.763705856662261,1.2989328112768843,-0.0002617564386035,3840
-0.5074682212851186,0.8042599300091462,1.2878604986063444,-0.0001610216089941,3840
-0.5030221084939754,0.8449716306997179,1.275873637410092,0.0003149630895135,3840
-0.4984589490376588,0.8856614278050736,1.2640610047188066,-8.139435762216651e-05,3840
-0.496959108653994,0.5150037543077151,1.3646368290244657,0.0001136420950222,3840
-0.4939468532511948,0.9262447480571496,1.2528394342773788,1.768401753009935e-05,3840
-0.4924774267485675,0.5556689874654586,1.353105089683526,6.761452814129515e-05,3840
-0.4894556126534931,0.966790384882386,1.2423683834321668,-0.0004646465324908,3840
-0.4880438527587835,0.5962979121465898,1.3415383701128736,1.2957814068591256e-05,3840
-0.4849743097363505,1.0074561112747515,1.2313403243498653,0.0003996017872146,3840
-0.4835160766517653,0.6368600404168981,1.329976634969152,-0.0001540025341824,3840
-0.4805208700371827,1.0482137213298044,1.219411280119297,-2.737502680662252e-05,3840
-0.4789636097801244,0.6773955007132535,1.318974247511669,-0.0002344430063193,3840
-0.4744732741902003,0.7179256067764992,1.3079053477705052,-6.447145217502309e-05,3840
-0.4699153890932176,0.7584668869853992,1.296974057225239,-0.0001755390517384,3840
-0.4654389324121518,0.7990209603322844,1.2859017445546992,0.0001004357462271,3840
-0.460962452647987,0.8396955634895322,1.2741612297859015,0.0002657624600038,3840
-0.4563992931916704,0.8803853605948879,1.2623485970946164,3.781991556264103e-05,3840
-0.4518687706667174,0.9209127309821834,1.2519095416415262,-0.0005616510257489,3840
-0.4473775300690158,0.9614583678074198,1.2414384907963143,0.0001249989822764,3840
-0.442905784766959,1.002243920208123,1.2289913251518878,0.0005701747807063,3840
-0.4413552475832203,0.6313831838886452,1.3291101248923534,-0.0005419803271346,3840
-0.4384523450677912,1.043001530263176,1.217062280921319,-5.107261026079252e-05,3840
-0.4368027807115794,0.6719186441850007,1.3181077374348704,0.0007448272577509,3840
-0.4340853671359423,1.083736756076385,1.2051562842665162,0.0003993919146833,3840
-0.4324182928581545,0.712690522115118,1.3058654098659868,-3.169914727078893e-05,3840
-0.4278604077611718,0.753231802324018,1.2949341193207204,-0.0002593562703343,3840
-0.4232525563682753,0.7935337629014672,1.2853912715622924,-0.0007843235868396,3840
-0.4187760766041105,0.834208366058715,1.273650756793495,0.0012633276071155,3840
-0.4142726426289491,0.8749515562990817,1.2616527167516949,-0.0005686091570918,3840
-0.4097421201039961,0.9154789266863772,1.251213661298605,0.000309613980276,3840
-0.4051368864366366,0.955999408033424,1.2420129876328794,-0.0008623398435392,3840
-0.4006651411345798,0.9967849604341272,1.2295658219884529,0.0022756661866939,3840
-0.3963986091600537,1.0378218492043834,1.21370597745163,0.0004645245481398,3840
-0.3947397994393081,0.6666035755005093,1.316643094017199,7.762724704364621e-05,3840
-0.3920316312282048,1.0785570750175926,1.2017999807968271,7.721865674501643e-05,3840
-0.3903553115858832,0.7073754534306267,1.3044007664483153,0.0002526747731207,3840
-0.3876470676244798,1.1192358484773703,1.1905517616637002,0.0001068386735729,3840
-0.385788694341407,0.7479320917061925,1.293187246428325,-0.0003480255627927,3840
-0.3811808429485104,0.7882340522836416,1.2836443986698969,-0.0006672355402487,3840
-0.376641206222691,0.8287346557443152,1.2732415649064748,0.0001548138835569,3840
-0.3721377722475296,0.8694778459846819,1.2612435248646747,0.0002024837277788,3840
-0.3678581232128695,0.909984570778007,1.2507699436627395,-0.0011082101747145,3840
-0.3632528895455099,0.950505052125054,1.2415692699970142,-0.0005560512940251,3840
-0.3586581265855365,0.9915910619682656,1.2269381795199692,0.0024565276102668,3840
-0.3543915946110103,1.032627950738522,1.2110783349831462,0.0001370373877659,3840
-0.3528667545909316,0.6617191196427462,1.313542943821462,-0.0006772345653004,3840
-0.3499599086747097,1.073308856241255,1.1993385559648098,-8.166863223119103e-05,3840
-0.3483261393565693,0.7022670265328574,1.3019679475341424,0.0006138176476795,3840
-0.3455753450709847,1.113987629701033,1.1880903368316829,3.726171556828889e-05,3840
-0.3437595221120931,0.7428236648084232,1.2907544275141518,-0.0007905391733074,3840
-0.3392022665289583,0.7828634431710815,1.2837348076676665,-0.0015496374067142,3840
-0.334662629803139,0.8233640466317551,1.2733319739042446,0.0011371985193782,3840
-0.3302480459076184,0.8639726801584742,1.2609170468104072,-0.0010211377027128,3840
-0.3259683968729583,0.9044794049517992,1.250443465608472,0.0003724952754693,3840
-0.3214077189218866,0.9456026573610156,1.2353049665755933,0.0024974812147539,3840
-0.316812955961913,0.9866886672042272,1.2206738760985485,0.0001094904025092,3840
-0.3123988737826007,1.0274308905210372,1.208748505931598,0.0002913188874074,3840
-0.3106804346879811,0.656595731567166,1.3113129301941622,-0.000104902756731,3840
-0.3079671878463,1.0681117960237705,1.1970087269132614,-6.208714181209218e-05,3840
-0.3061398194536189,0.6971436384572771,1.2997379339068424,0.000541674866766,3840
-0.301698378535793,0.7378801321570552,1.287843736437452,9.837857646515652e-05,3840
-0.2971411229526582,0.7779199105197134,1.2808241165909666,-0.0016126662111307,3840
-0.2927533284028314,0.8177096239837272,1.2738172068076308,-0.0004651555611504,3840
-0.2883387445073109,0.8583182575104462,1.2614022797137936,0.0007469333141365,3840
-0.2837419357500811,0.8996711307748081,1.2451158615988749,0.002831231675848,3840
-0.2791812577990094,0.9407943831840242,1.2299773625659962,4.0402069249274863e-05,3840
-0.2747384678580671,0.98150396478899,1.2177561799506835,0.0004707864418278,3840
-0.2703243856787547,1.0222461881058005,1.2058308097837331,3.648807818806138e-05,3840
-0.264068036290885,0.6919426998401332,1.297892225562284,0.0001587403786509,3840
-0.2596265953730592,0.7326791935399111,1.2859980280928935,-8.307157816711541e-05,3840
-0.255100115827668,0.7732718335308473,1.274402358487863,-1.939683042849472e-05,3840
-0.2507123212778412,0.813061546994861,1.2673954487045274,-0.0018893893385453,3840
-0.2463813396181517,0.8531384883856971,1.2607004597003215,9.433420691323802e-05,3840
-0.241784530860922,0.8944913616500589,1.244414041585403,0.0028338050462638,3840
-0.2371170848949639,0.935646828484171,1.227190999715476,0.0004057195072895,3840
-0.2326742949540216,0.9763564100891368,1.2149698171001635,8.057921291960979e-05,3840
-0.2176127820917346,0.7274322165546487,1.284254028649347,-9.033410261136132e-05,3840
-0.2130863025463435,0.7680248565455849,1.272658359044316,0.0001459195058064,3840
-0.2085586827237687,0.8085557813472997,1.2608821305800255,-8.210770731271327e-05,3840
-0.2042277010640792,0.8486327227381357,1.25418714157582,-0.00117932025369,3840
-0.199715563788963,0.8893444964169868,1.241786779886355,0.0044129610906525,3840
-0.1950481178230049,0.9304999632510992,1.2245637380164285,9.604004489952024e-05,3840
-0.171054078612912,0.7627706883033893,1.27119112138255,-0.0001235920869995,3840
-0.1665264587903372,0.8033016131051041,1.2594148929182594,6.509163996894218e-06,3840
-0.1619967684986239,0.84414035465803,1.2463313082443783,0.0008704363942086,3840
-0.1574846312235077,0.8848521283368811,1.233930946554914,-0.0003864958205276,3840
-0.1245546942512229,0.7983689355525763,1.2565748444824014,0.0008704731598261,3840
-0.1200250039595097,0.8392076771055024,1.2434912598085208,2.483876652652206e-05,3840
-0.9896162705412472,0.7248009322873268,1.2312600785136691,0.0001745839608302,3960
-0.9805951055622576,0.6853717805368963,1.2450538709783825,0.0002752552676214,3960
-0.9573391154198008,0.7743424708646132,1.2200683958501086,0.0001974359853213,3960
-0.9483833376744724,0.734784149736899,1.2326000005566664,8.525276452761577e-05,3960
-0.939362172695483,0.6953549979864684,1.246393793021379,0.0003969224083375,3960
-0.930440748038766,0.6558627017790051,1.2595260529486596,-0.0003324339982618,3960
-0.9249981757441612,0.8237623233647151,1.2106692770563132,-0.0005769448455888,3960
-0.9160355942923128,0.7845005726891595,1.222441010136592,0.0001231291255114,3960
-0.9070798165469846,0.7449422515614452,1.2349726148431497,0.0001572442120467,3960
-0.8981820996026457,0.7053891269010011,1.247803203299809,0.0001731934767649,3960
-0.8927357263342804,0.8730331825613066,1.2004123682501493,0.0001844637847056,3960
-0.8892606749459286,0.6658968306935377,1.2609354632270893,0.0001353510588158,3960
-0.8837420408075912,0.8337467372906417,1.2122134838101142,-0.000808132982787,3960
-0.8803172827695638,0.6263325186302643,1.2739524752336635,0.0002210334830954,3960
-0.874779459355743,0.794484986615086,1.223985216890393,0.0001655813458214,3960
-0.8658328669193724,0.7550395846054458,1.237420996099914,8.784560274672365e-05,3960
-0.8605381526285237,0.9224453450025448,1.1885714357034778,0.000122941795886,3960
-0.8569351499750336,0.7154864599450016,1.2502515845565734,0.0001678827369505,3960
-0.8515161488881683,0.8829976957756047,1.2013183365654785,-0.0001342353906863,3960
-0.848036751860586,0.6759159278254289,1.262982234090708,5.6642584626134806e-05,3960
-0.8425224633614791,0.8437112505049398,1.2131194521254431,-0.0004523652399385,3960
-0.839093359684221,0.6363516157621555,1.2759992460972822,0.0002138340635611,3960
-0.8335393452590825,0.8044786144951008,1.2253837404942844,1.528544175627422e-05,3960
-0.8301173949090572,0.5968474701111159,1.289188386867024,0.0001375499591825,3960
-0.8283545158643004,0.971801120395248,1.1766051703552238,0.0001273921480876,3960
-0.8245927528227119,0.7650332124854606,1.2388195197038057,0.0003665294144228,3960
-0.8192805027913224,0.9323946678606668,1.1896145023799374,-5.995168225057107e-05,3960
-0.8157254517580563,0.7254821692937108,1.2519664737779932,-0.0001523746103891,3960
-0.8102584990509669,0.8929470186337267,1.202361403241938,0.0001464039680533,3960
-0.8068270536436086,0.6859116371741381,1.264697123312128,0.000202932954832,3960
-0.8012021838345853,0.8535627927688807,1.2158977671374387,0.0003185612331047,3960
-0.79786859199063,0.6464329522475183,1.2781060499931618,0.0001922610057854,3960
-0.7961821784894608,1.0211147102685365,1.1651618420420191,-0.0001537735264855,3960
-0.7922190657321887,0.8143301567590417,1.2281620555062802,-0.0004669316717363,3960
-0.7888926272154662,0.6069288065964786,1.2912951907629031,0.0001449258020588,3960
-0.7871285837675391,0.9817095807198604,1.1775664220226545,-1.638165035024175e-05,3960
-0.7832934985091043,0.7750411139530067,1.2403119522002986,0.0002195898034397,3960
-0.7799851580618953,0.5673718016771849,1.304178236562286,-2.479476770153588e-05,3960
-0.7780545706945612,0.9423031281852792,1.190575754047368,5.397269757029255e-05,3960
-0.7744261974444486,0.7354900707612568,1.2534589062744863,0.0003649900775509,3960
-0.7690731755663622,0.9029646892852754,1.2033678435133026,-0.0003398121240738,3960
-0.7655544581175773,0.6959646603977196,1.2666953442145217,0.0002472070318352,3960
-0.7640492885823521,1.0704662151035873,1.1545935498681803,-0.0001834420009702,3960
-0.7600168603499805,0.8635804634204294,1.2169042074088037,0.0003613788513494,3960
-0.7565959964645985,0.6564859754710999,1.2801042708955557,0.0002595925948652,3960
-0.7549221950882823,1.031026622322848,1.1669754972056563,7.419067029212911e-05,3960
-0.750995206215634,0.824189546773614,1.230646585302984,-0.0002953446789004,3960
-0.7476990870307354,0.6169387050566821,1.2933297794654446,0.0001194132853142,3960
-0.7458686003663606,0.991621492774172,1.1793800771862917,-0.0001533369966813,3960
-0.7420696389925496,0.7849005039675789,1.242796481997002,-0.0003282166201286,3960
-0.7387916178771645,0.5773817001373883,1.306212825264827,0.0001374651450311,3960
-0.7369189725489053,0.952299493941874,1.1919459782758772,-0.0001037149927961,3960
-0.7330872937380029,0.7455842427227846,1.255605323459235,0.0001511948304508,3960
-0.7318646331343215,1.1198793751854828,1.14423086212529,-6.823705119495677e-05,3960
-0.7298221764224639,0.5378407758692225,1.3188831442030664,0.00010273308094,3960
-0.7279375774207064,0.91296105504187,1.2047380677418116,-7.930246572359495e-05,3960
-0.7242155544111314,0.7060588323592474,1.2688417613992704,0.0002868087998375,3960
-0.7228561101284089,1.0804549003022372,1.156660739102597,6.387672058617844e-05,3960
-0.718927664318638,0.8736064765343684,1.218100963871117,0.0002483700561864,3960
-0.7152610157485879,0.6664665767611517,1.2825468331742702,0.0006011259330397,3960
-0.7137290166343391,1.041015307521498,1.1690426864400727,-0.0001869920559944,3960
-0.7099060101842913,0.8342155598875529,1.231843341765298,0.0001113659895222,3960
-0.7063641063147248,0.626919306346734,1.2957723417441591,0.0001066091000742,3960
-0.7046363943342275,1.0016143358665506,1.1816798513148334,9.465976173075874e-05,3960
-0.7009251587593117,0.7948964054689319,1.244631696160836,-0.0003613754097019,3960
-0.6996740004602547,1.1693343833159051,1.133498349391965,2.5756797044119983e-05,3960
-0.6975294872672377,0.5873760954452396,1.3080456393984154,6.390025652718012e-06,3960
-0.6956867665167722,0.9622923370342524,1.194245752404419,-0.0001875809406988,3960
-0.6919428135047649,0.7555801442241376,1.257440537623069,0.0001130160354111,3960
-0.6906186289206009,1.129816707914054,1.1464754654412586,0.0001087108043677,3960
-0.6885600458125372,0.5478351711770738,1.3207159583366548,9.598024825207412e-05,3960
-0.6867978945184793,0.9229343976054136,1.2065973665868095,-7.814226259639928e-05,3960
-0.6828812782779492,0.7160308005045226,1.2720943096029544,0.0009587848299383,3960
-0.6816101059146883,1.0903922330308085,1.1589053424185656,-0.000272473514331,3960
-0.6796551516972853,0.5082769792826821,1.3335244868669691,-1.7141870928098768e-05,3960
-0.677787981416411,0.8835798190979118,1.2199602627161152,4.909655148821468e-05,3960
-0.6739267396154057,0.676438544906427,1.285799381377954,-4.313177317034206e-05,3960
-0.6725851737750941,1.0509988440347335,1.1713755266471515,0.0001254150854979,3960
-0.6687813114428793,0.8442572641024942,1.233187551339848,-0.0001808864775366,3960
-0.6650701442257498,0.6370271241970676,1.297932306631915,-0.0002125510167775,3960
-0.6634925514749825,1.0115978723797865,1.1840126915219122,-0.0002753083739706,3960
-0.6598004600178996,0.8049381096838732,1.2459759057353863,-9.86994129715188e-05,3960
-0.6584100587867237,1.1793332561683807,1.135546949397309,0.0003776034990979,3960
-0.6562355251782629,0.5974839132955732,1.3102056042861714,0.0002449624312195,3960
-0.6544130821579071,0.972216121093771,1.1966255822977228,7.260849928815427e-05,3960
-0.6507477322599737,0.7655361630200572,1.259544570245432,0.000414493067051,3960
-0.6493546872470698,1.1398155807665296,1.1485240654466025,0.0001208482103227,3960
-0.6473406546327714,0.5578689378225683,1.3228646066671448,0.0001487327908797,3960
-0.6455242101596141,0.932858181664932,1.2089771964801133,-0.0001979140360929,3960
-0.641686197033158,0.7259868193004422,1.2741983422253174,0.0005752444969693,3960
-0.6403543078860205,1.1003478171576384,1.161443059962311,0.0002076163387316,3960
-0.6384357605175195,0.5183107459281766,1.335673135197459,0.0001915701375335,3960
-0.6367294617519348,0.8935423668526435,1.2211145392884624,-0.0002304070802081,3960
-0.6325297563216645,0.6865567149627687,1.2884289227515524,0.0002385711414977,3960
-0.6313293757464264,1.0609544281615635,1.1739132441908968,-0.0001810556185021,3960
-0.6277227917784032,0.854219811857226,1.234341827912195,-1.4073693486993388e-05,3960
-0.6236731609320088,0.6471452942534095,1.3005618480055134,8.533293684365173e-05,3960
-0.6223244905815164,1.021531189274318,1.1861984674932473,0.0001110223119167,3960
-0.6185271072230982,0.8148244396751909,1.249087913462879,0.0009538258101295,3960
-0.6150019462216252,0.6074988512826485,1.3122370442433406,-6.41912826640223e-05,3960
-0.6132450212644409,0.9821494379883028,1.1988113582690576,-0.0002193924917729,3960
-0.6094743794651722,0.7754224930113749,1.2626565779729246,-0.0002794717450388,3960
-0.6080655676459457,1.1498057849954024,1.151076010654131,0.0004139821674935,3960
-0.6061070756761338,0.5678838758096436,1.324896046624314,0.000123049696221,3960
-0.6042555631156552,0.9428160410754904,1.2114314365788288,-8.331519881914912e-05,3960
-0.6005183778837824,0.7360592327058953,1.2750660732788832,0.0001338988849802,3960
-0.5990651882848965,1.1103380213865113,1.1639950051698391,-0.0001842193062675,3960
-0.5954608147079758,0.903500226263202,1.2235687793871777,-0.0001982261842231,3960
-0.5913619371722889,0.6966291283682219,1.2892966538051185,0.0003180685973885,3960
-0.5900895925370644,1.070946415566441,1.176413285926276,4.438092358349105e-05,3960
-0.5866534317676138,0.8641731479685674,1.2360518582472235,0.0001236463165155,3960
-0.5823918060910823,0.6571668617363663,1.302369518323085,-0.0006858764783391,3960
-0.5810847073721543,1.0315231766791957,1.1886985092286269,-0.0002078268981074,3960
-0.5774577472123088,0.8247777757865323,1.2507979437979078,0.0003805958202761,3960
-0.5737205913806989,0.6175204187656054,1.3140447145609122,0.0003842697622556,3960
-0.5720712318628134,0.9921372713921536,1.201314808647569,0.0001883710750398,3960
-0.5682140745795011,0.785403351405724,1.2651783009755722,-1.239026868847526e-06,3960
-0.5630817737140278,0.9528038744793412,1.21393488695734,-0.0002674205398303,3960
-0.5592580729981113,0.7460400911002445,1.2775877962815307,-0.0001179216275214,3960
-0.5578021316562514,1.120369108437755,1.1660961216642762,-9.721202353528412e-05,3960
-0.5541232782292795,0.913470441835342,1.2264897588611918,0.0001034377199408,3960
-0.5503408810313357,0.7066057679058468,1.2902552677499457,0.0001327185138907,3960
-0.5488265359084192,1.0809775026176849,1.1785144024207137,4.370843990238876e-05,3960
-0.5453158952889176,0.8741433635407072,1.238972837721238,-0.000137550481288,3960
-0.5413707499501291,0.6671435012739912,1.3033281322679122,1.231135930812588e-05,3960
-0.5398881085900192,1.0415099052278491,1.191191618684197,4.053925748844639e-05,3960
-0.5361796639967635,0.8346343297131381,1.2539887384519846,0.0022965981118017,3960
-0.5308746330806784,1.0021239999408071,1.2038079181031394,-0.0001930909996623,3960
-0.5269359913639557,0.7952599053323298,1.268369095629649,-0.0006695410330688,3960
-0.5218771420518633,0.9627638788171464,1.216667333736792,0.0001103712879255,3960
-0.5180229569210606,0.7560112938687432,1.2800192604401557,5.629199933471218e-05,3960
-0.512918646567115,0.9234304461731472,1.229222205640644,-0.0002983083721157,3960
-0.5091057649542852,0.7165769706743456,1.2926867319085704,-4.598257202564904e-05,3960
-0.5075414359528314,1.0909517250043987,1.1804277280291526,4.601298648279628e-05,3960
-0.5039705878109088,0.8841158965519983,1.2417238869159193,4.7507758813306045e-05,3960
-0.4986030086344314,1.0514841276145632,1.1931049442926362,6.809295889639855e-05,3960
-0.4948343565187547,0.8446068627244292,1.2567397876466655,0.000849810402897,3960
-0.4897182868229939,1.0120302922932851,1.2073927461183378,0.0007956902962053,3960
-0.4857593250071316,0.8050418969770103,1.2712544739661489,-0.0002455976199421,3960
-0.4807207957941788,0.9726701711696244,1.2202521617519908,-0.0006654563631796,3960
-0.4768462905642364,0.7657932855134237,1.2829046387766554,-0.0006393502616883,3960
-0.4717230269658133,0.9333869518372968,1.2321947397187931,0.0002157424001081,3960
-0.462774968209607,0.8940724022161479,1.2446964209940683,-0.000396550947314,3960
-0.4573995204155306,1.0615520513609251,1.1948489003590117,-0.000270648563562,3960
-0.4538189835257008,0.8547465141680007,1.2572727476604266,0.0002792477519237,3960
-0.4485147986040931,1.022098216039647,1.2091367021847133,0.0008710982386647,3960
-0.4447439520140778,0.8151815484205819,1.2717874339799096,0.0005909579505435,3960
-0.4394485064081725,0.9824986551424408,1.224574833524379,0.0007704358411166,3960
-0.430450737579807,0.943215435810113,1.2365174114911812,-0.0008113992329742,3960
-0.4215485546726805,0.9039410227111028,1.2483660932291998,0.0005517493071741,3960
-0.4125925699887742,0.8646151346629556,1.260942419895558,-0.0005922897853999,3960
-0.4073640548366376,1.0322726992454156,1.209493936257982,-0.0001411488702238,3960
-0.398297762640717,0.9926731383482096,1.2249320675976478,0.0013618800201852,3960
-0.3891599140348329,0.9529845323130388,1.2413517663661315,0.0005801911111949,3960
-0.3802577311277064,0.9137101192140284,1.25320044810415,-0.0008078204109016,3960
-0.3572473182190592,1.0028850043694086,1.224513719916401,0.0001569012016165,3960
-0.3481094696131752,0.963196398334238,1.2409334186848846,0.0018056711754716,3960
-0.9259735295697806,0.6647228294169314,1.3105067296924295,-5.807745696931321e-07,4020
-0.9121818653837628,0.6249151491953554,1.3146989165202485,-8.266875985914884e-05,4020
-0.8999907174731836,0.7177054806882456,1.299682611101085,-1.3449476295515628e-06,4020
-0.8863006268808573,0.6777670790753317,1.3029861528486897,-0.0001530164927065,4020
-0.8740788375259028,0.7706538168292305,1.287769604186002,0.000333367693976,4020
-0.8725089626948394,0.6379593988537557,1.3071783396765086,7.389208529648417e-06,4020
-0.8603642679546207,0.7307760591039658,1.2918288965144775,-7.646000202456149e-05,4020
-0.8587134757872217,0.5981436473907403,1.311674524094061,-0.0001719848583531,4020
-0.8482992828945255,0.8234325731589791,1.2745919968454218,6.684551747229012e-05,4020
-0.8466741773622943,0.690837657491052,1.295132438262082,0.0001368495629164,4020
-0.8344055965497875,0.7836555091500739,1.2791433319372976,-1.6425032958587715e-05,4020
-0.8328599574719362,0.6509793368198569,1.299562373891022,-9.343692783278512e-05,4020
-0.8225236837092561,0.8761306132653159,1.26291380421361,-0.0004204786435105,4020
-0.8206910269785055,0.7437777514248092,1.283202624265773,0.0001987744372761,4020
-0.8190644705643185,0.6111635853568415,1.3040585583085744,0.0001050204405218,4020
-0.8087198683032972,0.8363817803379872,1.266499813614312,-0.0001228271582286,4020
-0.8070034114617636,0.7038474390121917,1.2874686025467663,-4.077932544734042e-05,4020
-0.805226929064347,0.5713328869241225,1.3084682363957043,4.767064129988785e-06,4020
-0.7967665258818262,0.9288781125837704,1.251429706930344,5.724855561915071e-05,4020
-0.7948261819585591,0.7966047163290819,1.2710511487061875,-7.220320011680492e-05,4020
-0.7931891915714053,0.6639891183409967,1.2918985381757064,2.7369105156847817e-05,4020
-0.7828795734060923,0.8890822400078284,1.2554530656696263,-4.505872187936938e-05,4020
-0.780925652065735,0.7567898559649978,1.2757169607944336,-8.95945148800259e-05,4020
-0.7793513015533903,0.6241441762053554,1.296296643273377,-7.130801301567791e-06,4020
-0.7711007408543005,0.9817262049233766,1.2388101135585226,0.000126121477751,4020
-0.7690757580001334,0.8493334070804998,1.259039075070328,-0.0001271162353742,4020
-0.7672380365489933,0.7168595435523804,1.2799829390754267,0.0001516059789245,4020
-0.7655137600534188,0.5843134777726365,1.3007063213605066,7.252214783495803e-06,4020
-0.7572122725312684,0.9419143467926334,1.2431017355697564,-0.0001121214193773,4020
-0.7552468866170094,0.8095163444643187,1.263328716684899,-2.268354345900947e-05,4020
-0.7534440599660464,0.6769692845874915,1.284161977491196,7.398223400149201e-05,4020
-0.7517027237399241,0.5445549356916948,1.3050426641828667,-0.0001108818154498,4020
-0.7454505411537844,1.0346137123926615,1.226340241072466,5.274941544922141e-05,4020
-0.7433253200555345,0.9021184742166912,1.2471250943090388,-1.3889583158892271e-05,4020
-0.7413463567241854,0.7697014841002346,1.2679945287731451,-4.453632237817751e-05,4020
-0.7396061699480312,0.6371243424518502,1.2885600825888663,0.0001214937863751,4020
-0.7314912997411502,0.994747521866225,1.230579789981799,3.630275546089717e-05,4020
-0.7294031644305701,0.8622381600968965,1.2515840712382098,-3.060725190134894e-05,4020
-0.7274254255483596,0.7298901521841058,1.2726166796698846,1.479425810894941e-05,4020
-0.7257795730610954,0.5973248954542205,1.2930288771004674,5.249030623204198e-06,4020
-0.7198327732673848,1.0874752601907445,1.2148844759430433,-0.0003511770287132,4020
-0.7176028314181181,0.9549356637354818,1.2348714119930326,3.86834044191417e-05,4020
-0.715574293047446,0.8224210974807156,1.255873712852781,-0.0001143086961007,4020
-0.7136314489654128,0.6899998932192171,1.2767957180856535,3.061926440691559e-05,4020
-0.7119685367476006,0.5575663533732789,1.2973652199228276,9.665022999226502e-06,4020
-0.7058354251137722,1.0476599569446057,1.2189123320301785,-3.964692750700605e-05,4020
-0.7037437090692611,0.9150730417122716,1.2391356514541338,3.2562060180860164e-05,4020
-0.7017045262032563,0.7826676377819878,1.26007812667926,-4.545359282494277e-06,4020
-0.6998137045876888,0.6501708086118643,1.2813104918822047,-2.6479579218995075e-05,4020
-0.698262696603772,0.5176987697415465,1.301575593897197,-7.033161566370044e-05,4020
-0.6941866580162507,1.1402525864526072,1.203781196503305,-0.0002085437803332,4020
-0.691876183701138,1.007793766418169,1.2231518809395114,-0.0001497404620375,4020
-0.6898215534442965,0.8751927275924767,1.2435946283833048,9.549106094642462e-05,4020
-0.6877835950274305,0.7428563058658589,1.2647002775759997,0.0001172866250811,4020
-0.6859871077007529,0.6103713616142346,1.2857792863938058,-4.6546528074079e-05,4020
-0.6801764613253807,1.1004584101083372,1.2078699244390652,0.0001665842103709,4020
-0.6779053069735173,0.96793053047209,1.2274721460997058,-2.897517887866935e-05,4020
-0.6759268527233415,0.83535925126518,1.248182018815958,-7.314203385918455e-05,4020
-0.6737883508596592,0.7030412437368478,1.2704345162384274,3.737730136995493e-05,4020
-0.6722329438767691,0.5705430403282086,1.2897898776402266,-8.852373514188494e-05,4020
-0.666179113171768,1.0606431068621984,1.2118977805262,-0.0001830515940453,4020
-0.6640461846246601,0.92806790844888,1.2317363855608068,-7.588419155036413e-05,4020
-0.6620570858791517,0.7956057915664523,1.2523864326424372,-0.0001787299314588,4020
-0.6599706064819353,0.6632121591294953,1.2749492900349784,-0.0001798015592724,4020
-0.6585271037329405,0.5306754566964762,1.2940002516145956,0.0001403873026455,4020
-0.6545548171558657,1.1532184982923954,1.196531925881377,-4.632515869302384e-05,4020
-0.652229533077926,1.0208059834083862,1.216023081061395,9.091630548750672e-05,4020
-0.6502313732693404,0.8881614526083593,1.235880437817897,-5.749982305856827e-05,4020
-0.6481395673136202,0.7558180413320366,1.2572085686962349,-1.2861185578555425e-05,4020
-0.6462321268872043,0.623401972378465,1.2783966686499264,-3.232206520623754e-05,4020
-0.6447196056742909,0.490801520175577,1.298621555411336,6.08553397534739e-05,4020
-0.6405446204649957,1.1134243219481257,1.2006206538171371,-0.0003149241398577,4020
-0.6382586563503052,0.9809427474623073,1.2203433462215894,-8.12234763773595e-05,4020
-0.6363366725483854,0.8483279762810626,1.24046782825055,-0.0001006411851584,4020
-0.6341443231458489,0.7160029792030256,1.2629428073586626,0.0001870830058209,4020
-0.6324779630632205,0.5835736510924389,1.282407259896347,4.57056236819256e-05,4020
-0.6265006213771602,1.073645523123008,1.2050319403917602,-3.067705435264717e-05,4020
-0.6243083193412571,0.941051502604018,1.2245702507893126,8.868687451218243e-05,4020
-0.622401937309734,0.8084925043747997,1.2448620773842691,3.584531464484453e-05,4020
-0.6203118653044479,0.6761772147405711,1.2668819698800349,-6.1005607297243136e-05,4020
-0.6187097441064762,0.5436863896351765,1.2863913121997734,4.869071533778607e-05,4020
-0.6125510412833182,1.0338083996691958,1.209157240926955,-0.0002370990317146,4020
-0.6104935079859373,0.9011450467634974,1.2287143030464027,3.0771876898039174e-05,4020
-0.6084844187442024,0.7687047541403842,1.2496842134380666,9.159837198104148e-06,4020
-0.6065733857097171,0.6363670279895408,1.270329348494983,2.634413011261272e-05,4020
-0.6049022460478264,0.5038124531142771,1.2910126159965138,0.0002473498784096,4020
-0.6009451948778144,1.126355134122783,1.193372059115342,0.0001399411027318,4020
-0.5985989133327208,0.9939201363839564,1.2130836442303257,3.791689203834492e-05,4020
-0.5966908392981651,0.8612649445304106,1.232908742598527,3.827125934116604e-05,4020
-0.5946042932471787,0.7288894615727618,1.2543412500654902,1.3070871630500858e-05,4020
-0.5927204730481481,0.5965695136347612,1.275092197872321,-5.994239015739283e-05,4020
-0.5910673536148658,0.4639362770945221,1.295872352541274,7.275302015113255e-05,4020
-0.586901195789979,1.0865763352976656,1.1977833456899651,-0.0002293383637172,4020
-0.5846485763236726,0.9540288915256672,1.2173105487980491,-0.0001187019056388,4020
-0.5827561040595137,0.8214294726241478,1.237302991732246,-8.452652792824422e-05,4020
-0.5807718354057778,0.6890636971103073,1.2582804125868623,-0.0002249555390828,4020
-0.5789522540914036,0.5566822521774988,1.2790762501757476,-4.8736194929455134e-05,4020
-0.5729004839269343,1.0467444079989583,1.2026855789865312,6.735718524610718e-05,4020
-0.5707543454881382,0.9141383288554468,1.2216951809922931,-7.755218025672084e-05,4020
-0.5687438226101968,0.7815323023545251,1.2427834068712444,0.000162526961232,4020
-0.5669427194974677,0.6493250810998268,1.2626387272468176,-0.0001162602380078,4020
-0.5651600261209897,0.5168313830834105,1.2834211372883833,-8.197017729551226e-05,4020
-0.5589483559763369,1.0068561447137188,1.206611982289902,-0.0004466674070174,4020
-0.5569516768003661,0.87425822662236,1.2258896205444174,-0.0001295911491126,4020
-0.5548636971131731,0.7417170097869027,1.247440443498668,-0.0004170954031301,4020
-0.5530898068358987,0.609527566745047,1.2674015766241558,1.941473206836658e-05,4020
-0.5513251336880289,0.4769552070636554,1.2882808738331435,0.0001567113492901,4020
-0.5472117829344145,1.0995728661963593,1.190073618928628,0.0001180158574737,4020
-0.5450387958958294,0.96700085423579,1.2103233228501722,-2.14032920110227e-05,4020
-0.5431613735248648,0.8343739695174022,1.229924200684006,-8.095541031302722e-05,4020
-0.5411006149693902,0.7019676031030048,1.2510753004251336,-4.229155672381968e-05,4020
-0.5392045228602584,0.5696666464155435,1.271840189244693,3.225909774108582e-05,4020
-0.5332110710713698,1.059740938897652,1.194975852225194,0.0003992135314615,4020
-0.5311445650602951,0.9271102915655696,1.2147079550444162,-0.0001306008740952,4020
-0.5291490920755479,0.7944767992477795,1.2354046158230043,0.0003038855001307,4020
-0.5272714990610802,0.6622289870925242,1.2554336150850889,-0.000229823539187,4020
-0.5254122948898443,0.5298157773214554,1.2761850763573293,4.368691435917976e-05,4020
-0.5192865992168206,1.019764799156445,1.2007143088630097,3.695133616517937e-05,4020
-0.5172081415479669,0.887211989341903,1.219238337620491,4.9114934325598936e-05,4020
-0.5151631246453263,0.7545765112383862,1.2407484645311546,-0.0001109796785675,4020
-0.5134483717981413,0.6224532625715142,1.2597557814221274,-1.6176636934046862e-05,4020
-0.5053770391363133,0.979909508678516,1.20442564942328,-0.0005628143813436,4020
-0.5034178382724657,0.8473277322369451,1.2232729177600796,-0.0002086150673921,4020
-0.5014000425015436,0.7148271045544883,1.24438332145762,-0.0004673482130945,4020
-0.4995630878225009,0.5825923422420107,1.264194394042665,-8.777062902527721e-05,4020
-0.4935317926583257,1.0727782450643475,1.186832806906315,4.974720636204133e-05,4020
-0.4914494990924442,0.9400085038325844,1.2082886825020047,0.0001018090478446,4020
-0.4895327274367704,0.8073348501880819,1.2284697059283856,0.000273094541751,4020
-0.4875856456512552,0.6751252037195259,1.248362566506284,-9.522110307390308e-05,4020
-0.4796073208037765,1.0328021053231402,1.1925712635441306,0.0007084523880069,4020
-0.477513075580116,0.9001102016089176,1.2128190650780797,-0.0003534665608059,4020
-0.4755467600065488,0.7674345621786887,1.2338135546365354,-0.0004081469472104,4020
-0.4737625183883162,0.635349479198516,1.2526847328433228,-0.0002199393406487,4020
-0.4655788999148199,0.9927523881067384,1.1994308162783534,0.0002312477670369,4020
-0.4636372074180165,0.860240379993192,1.2171222189884416,-1.8828165467638103e-05,4020
-0.4617722636701419,0.7276816095614858,1.2375837477486855,-0.0001569884117677,4020
-0.4516513598709508,0.9528513832608068,1.2032938493570782,-0.0006127774483195,4020
-0.4497520965823213,0.8202474979443288,1.2223190071567478,0.0001974456099173,4020
-0.4479578668198535,0.6879797087265234,1.2415629927973493,-0.0004566992688885,4020
-0.4399232840376664,1.0459405749445918,1.183582983888506,2.9575865849403027e-05,4020
-0.4377511527495054,0.9129374218929796,1.2071906120965736,0.0001932621650161,4020
-0.4358952982192655,0.7802144294729818,1.2275642405646172,-3.618941995072594e-05,4020
-0.4258948631487097,1.00589085772819,1.190442536622729,0.0016034301196242,4020
-0.423875284587406,0.8730676002772539,1.2114937660069358,-0.0005481378516472,4020
-0.4221208018828585,0.7404614768557789,1.231334433676767,-0.0007630775362406,4020
-0.4117433750023778,0.9656573051511336,1.199091608314337,0.0003125316231432,4020
-0.4100375882284137,0.8331619541704711,1.215559608055464,0.0001647595687422,4020
-0.3978431678809324,0.9257433437833062,1.2029883710538325,-0.0007021442369455,4020
-0.3961807898653579,0.7931288856991241,1.2208048414633337,7.392472061420324e-05,4020
-0.3863193814325654,1.0191589303273183,1.180187185338554,6.702995217412744e-06,4020
-0.3839816799416793,0.8857811810341345,1.2068826143074831,0.0002868441065334,4020
-0.3721678932862333,0.978925377750262,1.1888362570301625,0.0027947076548324,4020
-0.3701439835826871,0.8458755349273517,1.2109484563560111,-0.0007359451049444,4020
-0.3577996368556884,0.9384383653166584,1.1999751440515367,0.0005546545983348,4020
-0.3439381489164352,0.8984762025674866,1.203869387305187,-0.0008639810833988,4020
-0.3327637351092898,0.9924155714224084,1.1767249511158897,-8.28603936520872e-05,4020
-0.3183954786787448,0.9519285589888046,1.187863838137264,0.005062085482376,4020
-0.8438418990857932,0.7700626450707275,1.4487685145530458,-0.0003376555851869,4320
-0.8400531019584763,0.8122012756869778,1.4487404597306757,-0.0001221524482485,4320
-0.8054790744509435,0.7242931033326695,1.4470952117627989,-0.0001514938883395,4320
-0.801827493232715,0.7664623259636348,1.4465279184166355,-6.700340925750586e-05,4320
-0.798038696105398,0.8086009565798851,1.446499863594266,-0.0003556361044001,4320
-0.7943090506230284,0.8507369124616504,1.446124647281975,-0.0001376755608571,4320
-0.7671643170197711,0.6782891503955215,1.4461601907817947,-8.984050830021517e-05,4320
-0.7632703020711894,0.7205810119193647,1.4470744928526638,-0.0002064051823086,4320
-0.7596187208529609,0.7627502345503301,1.4465071995065009,3.7974135657460606e-05,4320
-0.7559157617569604,0.8050077383642613,1.4445978843254528,2.4297796178802955e-05,4320
-0.7521861162745909,0.8471436942460266,1.4442226680131622,-0.0001864946790885,4320
-0.7484863603650002,0.8892205686532232,1.443637742430467,-8.041292070658929e-05,4320
-0.7287823382511918,0.6322575888929487,1.4449351814140992,-1.4786305993025328e-05,4320
-0.724953779668259,0.6746296516731807,1.445166450828586,0.0005128688713911,4320
-0.7210597647196775,0.7169215131970239,1.446080752899455,-0.0001810139157787,4320
-0.7173376851305222,0.7590180696381899,1.4466115035020253,1.1485859172370716e-05,4320
-0.7136347260345217,0.8012755734521211,1.4447021883209774,8.748483495560344e-05,4320
-0.7100660573730722,0.8435291085419291,1.442218470790282,-0.0001612080999417,4320
-0.7063663014634816,0.8856059829491256,1.4416335452075866,-0.0003840934130274,4320
-0.7026887337952978,0.927770795842213,1.4412403201910162,-9.682196509157304e-05,4320
-0.6902239382893918,0.586335927429231,1.4441231396093552,-4.664657313049186e-05,4320
-0.6865082624617678,0.6285802627370175,1.4435307635951635,-0.0001068125053754,4320
-0.6826797038788351,0.6709523255172494,1.44376203300965,4.257396911865746e-05,4320
-0.6788160220361675,0.7132953206990219,1.4441400431324292,-9.794861636256565e-05,4320
-0.6750939424470124,0.7553918771401877,1.4446707937349994,-0.0001427655178565,4320
-0.6714510790559012,0.7976260845423853,1.443547875540761,0.0001269510415533,4320
-0.6678824103944516,0.8398796196321933,1.4410641580100654,-6.833626213235966e-05,4320
-0.6643564865144744,0.8820324893232524,1.4395028482255992,-0.0001846889805023,4320
-0.6606789188462908,0.9241973022163398,1.439109623209029,-0.0002090547887052,4320
-0.6570090081748545,0.9663842578743064,1.43871486970301,-0.0001677238866548,4320
-0.6516651302829854,0.5403223664746735,1.4435150411592534,0.0001202069913743,4320
-0.6479962101525409,0.58267192306373,1.442977308794045,0.0001444925763466,4320
-0.644280534324917,0.6249162583715164,1.4423849327798537,-0.0001021682428349,4320
-0.6404640430512284,0.6672581092181983,1.442443791063418,0.0004001261397762,4320
-0.6366003612085608,0.7096011043999708,1.4428218011861969,-0.0001515481811451,4320
-0.6330649740229525,0.7518250426314661,1.441506537478412,-0.0001328540493882,4320
-0.6294221106318414,0.7940592500336636,1.4403836192841737,-0.0002647140930856,4320
-0.6257213517229232,0.8361831123454229,1.4402656523273565,-0.0002824292167074,4320
-0.622195427842946,0.878335982036482,1.4387043425428905,-3.5392084265992163e-06,4320
-0.618519482331571,0.9205692968175428,1.4374061183716798,3.679888334011394e-05,4320
-0.6148495716601345,0.9627562524755094,1.4370113648656608,-7.799456713723091e-05,4320
-0.6130167601569264,0.494291674120015,1.44255442308545,0.000104863410218,4320
-0.6112627316892323,1.0049667330433074,1.436378252936823,-4.76791808867727e-05,4320
-0.6093697992451212,0.5366600846414185,1.4420393781297256,8.085574710073318e-05,4320
-0.6057008791146767,0.5790096412304748,1.4415016457645176,4.685165690655746e-05,4320
-0.6019573172039903,0.6212934818562434,1.4412462732856874,9.203502488426551e-05,4320
-0.5981408259303016,0.6636353327029252,1.441305131569252,5.8012043549403314e-05,4320
-0.5944369850047928,0.7060543777147854,1.4408276056841576,5.884847458338671e-05,4320
-0.5909015978191845,0.7482783159462807,1.439512341976373,-5.116027926475864e-05,4320
-0.5872598434211737,0.790364411380903,1.4387928533194116,1.392360819772731e-06,4320
-0.5835590845122555,0.8324882736926622,1.4386748863625942,-5.487834745247083e-05,4320
-0.5800372295534697,0.874760681719537,1.4373208774947297,3.474825426333372e-05,4320
-0.5763612840420946,0.9169939965005978,1.436022653323519,-0.0003103955441803,4320
-0.5727414852050134,0.9591071613418152,1.4358473991074645,-0.0003155804312084,4320
-0.5706893348137292,0.4906141457876912,1.4413173250251132,0.0001515524610407,4320
-0.5691546452341112,1.0013176419096133,1.4352142871786264,-0.0001340832086975,4320
-0.5670423739019241,0.5329825563090946,1.4408022800693887,0.0001812521571506,4320
-0.5655399427980523,1.0435078440345358,1.4346861496836372,-0.0003051159905054,4320
-0.5634544861280867,0.5752691641226388,1.4400340874558224,-3.1431281898419705e-05,4320
-0.5597109242174002,0.6175530047484074,1.4397787149769925,-1.0523226596136082e-05,4320
-0.5559494630993684,0.6599484061558563,1.4395587559747969,0.0001374829248255,4320
-0.5522456221738596,0.7023674511677165,1.4390812300897022,9.119952194840825e-05,4320
-0.5486440848344433,0.7445716137087789,1.4384248163626907,-0.0002843253039493,4320
-0.5450023304364324,0.786657709143401,1.4377053277057297,-0.0001428456250551,4320
-0.5413047216218689,0.8287865665422092,1.4377406929087702,-0.0001762565929359,4320
-0.5377828666630832,0.871058974569084,1.4363866840409052,0.0003394159248742,4320
-0.5342486701016218,0.9133988277069598,1.4342689996995657,-3.7725140956998415e-05,4320
-0.5306288712645407,0.955511992548177,1.434093745483511,-0.0001325234833096,4320
-0.5270711184803277,0.9976356687263478,1.4340677463778364,-0.0001286176864187,4320
-0.5246517572068625,0.5291813153278504,1.4396946010099367,9.5088629547338e-06,4320
-0.5234564160442688,1.0398258708512704,1.433539608882847,-0.0001244667376007,4320
-0.5210638694330251,0.5714679231413946,1.43892640839637,0.000315590684323,4320
-0.5199034065001824,1.0819926342491946,1.4336505243636035,-0.0002770601130117,4320
-0.5173917686012363,0.6137896782931584,1.438518425518314,0.0001641432447277,4320
-0.5136303074832046,0.6561850797006075,1.4382984665161185,0.0003176009441679,4320
-0.5099562551255434,0.6985829348013103,1.4378196441855498,4.640900681037591e-05,4320
-0.5063547177861272,0.7407870973423727,1.4371632304585384,0.000110570415255,4320
-0.5028113385836415,0.7829409715946362,1.4366807224136324,-0.000116696820543,4320
-0.499113729769078,0.8250698289934442,1.436716087616673,-0.0001091809161889,4320
-0.4953966862734373,0.8671195417206847,1.4377026833927602,-0.0002041061792622,4320
-0.4918624897119761,0.9094593948585604,1.435584999051421,0.0007324007576842,4320
-0.4884856049441776,0.951923884057882,1.4326201864356265,-0.0002739171839443,4320
-0.4849278521599646,0.9940475602360526,1.432594187329952,-0.0001916550063827,4320
-0.481172501258246,1.0363136382663232,1.4338243743729036,0.0002123377541663,4320
-0.4786556549969367,0.5677791157904152,1.438012574312041,0.000130121831583,4320
-0.4776194917141595,1.0784804016642473,1.43393528985366,-8.39118032970182e-05,4320
-0.474983554165148,0.6101008709421789,1.4376045914339848,-2.067797137112609e-05,4320
-0.4740506598202016,1.120667680345935,1.4347498198809765,0.0003090733936082,4320
-0.4713616399794619,0.652481474260923,1.4371999921832728,0.0001292995511383,4320
-0.4676875876218008,0.6948793293616258,1.4367211698527045,-6.249790473751571e-05,4320
-0.4641672141356221,0.7370626950164684,1.43575262092763,-0.0003519200679922,4320
-0.4606238349331365,0.7792165692687318,1.435270112882724,-0.0001228671845107,4320
-0.456994852139434,0.8213654074348916,1.4351833741277569,-0.0002532665341719,4320
-0.4532778086437934,0.8634151201621321,1.4361699699038442,-0.000299870066079,4320
-0.4497645684298258,0.9057231958178588,1.434801824415892,7.732800653429545e-05,4320
-0.4463876836620273,0.9481876850171802,1.4318370118000976,1.2146406028097634e-05,4320
-0.4426366154878254,0.990473056924524,1.4325238137503111,9.878691051568717e-05,4320
-0.4388812645861069,1.0327391349547947,1.4337540007932628,-7.1781519436001084e-06,4320
-0.4352998383642101,1.0748548116834893,1.4345929446003804,-0.0003695745546578,4320
-0.4329131919764471,0.6063436311512089,1.4359484434753074,-0.0003911048463533,4320
-0.4317310064702523,1.117042090365177,1.4354074746276968,0.0001175954407726,4320
-0.429291277790761,0.648724234469953,1.4355438442245954,0.0001726195667112,4320
-0.4281511286101466,1.1594098274625375,1.4351304073566098,-9.02187678950006e-05,4320
-0.4256563574461095,0.6910722771329656,1.4353539736202583,-0.0004315020282191,4320
-0.4221359839599308,0.7332556427878081,1.4343854246951842,3.524668603165082e-05,4320
-0.4185280431364321,0.7755024681347864,1.43400514493094,-0.0002503098441455,4320
-0.4148990603427295,0.8176513063009462,1.433918406175973,-0.0001352359607839,4320
-0.4114827748282941,0.8599606621350173,1.4321570855135055,-0.0002082138233074,4320
-0.4079695346143265,0.902268737790744,1.4307889400255536,-0.0002434968624661,4320
-0.4041040416125038,0.944510521208799,1.4319889403673898,7.669520648813377e-05,4320
-0.4003529734383019,0.9867958931161432,1.432675742317603,-5.141918391821099e-05,4320
-0.3967544214612393,1.0289522750381916,1.4337059225332207,-0.0003115838586839,4320
-0.3931729952393425,1.0710679517668862,1.4345448663403384,-9.528761242601907e-05,4320
-0.3895041516805361,1.1133739106757878,1.4335102473421697,0.0001019558218524,4320
-0.3872972363912057,0.6448813379803661,1.4340312623350218,-0.0001036640032303,4320
-0.3859242738204305,1.1557416477731484,1.4332331800710825,0.0001420014944269,4320
-0.3836623160465542,0.6872293806433787,1.433841391730685,-5.26188673981437e-05,4320
-0.3799960712404647,0.7295532077926279,1.4332263517758994,-6.58710803190729e-05,4320
-0.376388130416966,0.771800033139606,1.4328460720116554,-8.847549742645178e-05,4320
-0.3727238679524549,0.8137932582488752,1.4338741676325637,-0.0003293401561644,4320
-0.3693075824380195,0.8561026140829463,1.4321128469700963,0.0008639815742542,4320
-0.3657375157752469,0.8985768221184414,1.4308426639273772,0.0001405727515926,4320
-0.3618720227734241,0.9408186055364964,1.4320426642692137,-3.0119121287579265e-05,4320
-0.3582601480582527,0.983002806028086,1.432779955836615,-0.0003441383986483,4320
-0.3546615960811901,1.0251591879501345,1.4338101360522328,-4.773151079314614e-05,4320
-0.3509544443576741,1.067485012708287,1.432607073047358,0.000135381365823,4320
-0.3472856007988676,1.109790971617189,1.431572454049189,-2.177970031144033e-05,4320
-0.341620986426625,0.6834294414441658,1.4326380048282048,-0.0003249002720988,4320
-0.3379547416205355,0.7257532685934149,1.4320229648734193,5.9646118750734944e-05,4320
-0.3341334158636411,0.7680474367732639,1.4322136338250242,-0.0001498156975613,4320
-0.3304691533991299,0.8100406618825331,1.4332417294459328,-0.0001631119608424,4320
-0.3268694696610087,0.8523105715387368,1.433362143998357,0.0001381990192998,4320
-0.3232994029982361,0.8947847795742319,1.4320919609556375,0.0001516317673626,4320
-0.3196924826654639,0.9369366685085608,1.4326939706768345,-0.000223089291272,4320
-0.3160806079502924,0.9791208690001504,1.4334312622442362,0.0001925760093722,4320
-0.3124470577415807,1.021548809854598,1.4314498864375886,0.0002039202649189,4320
-0.3087399060180647,1.063874634612751,1.430246823432714,-4.737174668269922e-05,4320
-0.2957320020766832,0.721890810526615,1.432229530154272,0.0001074935580994,4320
-0.2919106763197888,0.764184978706464,1.4324201991058767,2.9826233575336317e-05,4320
-0.2882898369829867,0.8063948330595849,1.4322691528091684,-0.0003145594438154,4320
-0.2846901532448654,0.8486647427157887,1.4323895673615925,0.0001469182015281,4320
-0.2811105379157311,0.8908252368095544,1.4329618611351185,-0.0004756336652197,4320
-0.2775036175829588,0.9329771257438836,1.433563870856315,9.878187419199574e-05,4320
-0.2737857342542706,0.9752135083828511,1.4352123685265523,-0.0001212728549225,4320
-0.270152184045559,1.0176414492372987,1.4332309927199047,0.0009250838693504,4320
-0.2497378784173358,0.7601095416010472,1.4333406676923022,-0.0004841766595959,4320
-0.2461170390805337,0.8023193959541681,1.4331896213955937,0.0004698166035125,4320
-0.2425321587995215,0.8445539830996794,1.4335647829329816,-0.0004753088905779,4320
-0.2389525434703871,0.8867144771934452,1.4341370767065071,0.0003533325383565,4320
-0.235163631852145,0.9289192272260048,1.435870481749558,4.040592798024156e-05,4320
-0.2314457485234569,0.9711556098649724,1.4375189794197951,0.0004965767931227,4320
-0.2037734184339011,0.798682055224671,1.43109697574332,0.0007899174338903,4320
-0.2001885381528889,0.8409166423701822,1.4314721372807078,2.4020368437120687e-05,4320
-0.1965258887629298,0.8827823532564976,1.4347576835690798,0.0001553303737395,4320
-0.1927369771446877,0.9249871032890572,1.4364910886121307,0.0001166446723014,4320
-0.1579659372749745,0.8374023600621495,1.4272988864488083,-0.0005241702707178,4320
-0.1543032878850153,0.8792680709484649,1.4305844327371804,2.2471569266172e-05,4320
-0.8897200810168855,0.2589089053681417,1.2214564082030863,-0.0008566973129706,5100
-0.8848235989958,0.3003030072270925,1.2136901921276038,-0.0004018311895738,5100
-0.8540566027080845,0.2147822388397446,1.2401334417948648,0.000361294899432,5100
-0.8491934792280174,0.256201082735605,1.2322880308553334,-6.880799709144819e-05,5100
-0.8442969972069319,0.2975951845945558,1.224521814779851,0.0002322662208386,5100
-0.8393657074548793,0.3390263040482447,1.2168143279560817,4.111884008144856e-05,5100
-0.8182685683987577,0.1706605132724546,1.260236999708146,0.0001661565481498,5100
-0.8134070893453308,0.212063545065862,1.2524950950232911,-0.0001059935176018,5100
-0.8085439658652636,0.2534823889617224,1.2446496840837598,0.0002559894308094,5100
-0.8036135861816284,0.2949435202047183,1.2368591709331382,5.894048404722629e-05,5100
-0.7986822964295759,0.3363746396584072,1.2291516841093697,0.0001558339583173,5100
-0.7937548589574733,0.3778154943572763,1.221395279478743,5.844593619532684e-05,5100
-0.7823645178144644,0.1265772525547562,1.2801709108395936,0.0003296696577727,5100
-0.7775779207685538,0.1679388666086361,1.2724645327539617,-3.773215996231288e-05,5100
-0.7727164417151269,0.2093418984020435,1.264722628069107,0.0003245877238585,5100
-0.7678133808713843,0.2507753567951644,1.2566148936943626,1.3126246946132404e-05,5100
-0.762883001187749,0.2922364880381603,1.2488243805437411,0.000124398639199,5100
-0.7579223710454928,0.3336271335151847,1.2411104442232137,-2.152718048880481e-05,5100
-0.7529949335733903,0.3750679882140537,1.2333540395925873,0.0002652618242291,5100
-0.748080629322133,0.4165938716296726,1.2255926562006922,6.735316579768724e-05,5100
-0.7464967929971217,0.0825253500964302,1.3001201727847242,8.713526105132846e-05,5100
-0.7416126173088009,0.1238759243544163,1.292199786619978,-0.0001769001057046,5100
-0.7368260202628905,0.1652375384082962,1.284493408534346,7.950786395140991e-05,5100
-0.7320197792855354,0.2066040887493848,1.276508254254333,-0.0001757218533014,5100
-0.7271167184417928,0.2480375471425057,1.2684005198795885,0.0001422579262542,5100
-0.7221353582769899,0.2894833476703201,1.2607628995647526,2.142861720436789e-05,5100
-0.7171747281347336,0.3308739931473444,1.253048963244225,0.0001361102609705,5100
-0.7122562775945221,0.3723257074269647,1.244999103417089,-9.634262170835071e-06,5100
-0.7107602770538342,0.0384715346521771,1.3200364965411184,0.000154254615148,5100
-0.7073419733432649,0.4138515908425836,1.237237720025194,6.222948410607859e-05,5100
-0.705855785007062,0.0798361967718572,1.3120423315228646,-0.0001023476497301,5100
-0.702174731977698,0.4555230489759332,1.2307189196999837,0.000767940934863,5100
-0.7009716093187413,0.1211867710298434,1.3041219453581183,0.000109023546089,5100
-0.6961160104423205,0.1625430842271908,1.2960587118656783,-0.000156629714753,5100
-0.6913097694649655,0.2039096345682794,1.2880735575856652,0.0001316644202812,5100
-0.68635615054435,0.2452823047139379,1.2802046195730838,9.041045856943152e-05,5100
-0.6813747903795471,0.2867281052417523,1.272566999258248,5.648389515934549e-05,5100
-0.6764713478780009,0.3281581958686831,1.264892162284502,-5.337885678047272e-05,5100
-0.675094984623479,-0.0056422309556144,1.3394807693578443,-0.0002150996299387,5100
-0.6715528973377893,0.3696099101483033,1.256842302457366,0.0003141233025452,5100
-0.670139185048853,0.0358056284009637,1.331684177699294,-0.0001710113107139,5100
-0.6664487177684655,0.4111931059625185,1.2494254365428907,0.0004926603584338,5100
-0.6652346930020808,0.0771702905206438,1.3236900126810405,-0.000150203946408,5100
-0.6612814764028985,0.4528645640958681,1.2429066362176804,-0.0001999291631923,5100
-0.6602934505739986,0.1185109408872951,1.3156617609278758,-0.0001499426745303,5100
-0.6562486496072486,0.4944629486190325,1.2355941808371804,8.048438301090644e-05,5100
-0.6554378516975778,0.1598672540846425,1.3075985274354358,-2.3782402801333924e-06,5100
-0.6505231088683725,0.2012007228646888,1.2999579677915176,-3.71439959241035e-05,5100
-0.645569489947757,0.2425733930103473,1.2920890297789365,0.0001580639225532,5100
-0.6405825562989503,0.2840264386156154,1.2842779128798438,0.0001252791856285,5100
-0.635679113797404,0.3254565292425462,1.2766030759060978,0.0001345449753314,5100
-0.6344687003411982,-0.0082983688284657,1.350940951614509,0.0001050278997781,5100
-0.6307116904555992,0.3669485143129379,1.2688812293365244,0.000295962278456,5100
-0.6295129007665721,0.0331494905281123,1.3431443599559585,2.278649168815927e-05,5100
-0.6256075108862753,0.4085317101271531,1.2614643634220488,-9.033192248018852e-05,5100
-0.6246018509560223,0.0744697520932473,1.335373445856129,-0.0001243697474462,5100
-0.6205866091660399,0.4499939746089888,1.253935763353828,-1.8217308801748988e-06,5100
-0.6196606085279399,0.1158104024598986,1.3273451941029646,0.0001865852994693,5100
-0.61555378237039,0.4915923591321532,1.246623307973328,-3.825499669923155e-05,5100
-0.6147619045863117,0.1571796279877816,1.3194062273501057,-0.0001399395562704,5100
-0.6105783397735137,0.533049306626864,1.238440526968977,-0.0003604182474043,5100
-0.6098471617571065,0.1985130967678278,1.3117656677061875,-8.161781923035627e-05,5100
-0.6048603611265495,0.2398857194595371,1.3038491289213392,-1.5986626233331636e-05,5100
-0.5998734274777429,0.2813387650648052,1.2960380120222466,-3.1652387550262784e-05,5100
-0.594870787175128,0.322793886262992,1.2883205937591908,2.232294972069615e-05,5100
-0.5899033638333231,0.3642858713333837,1.2805987471896174,6.741786271184658e-05,5100
-0.5889234015862983,0.0304396316511905,1.3548862794649548,-0.0002622459409809,5100
-0.5848637961316223,0.4059864042380633,1.2737009507125696,0.0005290565929555,5100
-0.5840123517757485,0.0717598932163255,1.347115365365125,-0.0001501942725199,5100
-0.5798428944113869,0.447448668719899,1.2661723506443487,0.0001588430860412,5100
-0.5790392001094065,0.1130847304173715,1.3391665795644938,-0.000184071949635,5100
-0.5748428450977259,0.4887742745561547,1.257829295942468,0.0001944442861945,5100
-0.5741404961677782,0.1544539559452545,1.3312276128116352,-2.6898326144914053e-06,5100
-0.5698674025008497,0.5302312220508656,1.2496465149381173,0.0002710806052087,5100
-0.5691855014668403,0.195796366184778,1.3234160351036302,-0.0001172450913388,5100
-0.5649166970487742,0.5716630117191877,1.2416635381222445,0.0001513225602191,5100
-0.5641987008362834,0.2371689888764872,1.3154994963187816,7.222124352814635e-05,5100
-0.5592006116267039,0.2786694547479756,1.3080094358672194,0.0001250721583472,5100
-0.554197971324089,0.3201245759461624,1.3002920176041637,0.0001505580880775,5100
-0.5491102366239143,0.3616896329112912,1.292485416596058,0.0003828659061523,5100
-0.5440706689222135,0.4033901658159708,1.2855876201190102,-0.0001737891511739,5100
-0.5434513271428765,0.0690494734622923,1.3590354634651804,-0.0001433782396752,5100
-0.5390891098571882,0.4447409699704395,1.2774413673620773,-0.0002909585612453,5100
-0.5384781754765344,0.1103743106633384,1.3510866776645487,0.0001589215856635,5100
-0.5340890605435273,0.4860665758066952,1.2690983126601962,-0.0001116922568308,5100
-0.5334814985899073,0.1516725105767578,1.3428795837985517,-0.0001775492411025,5100
-0.5291793638279374,0.5274639135250181,1.2611736177865898,-0.0003030203241762,5100
-0.5285265038889695,0.1930149208162812,1.3350680060905469,1.1392593166299758e-05,5100
-0.524228658375862,0.5688957031933402,1.2531906409707172,-7.310296392646493e-05,5100
-0.5235616198463748,0.2345505373172119,1.327277638581143,8.99001738621022e-05,5100
-0.5192054163232549,0.6103691680964012,1.2457565878940395,-7.678408434589473e-05,5100
-0.5185635306367953,0.2760510031887003,1.3197875781295807,-0.0002725000625649,5100
-0.5135598746096166,0.3175433433759006,1.3123481631755525,9.45084126107304e-05,5100
-0.5084721399094421,0.3591084003410294,1.3045415621674463,-2.8700734288594765e-05,5100
-0.5034667987738777,0.4005851360619626,1.2966439627347888,-0.0001568899538293,5100
-0.4984852397088524,0.4419359402164313,1.2884977099778558,-2.0909427775689385e-05,5100
-0.4978569639984208,0.1076912711106778,1.362865278115977,-7.31846363480268e-05,5100
-0.4934036158108541,0.4832932811263464,1.2803955271770302,9.394207843918534e-06,5100
-0.4928602871117937,0.1489894710240972,1.35465818424998,-0.0001095442764481,5100
-0.4884939190952643,0.5246906188446692,1.2724708323034235,0.0001239866592059,5100
-0.4879387388662534,0.1904131551089951,1.347033287449801,4.9833266347720784e-05,5100
-0.4835170948781245,0.566070601132435,1.264754955441094,0.0001179258760473,5100
-0.4829738548236587,0.2319487716099258,1.3392429199403968,0.0001127442098907,5100
-0.4784938528255174,0.607544066035496,1.2573209023644163,2.31914890871307e-05,5100
-0.4780228471351572,0.2734196376803807,1.331782498298317,-2.6760108383303005e-06,5100
-0.4736411292922207,0.6489063917136724,1.249502227232389,-0.0003358992120498,5100
-0.4730191911079786,0.314911977867581,1.3243430833442886,6.808725168506308e-05,5100
-0.4679034360520733,0.3563820995714333,1.3163557237425838,5.584200157651015e-05,5100
-0.4628980949165089,0.3978588352923665,1.3084581243099265,0.000149116395704,5100
-0.4578320069814251,0.4392108369458066,1.3001499339563654,-6.128591380650389e-05,5100
-0.4527503830834269,0.4805681778557216,1.2920477511555395,4.181616477021144e-06,5100
-0.4523201399714109,0.1464292539717988,1.3670249361633493,-5.453183354396651e-05,5100
-0.4478954225881616,0.5218087737805304,1.283745991086033,-0.000577730713506,5100
-0.4473985917258706,0.1878529380566967,1.35940003936317,0.0001598143084212,5100
-0.4429185983710218,0.5631887560682962,1.276030114223703,-0.0003019920091979,5100
-0.4424141546906518,0.2292940125074077,1.351748844444494,5.891209199376107e-05,5100
-0.4377822629433193,0.6047181226340613,1.269556732568716,2.501835356914089e-05,5100
-0.4374631470021504,0.2707648785778626,1.3442884228024143,0.0001155198396498,5100
-0.4329295394100226,0.6460804483122375,1.261738057436689,0.0006627735394753,5100
-0.4323723295075167,0.3123006304635856,1.3365879555787687,0.0003170929189787,5100
-0.4272565744516113,0.3537707521674379,1.328600595977064,0.0001825754556301,5100
-0.4221590528962649,0.3951991633286446,1.320325578546632,0.0001951293142773,5100
-0.4170929649611811,0.4365511649820847,1.3120173881930708,0.0001308981155054,5100
-0.4120014109257188,0.4777524285343429,1.303332944637662,-4.906986362657184e-06,5100
-0.4071464504304535,0.5189930244591519,1.2950311845681552,0.0002139473041114,5100
-0.4067880467284147,0.1851765851411837,1.371860225691008,2.0600858021121996e-05,5100
-0.4018036096931959,0.2266176595918947,1.364209030772332,0.000174301768494,5100
-0.3967014350795587,0.2680944348895569,1.3563149098698433,0.0002104547948136,5100
-0.391610617584925,0.3096301867752799,1.3486144426461977,0.0001474770659124,5100
-0.3866201747282577,0.3511444517524577,1.3409485715951237,3.4712102514815324e-05,5100
-0.3815226531729112,0.3925728629136644,1.3326735541646917,0.0003024361772155,5100
-0.3763736839646522,0.4340959568749855,1.3244258707609728,0.0002390663358503,5100
-0.3712821299291899,0.4752972204272437,1.3157414272055643,0.0002094973973735,5100
-0.3610817597746239,0.2239065812142185,1.376412667008739,0.0001427575852918,5100
-0.3559795851609867,0.2653833565118808,1.3685185461062503,0.0002462762411086,5100
-0.3509843062898329,0.3069612767424483,1.3608235745423198,0.0001421213674079,5100
-0.3459938634331657,0.3484755417196261,1.353157703491246,0.0001390712845011,5100
-0.3409155928247427,0.3899905512748114,1.3451689110335476,0.0002273998652122,5100
-0.3357666236164837,0.4315136452361324,1.336921227629829,0.0002436013363529,5100
-0.3308566159892803,0.4730712797374082,1.3294511197646692,4.024085286625373e-05,5100
-0.3153604861156719,0.2627103149821824,1.3809465521873006,0.0001357273424967,5100
-0.3103652072445181,0.3042882352127499,1.37325158062337,0.0002886235863027,5100
-0.3053307533811104,0.3458496553663802,1.3654806388656704,0.0001625693042241,5100
-0.3002524827726874,0.3873646649215655,1.3574918464079722,0.0003146159204049,5100
-0.2952034525519672,0.4288520645345828,1.349429941597387,7.185731837876241e-05,5100
-0.2902934449247638,0.4704096990358586,1.3419598337322274,0.0001934111972038,5100
-0.2696635138785875,0.3015423025672046,1.3854338097185384,0.0001353467054757,5100
-0.2646290600151798,0.343103722720835,1.3776628679608385,0.0002671401413434,5100
-0.2595136991712056,0.3846195027008046,1.369546949432377,0.0001533543624691,5100
-0.2544646689504853,0.4261069023138218,1.3614850446217923,0.0002684351347779,5100
-0.2238599216833185,0.340301300212241,1.389262901737352,0.0001179459035136,5100
-0.2187445608393443,0.3818170801922106,1.3811469832088905,0.0001331184261845,5100
-0.8640946877590387,0.2001742731649123,1.3185219133747086,-0.000235398103299,5220
-0.8569608609081967,0.1598651349270002,1.3079493192842908,-0.0004403791360475,5220
-0.8309138447537202,0.2498332964523538,1.3216163618678378,-0.0001542477709747,5220
-0.8237869459264884,0.2094703350524171,1.3107896180098448,-0.0004363777247483,5220
-0.8166531190756463,0.1691611968145049,1.3002170239194268,-0.0002781038849724,5220
-0.8094143798409105,0.1288292075954532,1.2896426673238368,-0.0002442630840635,5220
-0.7976056002568424,0.2995947499377832,1.324504876625138,5.8583511558532586e-05,5220
-0.7904199160394714,0.2591695299725535,1.3134219633626896,0.0003145662222286,5220
-0.7832930172122397,0.2188065685726168,1.3025952195046964,2.865838610692506e-06,5220
-0.7761620667749841,0.1784675092703005,1.2922798385519991,-3.1560176779549254e-05,5220
-0.7689233275402483,0.1381355200512487,1.281705481956409,-0.0001108076224628,5220
-0.7641500198803107,0.3493925388274398,1.3266887511170316,6.429347286299181e-06,5220
-0.7612432714810375,0.0978890285827384,1.269722444088583,0.0015186091667478,5220
-0.7570713861086136,0.3089082012313836,1.3161531292278004,6.763355903621066e-05,5220
-0.7498857018912426,0.268482981266154,1.3050702159653516,-0.0001644040300998,5220
-0.7425668635620872,0.2282211906485117,1.2946514949889605,-0.0002977456817302,5220
-0.7354359131248318,0.1878821313461954,1.284336114036263,0.0001629055195684,5220
-0.7306074601160926,0.3993126152338907,1.3298986411633504,0.0004737151223448,5220
-0.7282803920863257,0.1475123196644099,1.2735652286195744,5.027490871621632e-05,5220
-0.7235673274406291,0.3587515098941982,1.318356152314761,-0.0001269610406423,5220
-0.7206003360271152,0.1072658281958996,1.2615821907517484,-0.000456353669211,5220
-0.716488693668932,0.318267172298142,1.30782053042553,0.0001896234052434,5220
-0.7133804420584857,0.0670240259565858,1.25089309175576,-0.0014494811725591,5220
-0.7092437900594761,0.2778984506724162,1.29700500900846,0.0001956015929295,5220
-0.7019249517303208,0.2376366600547739,1.2865862880320686,-9.679010873182152e-05,5220
-0.6970954119434616,0.4493112617692542,1.3330248360713115,9.749472725980451e-05,5220
-0.6947837430345725,0.1972719828418609,1.276210016324301,-8.443791429661729e-06,5220
-0.6899755852529502,0.4087891717771267,1.3220401314336026,0.0003891547017647,5220
-0.6876282219960664,0.1569021711600754,1.2654391309076125,-7.773686079226572e-05,5220
-0.6829354525774867,0.3682280664374342,1.3104976425850137,0.0002952157164557,5220
-0.6804163927491078,0.1165955626478047,1.2549677395996142,-0.000172401755623,5220
-0.6758527785983663,0.3277529392763048,1.2996560010415297,-8.507933962390024e-05,5220
-0.6731964987804784,0.0763537604084909,1.2442786406036257,-0.0001751647278939,5220
-0.6686078749889106,0.287384217650579,1.2888404796244592,-6.429900182548798e-05,5220
-0.6660088296674239,0.0360444145291458,1.2336098648394112,-0.0001665213556559,5220
-0.6636898276920725,0.4993070452903359,1.3349680835536537,0.0002238088940387,5220
-0.6614164439002674,0.2469267709181053,1.2778315984734334,4.379492521229544e-05,5220
-0.656547002525376,0.4586794927978977,1.323988868236522,0.0003363974748643,5220
-0.6542752352045191,0.2065620937051923,1.267455326765666,-0.0002101830353066,5220
-0.6494271758348646,0.4181574028057703,1.313004163598813,7.448473781542647e-05,5220
-0.6471091793180144,0.1662466849651721,1.2570651576352376,4.10852725534136e-05,5220
-0.6423181754467071,0.3777257745880401,1.302586555985155,-0.0001392480646094,5220
-0.6398973500710557,0.1259400764529014,1.2465937663272393,-0.0002711749131818,5220
-0.6352355014675868,0.3372506474269106,1.2917449144416708,0.000211104349779,5220
-0.6326894212380485,0.0856591921429284,1.2360914562277796,2.806860039140935e-05,5220
-0.630341103561676,0.5491927569608925,1.336230842879683,-0.0001747294879709,5220
-0.6280339245734967,0.2967868269050353,1.2808686456356635,6.0236270423216776e-05,5220
-0.6255017521249939,0.0453498462635833,1.225422680463565,-0.0001904642460888,5220
-0.6231794993319814,0.5086879528497467,1.325962430979006,0.0004374511843665,5220
-0.6208424934848534,0.2563293801725617,1.2698597644846374,0.0002252406341907,5220
-0.6183312101366961,0.0050344323754026,1.2146174437081068,9.507331855791724e-05,5220
-0.6160366741652848,0.4680604003573085,1.3149832156618744,7.811739473603113e-05,5220
-0.6136652890841371,0.2159272776891323,1.259163675723182,-0.0002129916825507,5220
-0.6088907624500217,0.4276371706582653,1.304859346112459,-0.0003165690416643,5220
-0.6064992331976324,0.1756118689491121,1.248773506592754,6.469372519492256e-05,5220
-0.6017817620618642,0.387205542440535,1.2944417384988007,0.0001544204757556,5220
-0.5993656907429306,0.1352415437027688,1.2380792233882647,-2.016100690170608e-05,5220
-0.5970077496049442,0.5989614632902112,1.3377670057120892,3.3482782387850296e-05,5220
-0.5946326632812207,0.3466498706085881,1.283335673634172,0.0003125647917166,5220
-0.5921577619099232,0.0949606593927958,1.227576913288805,-0.0001818198274967,5220
-0.589865497497796,0.5584557208598012,1.3268795790943204,6.915628935832974e-05,5220
-0.5874310863871306,0.3061860500867128,1.2724594048281643,-7.368519433340048e-05,5220
-0.5849613038358616,0.0546448489475419,1.21709889066878,-1.755087578291653e-05,5220
-0.5827038932681013,0.5179509167486553,1.3166111671936434,-3.0514780934645654e-05,5220
-0.5802523541427216,0.2657415906392872,1.261699115498017,0.000180846548212,5220
-0.5777907618475637,0.0143294350593613,1.2062936539133218,-0.0001260785781285,5220
-0.5755427141371551,0.4775219612371316,1.306385837307201,-3.756245967370675e-05,5220
-0.5730751497420052,0.2253394881558578,1.2510030267365615,-0.0001465142255696,5220
-0.5706564762421761,-0.0260199290762473,1.1957545596876105,-0.0002045892214997,5220
-0.568396802421892,0.4370987315380884,1.2962619677577851,-2.7335854106975976e-05,5220
-0.5658990241785125,0.1849732062874156,1.2405375428894418,-5.844225400071512e-06,5220
-0.5636737368081617,0.6488267698182557,1.3397561260438875,4.97518081156445e-07,5220
-0.561141734921265,0.3966345618829491,1.2859456606273587,0.0003014625891856,5220
-0.5587654817238106,0.1446028810410723,1.229843259684953,-7.616583490581419e-05,5220
-0.5564220940307205,0.6083878406061772,1.3296416347476498,2.0917298192556225e-05,5220
-0.5539926361406216,0.3560788900510021,1.27483959576273,0.0002937710025998,5220
-0.5515769485759316,0.1043212054119231,1.219441386443372,-0.0001928886719327,5220
-0.5492798419235725,0.5678820981757673,1.318754208129881,0.000288268968746,5220
-0.546824992873783,0.3155916444628469,1.264090787309975,3.342502690682758e-05,5220
-0.5443804905018701,0.0640053949666693,1.2089633638233472,-2.221050827620752e-05,5220
-0.5422113784320999,0.5273620680360593,1.3080121671152771,-0.0001726525225954,5220
-0.5396462606293739,0.2751471850154213,1.2533304979798277,0.0002114980649565,5220
-0.5372712764626597,0.023592362820757,1.1984091287729957,-0.0001841312930588,5220
-0.5350501993011536,0.4869331125245355,1.297786837228835,-7.364780151453143e-06,5220
-0.5325142992507607,0.2347463344035197,1.2427107320042152,-0.0001735471084985,5220
-0.530136990857272,-0.0167570013148517,1.187870034547284,-0.0001570211556169,5220
-0.5277489275838968,0.446526183566944,1.2874361982935956,0.0001060574966507,5220
-0.5253381736872679,0.1943800525350775,1.2322452481570951,9.157702234599552e-05,5220
-0.5232127117639729,0.6581209050757972,1.3307052603157654,0.0002110149268246,5220
-0.5204938600832698,0.4060620139118048,1.277119891163169,0.0001369840167186,5220
-0.5182214915678298,0.1539825289455921,1.2217399530484565,-0.0002115138760829,5220
-0.5159610689865318,0.6176819758637186,1.3205907690195275,-0.0003766343597193,5220
-0.5133645088955636,0.3655596121886328,1.26640492192226,0.0002002448788926,5220
-0.5110329584199509,0.1137008533164428,1.2113380798068756,-0.0001887959712934,5220
-0.5087360036402647,0.5773187603003411,1.3102755206187158,0.0002217119926744,5220
-0.506196865628725,0.3250723666004775,1.255656113469505,7.132807938105973e-05,5220
-0.5038391097555232,0.0733106460611129,1.2009373137515216,-9.114501012565808e-05,5220
-0.5016675401487922,0.5367987301606332,1.299533479604112,7.489490854960257e-05,5220
-0.4990916396900119,0.2845136467399795,1.244756975037057,0.0002740258640398,5220
-0.4967298957163127,0.0328976139152006,1.1903830787011698,-4.4251829738557735e-05,5220
-0.49444858797753,0.4963108593390684,1.2890343691494963,0.0002684746421045,5220
-0.4919596783113986,0.2441127961280779,1.2341372090614446,-0.0002356297836355,5220
-0.4871473162602731,0.455903930381477,1.2786837302142569,-0.0001583570506093,5220
-0.4848465850818918,0.2037858040600689,1.2242046257624026,-0.0002728580462234,5220
-0.4799482608166956,0.4154598696908158,1.2683220320177198,0.0001518410840669,5220
-0.4777299029624537,0.1633882804705835,1.2136993306537636,-8.614119459422753e-05,5220
-0.4759119271610912,0.626870360769346,1.3108586696755262,-7.674497433871746e-05,5220
-0.4728189096289893,0.3749574679676438,1.257607062776811,3.5669498256528376e-05,5220
-0.4704905040162884,0.1229866747522213,1.2030246480830875,3.254828756347333e-05,5220
-0.468686861814824,0.5865071452059685,1.3005434212747145,-0.0007419715872894,5220
-0.4656776295177415,0.334513903597561,1.247105337956811,-2.6492672443777232e-05,5220
-0.4632966553518607,0.0825964674968915,1.1926238820277335,-7.447178518969755e-05,5220
-0.4585724035790285,0.293955183737063,1.2362061995243634,0.0002988660187138,5220
-0.4514351225716404,0.2535399634621711,1.2258545905599805,-0.000461619084721,5220
-0.4465711609910321,0.4652479681814334,1.269846043033496,0.0001538200963778,5220
-0.4443220293421336,0.2132129713941621,1.2159220072609385,0.0001460125775362,5220
-0.4393721055474546,0.4248039074907723,1.2594843448369588,7.930568658939124e-05,5220
-0.4371752156570743,0.1727330756142198,1.2055302834434536,3.222654868238056e-05,5220
-0.4323027844445025,0.3844178242426849,1.2492709955347403,-0.0002059382172036,5220
-0.4299358167109089,0.1323314698958577,1.1948556008727775,-6.575218367306512e-05,5220
-0.4251615043332547,0.3439742598726022,1.2387692707147406,0.0001141693077549,5220
-0.417913132228923,0.3034174380168032,1.2280774850141611,0.0002013083095661,5220
-0.410775851221535,0.2630022177419113,1.2177258760497784,-1.9332649903718024e-05,5220
-0.4036090620150949,0.2225424332255156,1.207343565754271,0.0003138158358264,5220
-0.3988500682917077,0.4342612729938431,1.2510211521230097,-0.0002894708862752,5220
-0.3964622483300356,0.1820625374455732,1.1969518419367862,3.68605211028758e-05,5220
-0.3917807471887556,0.3938751897457557,1.240807802820791,2.9284951682445604e-05,5220
-0.3846078580799655,0.3534405569069902,1.2306814439103717,-0.0001281609972022,5220
-0.3773594859756338,0.3128837350511912,1.2199896582097924,0.0001924814424945,5220
-0.3701320081735049,0.2723690080630508,1.2094644576770412,-0.000307284392699,5220
-0.3629652189670649,0.2319092235466551,1.1990821473815338,0.0001552578581847,5220
-0.3583992865832092,0.4437637338729301,1.242901608288971,9.872802182613744e-05,5220
-0.3512521833666115,0.4033087085261289,1.232783247925057,-0.0004390391154782,5220
-0.3440792942578214,0.3628740756873633,1.2226568890146374,3.686971609553197e-05,5220
-0.3368759733670917,0.3223502749670865,1.211977751106204,4.1612356184973776e-05,5220
-0.3296484955649628,0.2818355479789461,1.2014525505734532,-1.675242824664136e-05,5220
-0.3178709643048074,0.4531698439325455,1.234986110689777,-0.0001919223678955,5220
-0.3107238610882097,0.4127148185857443,1.2248677503258625,-9.694189766408512e-06,5220
-0.303450353614206,0.3721774613303655,1.2144614036519996,0.0002729372755663,5220
-0.2962470327234764,0.3316536606100887,1.2037822657435662,6.656891191909875e-05,5220
-0.277423719274996,0.4624876930519156,1.227293329050284,-0.0001182133811733,5220
-0.270036530047502,0.4220554054883423,1.2164758421381017,0.0001739228658095,5220
-0.2627630225734984,0.3815180482329635,1.2060694954642388,0.0001488415300933,5220
-0.2366529485333638,0.4717739381126708,1.218538122241267,0.0010343768175805,5220
-0.2292657593058699,0.4313416505490975,1.207720635329085,-2.621443119756733e-05,5220
-0.8825007598935615,0.1716997601005118,1.332955331253006,-0.0008664616232872,5250
-0.8761850842559602,0.1319260890095288,1.3200376922182235,-0.0002483069515125,5250
-0.8495065849168301,0.2212864512873085,1.3348320583240774,5.417405042394685e-05,5250
-0.8431370382823336,0.1816259217793346,1.3215737061371526,-0.0002799147418732,5250
-0.8368213626447323,0.1418522506883515,1.3086560671023704,0.0002770220169721,5250
-0.8305209226177355,0.1021203876671495,1.2958973997654977,-0.0004716745080394,5250
-0.8162101789824521,0.2711802378623338,1.3372599426282608,1.1687750253133731e-05,5250
-0.8098502331192858,0.2314974571761037,1.3240126446024654,-0.0002979286232879,5250
-0.8034806864847893,0.1918369276681298,1.3107542924155409,-3.510481745563204e-05,5250
-0.7972975667485267,0.1520903890872917,1.2978289829803678,-0.0007666230562835,5250
-0.7909971267215299,0.1123585260660896,1.285070315643495,-0.0002012890216279,5250
-0.7841223367566947,0.0727777483926114,1.2715242677247445,0.0006084078107903,5250
-0.7829967932478226,0.3211267987197558,1.3392359927197404,1.839780261141816e-05,5250
-0.7765626355266575,0.2814049441732335,1.326453470727298,-0.0003191431312048,5250
-0.7702026896634913,0.2417221634870034,1.3132061727015023,6.825526545201077e-05,5250
-0.7638063062216272,0.2020230631728491,1.3001203643510109,-0.0003753489385851,5250
-0.7576231864853645,0.162276524592011,1.2871950549158375,0.0003717342116786,5250
-0.7510539054790237,0.1226311114945325,1.2736887914424937,0.0005908541914488,5250
-0.7496644485265834,0.3710492061113705,1.341207730959196,0.0001033666515392,5250
-0.7441791155141886,0.0830503338210543,1.2601427435237431,-7.243702666658025e-05,5250
-0.7432918618383656,0.3313688660594679,1.3282980081586155,-0.0003396122749116,5250
-0.7377526927097469,0.043365822131449,1.2472650346563006,-0.0005380339810309,5250
-0.7368577041172006,0.2916470115129456,1.315515486166173,9.4651880865132e-05,5250
-0.7305340241927746,0.2518934496555077,1.3021967443770035,-4.730549876340306e-05,5250
-0.7241376407509104,0.2121943493413534,1.2891109360265118,-9.064790624857544e-05,5250
-0.7175186779640919,0.1725825734176611,1.2759297307151345,0.0002876701260432,5250
-0.7161958304292548,0.4210306467812945,1.3438253869610606,0.0003166898238045,5250
-0.7109493969577511,0.1329371603201826,1.26242346724179,4.104605182793375e-05,5250
-0.7098613519686285,0.3813094823357232,1.3304855885306353,-0.0003923097529894,5250
-0.7044728778332485,0.0932383921316503,1.2492447577242576,-6.965239525866945e-05,5250
-0.7034887652804107,0.3416291422838207,1.317575865730055,0.0001708015175397,5250
-0.6980464550288068,0.053553880442045,1.236367048856815,5.366632008192013e-05,5250
-0.6971605707195749,0.301857061047553,1.304357009885006,-0.0001214646139517,5250
-0.6915550787829079,0.0138674223065633,1.223298852062682,0.0001867121419941,5250
-0.6908368907951489,0.2621034991901151,1.2910382680958363,0.0001522521623298,5250
-0.6843260231890741,0.2224449774951307,1.277912884669187,-8.196821343054578e-05,5250
-0.6827077718402303,0.4710894551740015,1.3470208689844787,0.0003086080568892,5250
-0.6777070604022555,0.1828332015714383,1.2647316793578092,-4.097661801674008e-05,5250
-0.6763830411498442,0.4313492983548609,1.3334197610699268,-0.0003109985969932,5250
-0.6711773241428245,0.1431544698263791,1.2518689277182813,-0.0004065837078772,5250
-0.670048562689218,0.3916281339092896,1.3200799626395017,0.0002385568986175,5250
-0.6647008050183221,0.1034557016378468,1.2386902182007486,7.972225086090579e-05,5250
-0.6637471309239881,0.3518630204056333,1.3065127957491778,-0.0001362474520297,5250
-0.6582699073646694,0.063763274731937,1.2254251320217389,-0.0004156724071608,5250
-0.6574189363631522,0.3120909391693656,1.293293939904129,0.000190465995791,5250
-0.6517785311187705,0.0240768165964553,1.2123569352276058,-1.56529250137441e-05,5250
-0.6509864853463591,0.2723453507870581,1.2798075954474004,0.000216171116096,5250
-0.6491712741606219,0.5210480764977228,1.3501297970314274,0.0001961272500741,5250
-0.6452367677684163,-0.015684495299828,1.1990182096688984,-4.850221511001896e-05,5250
-0.6444756177402843,0.2326868290920736,1.2666822120207508,-6.389136514500793e-05,5250
-0.6429298529947648,0.4813022733106479,1.3362685251905129,0.0001564208095691,5250
-0.6380363729640484,0.1929443876253126,1.2531723192065691,0.0005087298520292,5250
-0.6366051223043786,0.4415621164915073,1.322667417275961,7.235889067908063e-05,5250
-0.6315066367046174,0.1532656558802535,1.2403095675670412,-0.0002890710029829,5250
-0.6303048430743029,0.4018157720784564,1.3091060156527874,9.216792094065424e-05,5250
-0.6250679884079511,0.1135967773506143,1.2269242660874866,0.0008091572652279,5250
-0.624003411309073,0.3620506585748,1.2955388487624635,0.00010268565273,5250
-0.6186370907542984,0.0739043504447044,1.2136591799084764,-0.0002416844346705,5250
-0.6175648417014878,0.3223421525179796,1.2821854647029238,7.152681126256638e-05,5250
-0.6159921284120176,0.5702972370352273,1.3521890200047522,-0.0013511019442947,5250
-0.6121416119499281,0.0341779381058126,1.200639266411025,0.0007279651944081,5250
-0.6111323906846947,0.2825965641356721,1.2686991202461952,0.0001816381669391,5250
-0.6094128780118506,0.5310949224912578,1.3386826533063547,0.0004857511801305,5250
-0.605599848599574,-0.0055833737904707,1.1873005408523174,-0.0002315820637354,5250
-0.6047800258312667,0.2428063257902771,1.2551284440180397,6.11803545175621e-05,5250
-0.6031714568459935,0.491349119304183,1.3248213814654402,-5.2188506460722206e-05,5250
-0.5987360983432024,-0.0457399181416382,1.1708376712581037,0.0044978805671127,5250
-0.5983407810550307,0.2030638843235161,1.241618551203858,8.691266702581801e-07,5250
-0.5968062599034112,0.4517337284184148,1.3114281749252044,0.000155665467488,5250
-0.5918651724583716,0.1633307886454524,1.2282916326948847,-4.114461351738957e-05,5250
-0.5905059806733355,0.4119873840053639,1.2978667733020306,0.0002498875737739,5250
-0.5854265241617053,0.1236619101158132,1.21490633121533,-6.007911348922257e-05,5250
-0.5840931529563189,0.3722665966690804,1.2845317556156604,0.0001195381018125,5250
-0.5825523781869328,0.6200533851788785,1.3542018059119163,0.0013232485584697,5250
-0.5788734228733657,0.0839726039736599,1.2013279137473185,0.000312209855186,5250
-0.5776545833487339,0.33255809061226,1.2711783715561205,0.000202293484957,5250
-0.57624782341622,0.5803315284365174,1.3404678537350287,7.5483444620765e-05,5250
-0.5723779440689953,0.044246191634768,1.1883080002498665,2.922804566473508e-05,5250
-0.5713435497553431,0.2927513759511447,1.2575970005283472,0.0002054801841346,5250
-0.5696685730160531,0.541129213892548,1.3269614870366313,0.0001369379926932,5250
-0.5659412669406172,0.0045039856092942,1.175277177391436,0.0002462270135645,5250
-0.564991184901915,0.2529611376057497,1.2440263243001917,0.0001280522112839,5250
-0.563283596477548,0.5014429982163285,1.313638819140594,9.167711624722548e-05,5250
-0.5590775166842457,-0.0356525587418731,1.1588143077972224,0.0008008497246837,5250
-0.558577940576547,0.2132234112209383,1.2306495311153545,8.919383134158715e-05,5250
-0.5569183995349656,0.4618276073305604,1.300245612600358,4.699562049646777e-05,5250
-0.5521023319798878,0.1734903155428745,1.2173226126063812,4.7083733452413234e-05,5250
-0.5505572417740275,0.4221036726239819,1.2869078894861374,0.0001473795133901,5250
-0.5456632078519386,0.1337992309054064,1.204088365963682,-8.331122963693705e-05,5250
-0.5441444140570111,0.3823828852876985,1.2735728717997672,-1.614846125496533e-05,5250
-0.5429130729764609,0.6300536878428384,1.342421608379838,0.0007145745088908,5250
-0.539110106563599,0.0941099247632531,1.1905099484956705,-5.1581674423012425e-05,5250
-0.5377917578257092,0.3426491367487781,1.2599483890548386,0.0003043641707786,5250
-0.5366085182057481,0.5903318311004773,1.3286876562029502,-0.0015273358651843,5250
-0.5325845837315433,0.0544272015168663,1.177204971070101,-0.0003508427662033,5250
-0.5314807242323185,0.3028424220876627,1.2463670180270652,0.000147964844994,5250
-0.5298364685777881,0.5512070504495079,1.315571876503748,0.0002986553194198,5250
-0.526147906603165,0.0146849954913925,1.16417414821167,0.0001207035582282,5250
-0.5251693164195714,0.263082995266683,1.232842289324713,0.0002116239378912,5250
-0.523451492039283,0.5115208347732885,1.3022492086077109,-0.0001538695091262,5250
-0.5187560720942034,0.2233452688818715,1.219465496139876,-1.1885073509486366e-05,5250
-0.5170455602535979,0.4718513211839814,1.2888809287630334,0.0003521375461609,5250
-0.5123126009100724,0.1836323941503806,1.2063344828408482,3.294695914020373e-05,5250
-0.5106844024926599,0.4321273864774029,1.2755432056488127,-1.5289415295473285e-05,5250
-0.5058734767821232,0.1439413095129125,1.1931002361981489,-3.611288857400391e-05,5250
-0.5042755955390923,0.3924648465698643,1.2622934193882718,0.0002919868774842,5250
-0.4994016071322454,0.1042647015186677,1.1802652766774413,-0.0002493787407547,5250
-0.4979229393077904,0.352731098030944,1.2486689366433432,0.0001899797641667,5250
-0.4969312736344217,0.6002755877024726,1.3170792911571194,4.7433732554863495e-05,5250
-0.4928760843001896,0.0645819782722809,1.1669602992518715,-4.4110971296314194e-05,5250
-0.4916121626132931,0.3129422142734603,1.2351425158826688,0.0002011569020779,5250
-0.4901592240064618,0.5611508070515032,1.3039635114579171,-0.0002726543047797,5250
-0.485300754800546,0.2731827874524806,1.2216177871803169,0.0001403032938869,5250
-0.4835402371092334,0.5219680553606195,1.2921041039540755,-0.0011168592592579,5250
-0.4789348675778506,0.2334780713453051,1.2082548683737753,9.896018717058668e-05,5250
-0.4771343053235484,0.4822985417713124,1.2787358241093982,0.0009360624804433,5250
-0.4724913963937196,0.1937651966138143,1.1951238550747476,5.112850041612271e-05,5250
-0.4708767328094616,0.442199418368617,1.264375089379722,-0.0001589261545143,5250
-0.4660772088771973,0.1540657933904624,1.1828340074876418,-0.0006228558051065,5250
-0.4644679258558939,0.4025368784610784,1.2511253031191811,-9.163129234374125e-05,5250
-0.4596053392273196,0.1143891853962176,1.1699990479669342,-6.895789365315985e-06,5250
-0.4581300614948634,0.3628511425610229,1.2377283013076947,-0.0001267844695093,5250
-0.4518192848003661,0.3230622588035392,1.22420188054702,0.0001213518389119,5250
-0.4454879372856132,0.2831962614187324,1.2103521842872766,0.0002453732699581,5250
-0.4391220500629177,0.243491545311557,1.1969892654807357,-0.0002228378084572,5250
-0.4372138100898323,0.4925721353432555,1.2685060632414522,0.0006081326274257,5250
-0.4327085007630458,0.2037889525313981,1.1841076862697286,-7.431246337825242e-05,5250
-0.4309562375757455,0.4524730119405601,1.254145328511776,0.0005235054604509,5250
-0.4262943132465234,0.1640895493080462,1.1718178386826228,-0.0002539008460106,5250
-0.4246643126274799,0.4124647111691088,1.2400256206580098,0.0003714068842011,5250
-0.4183264482664494,0.3727789752690532,1.2266286188465234,-0.0001279372400305,5250
-0.4120780092935626,0.3330876525587272,1.213463735352533,5.059583723126399e-05,5250
-0.4057466617788097,0.2932216551739203,1.1996140390927896,0.0001306384608914,5250
-0.3993638938174558,0.2535258683635422,1.18635046350951,-0.0005043173939925,5250
-0.3929503445175838,0.2138232755833833,1.173468884298503,6.946452099503009e-05,5250
-0.3911163791136293,0.4623941145711727,1.2430425723865628,0.0007861475368858,5250
-0.3848244541653637,0.4223858137997214,1.2289228645327963,-6.267544717895174e-05,5250
-0.3784571064315112,0.3827312023265528,1.2157590902823432,-0.0002343001267886,5250
-0.3722086674586244,0.3430398796162267,1.2025942067883528,0.00013108744234,5250
-0.3658405361687353,0.3032749923657229,1.189192568060728,0.0002125977998839,5250
-0.3594577682073814,0.2635792055553448,1.1759289924774483,-1.0830392374969189e-05,5250
-0.3448416840011178,0.4323918142766798,1.2179896084095163,0.0003692521037519,5250
-0.3384743362672652,0.3927372028035111,1.204825834159063,8.425888235841228e-05,5250
-0.3322843354580492,0.3530668314727611,1.191923019919551,-9.847251964107544e-05,5250
-0.32591620416816,0.3133019442222572,1.1785213811919264,8.10194588228702e-05,5250
-0.3049516836628165,0.4423257368323861,1.2074708990558154,-0.0002442233631278,5250
-0.2986244522169822,0.4027121925385203,1.1939272580928382,-0.0004360526194142,5250
-0.2924344514077661,0.3630418212077703,1.1810244438533264,-5.5975316532376473e-05,5250
-0.2654248803070037,0.4523336674729704,1.1975884753287231,-0.0007714401540458,5250
-0.2590976488611692,0.4127201231791046,1.184044834365746,-0.000123324560616,5250
-0.2721008817177174,0.4926519880344663,1.375131078716394,-0.0009037532360716,5430
-0.2716698420120864,0.4509626983489264,1.382646938475426,-2.9465974341710832e-05,5430
-0.2309360574194918,0.6179374162926035,1.3500301511154644,-0.0005607997144688,5430
-0.2304975065524929,0.5762987901114358,1.3577742629884602,0.0001590857682894,5430
-0.2302909459018521,0.5343458896791903,1.3660962023098764,0.0003831211306222,5430
-0.230210713992953,0.4924725209225206,1.3745446108435253,-0.00010210093788,5430
-0.2298020437774445,0.4089804597998522,1.390232493899236,-0.0004132673088946,5430
-0.229779674287322,0.4507832312369807,1.382060470602557,-0.0006467026340579,5430
-0.1890931233928141,0.6593871460494265,1.3407623044668684,-0.0001919363063411,5430
-0.188657420024851,0.6177822457640338,1.348220977029454,-3.848538228515275e-05,5430
-0.1882188691578522,0.5761436195828662,1.3559650889024495,-5.381987520400311e-05,5430
-0.1879018540797779,0.5345796881693288,1.363424251468774,-0.0003628033214029,5430
-0.1878216221708788,0.492706319412659,1.3718726600024227,0.0010731844730019,5430
-0.1876579271719132,0.3672587379768858,1.3974196936296917,-8.703164966029214e-05,5430
-0.1875781586570705,0.4090337825401478,1.3885934822546684,0.0012367101652419,5430
-0.187555789166948,0.4508365539772762,1.3804214589579893,-8.648720298395224e-05,5430
-0.1471116609372378,0.7009926712654589,1.3311089664013656,-3.0693401079529004e-05,5430
-0.1467290465516943,0.659373503665035,1.33863468758282,-8.888651651969143e-05,5430
-0.1462933431837313,0.6177686033796421,1.3460933601454057,-0.0001462802769166,5430
-0.1460368960916235,0.575961529777546,1.3542204823679929,7.427940034958336e-05,5430
-0.1457198810135492,0.5343975983640086,1.3616796449343171,-0.0007669798649271,5430
-0.1455292900658499,0.4927311415839802,1.369802961993031,0.0002044193949896,5430
-0.1452634570619191,0.4508613761485974,1.3783517609485971,-0.0004669206862797,5430
-0.1448688824157052,0.3673578954080589,1.3944868574319478,0.0009034047517363,5430
-0.1447891139008625,0.4091329399713209,1.3856606460569243,1.7203789644835987e-05,5430
-0.1446072547526659,0.3253988664697982,1.401679868811714,0.0005435353445057,5430
-0.1050785978844898,0.7425755115399182,1.3214686837739071,-0.000155240322913,5430
-0.1046664314295783,0.7009391587419378,1.329025321542947,9.65023712799426e-05,5430
-0.1042838170440347,0.6593199911415137,1.3365510427244012,-0.0001474945606988,5430
-0.1039305747256198,0.6176747298872152,1.344275651064858,0.0001282106135446,5430
-0.103674127633512,0.5758676562851189,1.3524027732874455,0.0003467303582814,5430
-0.1034973186116046,0.5340442778534971,1.3610439631056122,0.0001462290409067,5430
-0.1033067276639053,0.4923778210734687,1.369167280164326,-6.044500627582633e-05,5430
-0.1031143176965189,0.4506674313590102,1.377704802008577,0.0003099691168829,5430
-0.1026399745354622,0.4089389951817337,1.3850136871169036,-0.000769023042669,5430
-0.1023350841661681,0.3672418157515403,1.3917413060816033,-0.0001105462579896,5430
-0.1020734565031288,0.3252827868132795,1.3989343174613695,-0.0002250635734147,5430
-0.1019355438618093,0.283561911096628,1.4073479257974275,-0.0003007169286297,5430
-0.0630963722747108,0.7841679937656465,1.3113845265510449,6.0121769971083205e-05,5430
-0.0627304584376702,0.7425131028071829,1.318929927093785,-0.0002203801658947,5430
-0.0623182919827586,0.7008767500092024,1.3264865648628248,-2.626104108129773e-05,5430
-0.062016297205888,0.6592454957990849,1.3343447340319576,-0.0003349684417558,5430
-0.0616630548874731,0.6176002345447862,1.3420693423724146,-0.00012451401702,5430
-0.06139739070748,0.575899964342506,1.3504064161007585,-0.0002630759423606,5430
-0.0612205816855727,0.534076585910884,1.359047605918925,0.0002773497988736,5430
-0.0609616982793555,0.4923447812065464,1.367890041141162,-0.0002296148848201,5430
-0.0607692883119691,0.4506343914920878,1.376427562985413,0.0002334708924275,5430
-0.0606485879420219,0.409012779700818,1.3856539112832755,-0.0002809964717413,5430
-0.0603436975727278,0.3673156002706247,1.392381530247975,-0.0005649039507441,5430
-0.0597377855529115,0.3254845725116078,1.397803388256718,3.155109880984691e-05,5430
-0.059599872911592,0.2837636967949563,1.406216996592776,0.0007578017997758,5430
-0.0594421922612303,0.242128254397406,1.413717893570794,-0.0002014104098314,5430
-0.0213369138893467,0.8257474353284413,1.302049072848814,-0.0007106353358509,5430
-0.0208953897662474,0.7840811764016578,1.3094343276196243,-2.922393806607804e-06,5430
-0.0205294759292067,0.7424262854431941,1.3169797281623643,-0.0005753589136608,5430
-0.0201581388299006,0.7008204249801862,1.3246568090946824,-3.41154869051008e-05,5430
-0.01985614405303,0.6591891707700686,1.3325149782638153,-0.0003897160439502,5430
-0.0195568199727845,0.6175637414857935,1.3404492812252016,-2.8426635549194668e-05,5430
-0.0192911557927914,0.5758634712835131,1.3487863549535453,-0.0001133960766346,5430
-0.0190301909120287,0.5340962753785026,1.3574373092402925,0.0001346287565228,5430
-0.0187713075058115,0.492364470674165,1.36627974446253,-9.658235262778592e-05,5430
-0.0185126971582209,0.4508147614256212,1.3752302134435848,-9.099140140519936e-05,5430
-0.0183919967882737,0.4091931496343514,1.3844565617414473,0.0002910457574118,5430
-0.0179737798094272,0.367372674840788,1.3906883470922566,0.0001253478786873,5430
-0.0173678677896109,0.3255416470817711,1.3961102051009997,-0.0002214428450959,5430
-0.0171697039038101,0.2838237468374309,1.4039256977230985,-0.0002733474911833,5430
-0.0170120232534485,0.2421883044398807,1.4114265947011164,-0.0003710927569313,5430
0.0203455020127728,0.8672933434155061,1.2933296409763066,-0.0002973397203665,5430
0.0207407450534916,0.8256113187255045,1.3005302200919824,-0.0001596251198968,5430
0.0211822691765909,0.783945059798721,1.307915474862793,-0.0003256355489831,5430
0.0216484134729282,0.7423486868045913,1.315288456578213,-0.0002240339200863,5430
0.0220197505722344,0.7007428263415834,1.322965537510531,-7.895609434929729e-05,5430
0.022312297882681,0.6590780534700329,1.3311288169173294,-0.00016288301418,5430
0.0226116219629265,0.6174526241857576,1.3390631198787155,-0.0002196408761951,5430
0.0230331891066717,0.5758554067379988,1.3475228463793427,8.754734238920064e-05,5430
0.0232941539874344,0.5340882108329883,1.35617380066609,0.0003048092823941,5430
0.0234105505548448,0.4923841233720787,1.3652337148405809,-0.0001021152983655,5430
0.0236691609024354,0.4508344141235349,1.3741841838216358,-0.0001452650669066,5430
0.0242029051360596,0.409060461186164,1.380189301667178,0.0001089185850931,5430
0.0246211221149061,0.3672399863926006,1.3864210870179872,0.0001578465558118,5430
0.0248250406779822,0.3256079180419792,1.394309079703624,-0.0002535532801992,5430
0.0250232045637831,0.283890017797639,1.402124572325723,0.0002600786172832,5430
0.0621004435431301,0.9089403623743,1.2841547093615209,-0.0003353977382312,5430
0.062531316559666,0.867253024125742,1.2911585592240653,-0.0001873762052909,5430
0.0629265596003847,0.8255709994357404,1.298359138339741,-0.0002317539161711,5430
0.0633271864721159,0.7839432495966858,1.3058955050364316,-0.0001963775557074,5430
0.0637933307684533,0.7423468766025562,1.3132684867518516,-0.0004182248910823,5430
0.064222596919433,0.7007536092553979,1.321133078305877,-0.0001533166764332,5430
0.0645151442298797,0.6590888363838474,1.3292963577126755,-3.2766523045901774e-05,5430
0.0649493434603504,0.6174640575619512,1.337258509953641,-4.9756695903242776e-05,5430
0.0653709106040957,0.5758668401141924,1.345718236454268,0.0001165947689609,5430
0.0656900344792921,0.5341697516650563,1.3535679481960674,-0.0001702300654373,5430
0.0658064310467024,0.4924656642041466,1.362627862370558,0.0008874793832873,5430
0.0661064827023718,0.4507861917679619,1.3704313477582104,-9.68162251079388e-05,5430
0.066640226935996,0.409012238830591,1.3764364656037524,1.5440469488280095e-05,5430
0.0668259152315957,0.3672609610148608,1.384459900189236,-0.00032418064503,5430
0.0670298337946718,0.3256288926642393,1.392347892874873,-0.0002189960179531,5430
0.1042726877907019,0.9089502733603878,1.2821996490648853,-0.0001874824835099,5430
0.1047035608072378,0.8672629351118297,1.2892034989274297,-0.0003116067528818,5430
0.1050662439321969,0.8255730275417561,1.2966003129066217,-0.0002076313568124,5430
0.1054668708039281,0.7839452777027015,1.304136679603312,-0.0004096007943977,5430
0.1059199207096525,0.7423220335147869,1.31199158635881,-7.246315968248429e-05,5430
0.1063491868606322,0.7007287661676286,1.3198561779128355,-0.0004151776259539,5430
0.106686418362249,0.6591231796619103,1.3277599390954022,-0.0001772621264162,5430
0.1071206175927198,0.6174984008400142,1.3357220913363674,-0.0005059791899876,5430
0.1076177332423859,0.5758836398341354,1.3435117396482656,-0.0001394700893155,5430
0.1079368571175823,0.5341865513849993,1.351361451390065,-0.0001235389045724,5430
0.1082260649536855,0.4924787563383682,1.3592156951426158,-0.000166091476272,5430
0.1085261166093549,0.4507992839021835,1.367019180530268,-0.0001939969429673,5430
0.108792169614482,0.4090828020124257,1.3744436308290586,-0.0002384224486412,5430
0.1089778579100816,0.3673315241966954,1.3824670654145423,0.0001636381291234,5430
0.1468281933051671,0.8672426179450805,1.287555454551523,-0.0001593374159821,5430
0.1471908764301262,0.8255527103750069,1.294952268530715,-0.0003187561606578,5430
0.1476228109470951,0.7839433021173556,1.3024534315367344,-0.0001533500867363,5430
0.1480758608528195,0.742320057929441,1.3103083382922325,-0.0002150373994493,5430
0.1484395202593822,0.7007490313565992,1.3185173296597807,-0.000281036115513,5430
0.148776751760999,0.6591434448508808,1.3264210908423473,-0.0002286797745478,5430
0.1493306731367394,0.6175212579105784,1.333914930596238,-3.165023200647071e-05,5430
0.1498277887864055,0.5759064969046996,1.3417045789081363,-6.413448886802287e-05,5430
0.1501067624233893,0.5342423504425318,1.3497834833114022,-0.0002168211874514,5430
0.1503959702594926,0.4925345553959008,1.357637727063953,-9.060540298537478e-05,5430
0.1508189416629886,0.4508547238673877,1.3652918203121889,-0.0001054766752106,5430
0.1510849946681157,0.4091382419776299,1.3727162706109797,0.0001092729252277,5430
0.1893413072364493,0.8255562393323359,1.2936043992510042,-0.0001412242686015,5430
0.1897732417534182,0.7839468310746847,1.3011055622570231,-0.0005083765227249,5430
0.1902152497434485,0.7423271137894545,1.3082335209719929,-0.0001898793186041,5430
0.1905789091500112,0.7007560872166126,1.3164425123395411,-0.0001220227172202,5430
0.1910786375669965,0.6591979991636508,1.324710468906805,-2.337430906856897e-06,5430
0.1916325589427369,0.6175758122233483,1.3322043086606956,-0.0003629746914493,5430
0.1919668263268517,0.5759761432657401,1.3399528833480652,-0.0002935873386433,5430
0.1922457999638355,0.5343119968035723,1.348031787751331,-9.207848670812065e-05,5430
0.1925506798467276,0.4925641446012889,1.3560320887058903,-0.000156975588546,5430
0.1929736512502236,0.4508843130727757,1.3636861819541264,-0.0004605351796163,5430
0.2319096181167336,0.7840138239047403,1.3001425778886324,-0.0001827669648555,5430
0.2323516261067639,0.74239410661951,1.307270536603602,-0.0004658047547563,5430
0.2330570002641435,0.7008334097374018,1.314518563243717,0.0001386974803546,5430
0.2335567286811288,0.65927532168444,1.3227865198109807,0.000117836293348,5430
0.2337443486327,0.6175936075586479,1.330662846572947,-0.0002189838348069,5430
0.2340786160168147,0.5759939386010398,1.3384114212603166,-0.0002428803395351,5430
0.234501487841183,0.5343440599612492,1.3462032187918327,-1.440517186577367e-05,5430
0.2348063677240751,0.4925962077589657,1.3542035197463922,0.0001263518256305,5430
0.274534151026651,0.7424757014732817,1.3064049191287594,-0.0001252110324651,5430
0.2752395251840306,0.7009150045911736,1.3136529457688746,-0.0008677884627166,5430
0.2758246057225507,0.6593653163219031,1.321268648161888,-0.0002330265580491,5430
0.276012225674122,0.617683602196111,1.3291449749238546,-5.072592639317891e-05,5430
0.2762979033691786,0.5759999029196075,1.3368116993119443,-0.0001367854089254,5430
0.2767207751935469,0.5343500242798169,1.3446034968434608,-0.0002518543986437,5430
0.3174594647729477,0.700980617040673,1.3123595588744417,0.0001245310066531,5430
0.318044545311468,0.6594309287714025,1.3199752612674551,-5.481509007151941e-05,5430
0.3183552539897797,0.6178020007802414,1.327871907020027,-0.0001007236914464,5430
0.3186409316848364,0.5761183015037379,1.3355386314081168,-1.3292760491084854e-05,5430
0.3603858862581398,0.6595302018378397,1.3187062379931014,-0.0001016705104689,5430
0.3606965949364515,0.6179012738466785,1.3266028837456731,-8.096566165654434e-05,5430
-0.3106021123431127,0.4844248537532384,1.4506392938720123,0.001568627631591,5700
-0.2838380738285525,0.6303391141838943,1.4121440948393351,-0.0002266369746277,5700
-0.2749059317904272,0.4979213702132474,1.4298026024405266,5.386042620302012e-05,5700
-0.2691606769664497,0.590631125203807,1.41119237126829,-8.390455096234095e-05,5700
-0.2630721736443848,0.6835617996423853,1.3940004761993663,0.0001170364136124,5700
-0.2611040990736635,0.4584040500226085,1.4309610696464974,-0.0025876459273101,5700
-0.254032483405311,0.5510815300421937,1.411482672842672,-3.600890700011794e-05,5700
-0.2484059920135236,0.643771126354499,1.3931662966617022,6.440988705119777e-05,5700
-0.2424115254192552,0.7367957246072336,1.375539070372802,-9.01664311630246e-05,5700
-0.2394736274049502,0.5112340515905325,1.4109178292757043,-0.0001850480186999,5700
-0.2337285951514208,0.6040631373744116,1.3922145730906572,-0.0001102372924543,5700
-0.2277461634134845,0.6969816204637106,1.374505434487892,6.767319307660058e-05,5700
-0.2256717946881865,0.4717167313998935,1.412076296481675,0.0011470840621774,5700
-0.2217966380771349,0.7899966138403942,1.3569278753480485,0.000121386756753,5700
-0.219009726767588,0.5643098912941531,1.3912371562519898,0.0001905803644537,5700
-0.2130799817826233,0.6571909471758242,1.373671254950228,-1.008501383226168e-05,5700
-0.2112170784772332,0.4320484636312508,1.411261929111976,0.0025020139697294,5700
-0.2070474482688356,0.7501891777660945,1.356378758247769,7.87927616105813e-05,5700
-0.2044508707672272,0.5244624128424918,1.3906723126850222,0.0004266031925982,5700
-0.2012556078946978,0.843163740334631,1.338509665584248,-0.0003171440050477,5700
-0.1984194952717564,0.6174546398627951,1.372886840848655,-2.3043910924884503e-05,5700
-0.1923820862630649,0.7103750736225716,1.3553451223628592,-0.0001090071978428,5700
-0.1899683694117506,0.4847759511274497,1.3901704752364168,-0.0001202353468087,5700
-0.1864647915056798,0.8034253065840176,1.3373434013417838,7.632719149223977e-05,5700
-0.1837006268879236,0.5777013937825366,1.371909424009988,-0.0001385504604206,5700
-0.1807362016447513,0.8962218922040768,1.320691248085052,-0.0004567935105151,5700
-0.1777655128712931,0.6701944729073837,1.3549715927765744,-0.0001041508365259,5700
-0.1755136532007973,0.4451076833588069,1.3893561078667178,0.0002165836513254,5700
-0.1717156016973804,0.7636178705097181,1.3367942842415044,0.0002127699004699,5700
-0.1690566096982525,0.5379430058875945,1.371202075966493,-0.0003227979405168,5700
-0.165981955353155,0.856532083731514,1.3194263999860665,0.0001217980428728,5700
-0.1631050263604261,0.6304581655943546,1.3541871786750015,-0.0011740680046575,5700
-0.1609005778793316,0.405272782731472,1.3885743795063838,0.0002673242860411,5700
-0.160285517594631,0.9493226992982384,1.3026162662458871,-0.0001334269934574,5700
-0.1570271722053093,0.7238017476045047,1.3362108741656584,5.665904365764751e-06,5700
-0.1545741083427759,0.4982565441725523,1.3707002385178877,-2.825679697340128e-05,5700
-0.1511911389641371,0.8167936499809005,1.318260135743602,-0.0003360189963473,5700
-0.1483641390165993,0.5910911757363373,1.3525945830987784,0.0002288948259563,5700
-0.1454463175237471,0.909659203014078,1.3014317693375208,0.0001262989168178,5700
-0.1424105988135376,0.6836211468893167,1.3358373445793736,0.0010399627067127,5700
-0.1400690571506817,0.458636097576794,1.3704604579953463,-0.0005132957662841,5700
-0.1398329155493313,1.0025562288051542,1.2842664137715816,-5.272379372374403e-05,5700
-0.1363834380236985,0.7770552302872777,1.317054117247046,0.0001768730272912,5700
-0.1337201218269282,0.5513327878413951,1.3518872350552833,0.0001273700463791,5700
-0.1306920712321508,0.8699693945415152,1.3001669212385354,-7.741940020094401e-05,5700
-0.1277138432540419,0.6439324905867585,1.3345275829823606,0.0003734185548342,5700
-0.1254559818292159,0.4188011969494591,1.3696787296350124,-4.835981378319837e-05,5700
-0.1249946653271411,0.9628387602649277,1.2828713090787354,0.0004523406039332,5700
-0.1216950085316273,0.7372391073820643,1.3164707071712,0.0002712370729865,5700
-0.1191307520700653,0.5117516245140187,1.3514403443678284,-0.0001924578299784,5700
-0.115891972448557,0.830183969930619,1.2989486913355657,0.0002539355876955,5700
-0.1129729559102151,0.6045655007287412,1.3329349874061371,0.00026168153361,5700
-0.1106718518048155,0.3788122675827845,1.3683770484065705,0.0002486378603639,5700
-0.1101554652562572,0.9231752639807672,1.2816868121703693,-1.835490507043347e-05,5700
-0.1070213999573454,0.6974010836250668,1.3163834052457577,-0.0001586981392138,5700
-0.1046257008779711,0.4721311779182604,1.351200563845287,0.0003874342962629,5700
-0.1045025120578822,1.0160354621510432,1.264369416050281,0.0005220845197847,5700
-0.1010842715081184,0.7904455502369963,1.2977426728390091,-0.0001588125033517,5700
-0.0983390539924657,0.5648518181592983,1.3326280603854213,-0.000398197274037,5700
-0.095321651243512,0.8834767981860929,1.2804403523456975,0.000517287132368,5700
-0.0923246443978497,0.6577124273225086,1.3150736436487445,-0.0007495148418307,5700
-0.0902572139002325,0.4324037656294793,1.352041170607282,-0.0010131199793271,5700
-0.089664261835692,0.9763179936108166,1.2629743113574348,-7.819773535413382e-05,5700
-0.0863017198871858,0.7507088689067718,1.2967256890342118,8.242888817917154e-05,5700
-0.0837496842356028,0.5252706548319219,1.3321811696979666,-2.955626699481517e-05,5700
-0.0805215524599182,0.8436913735751965,1.2792221224427274,0.0001764721248436,5700
-0.0775365010144882,0.6181032096715087,1.3133547750869932,0.0001951240845885,5700
-0.0754730838758321,0.3924148362628047,1.3507394893788405,-0.0006701141692609,5700
-0.0748143483875834,0.936643619066596,1.2619581569250315,0.0002402827933969,5700
-0.0716281113129039,0.7108708451497742,1.2966383871087692,0.0006840897893079,5700
-0.0693535300568201,0.4854862307935635,1.3328153895303323,-0.0012148273617132,5700
-0.0657625343393982,0.8037760429887018,1.279015410944764,-0.0001196311929712,5700
-0.0629025990967389,0.5783895271020658,1.3130478480662773,0.0004048788090717,5700
-0.0604620454390615,0.3524179116789699,1.3481915764527628,0.0001698700307998,5700
-0.0599805343748381,0.8969451532719217,1.2607116971003596,-0.0001656955605524,5700
-0.0568664344328614,0.67121983396604,1.29530082242128,0.0009532720716254,5700
-0.0549850430790815,0.4457588185047824,1.3336559962923276,1.81276562395416e-05,5700
-0.0545025943256371,0.9895960124014388,1.2452267149154057,-0.0010234529275638,5700
-0.0509799827184656,0.7640393616584773,1.2779984271399667,-0.0006473282200637,5700
-0.0484329636540334,0.5386575216582783,1.3133702576246415,-0.0004768060036944,5700
-0.0452534843729417,0.8570054877552087,1.26046012308576,-0.0003772951718302,5700
-0.0420782910494999,0.6316106163150401,1.2935819538595288,0.0003447846508295,5700
-0.039967670954551,0.4059145723648085,1.3312935665175245,0.0021400940966425,5700
-0.0396526808775285,0.949921637857218,1.244210560483002,-0.0016097356525028,5700
-0.0362663685025703,0.7244260094200514,1.2769398710576665,-0.0003170598893392,5700
-0.0340368094752507,0.4988730976199198,1.314004477457008,0.0007536476796586,5700
-0.0304944662524217,0.8170901571687137,1.2602534115877964,-0.0002035716945684,5700
-0.0275061712066177,0.5917745368305981,1.293810947210405,-0.000551618584793,5700
-0.0249566325177805,0.3659176477809737,1.3287456535914468,0.0001763701549175,5700
-0.0247661879521732,0.9101767823646442,1.2426697875407855,-0.0005895042906556,5700
-0.0215046916225278,0.6847749982363174,1.2756023063701771,-0.000773059866469,5700
-0.0191913712921551,0.4590383245701099,1.3122982013633324,0.0019583818420081,5700
-0.0157117672936099,0.7774473143159222,1.2591575133495254,2.442163593498192e-06,5700
-0.0130365357639122,0.5520425313868106,1.2941333567687692,0.0002918531228395,5700
-0.0101812054673052,0.3262005736457011,1.3282787779534546,3.265009538212793e-05,5700
-0.0100391379502768,0.8702371168479311,1.242418213526186,-0.0004439244410456,5700
-0.0068142778020665,0.6450818946396757,1.275001779360616,-0.0008619571216081,5700
-0.0044920145779505,0.9631429147037976,1.226536267438079,0.0002380305815688,5700
-0.0041739991676247,0.419194078430136,1.3099357715885294,0.0002252983138867,5700
-0.0009981530777147,0.7378339620774964,1.258098957267225,-0.0001857731648376,5700
0.0016746623560817,0.5123162914556574,1.293225252661491,0.0006670601459579,5700
0.004809555050367,0.8305751733076585,1.2413183663527194,-9.736148657209924e-05,5700
0.0077578420408156,0.6052458151552338,1.2752307727114922,5.1102575085969215e-05,5700
0.0103944783474048,0.9233980592112236,1.2249954944958628,-0.0004397985326157,5700
0.0106279918053741,0.3794095377253057,1.3091261045276663,0.0004264455588084,5700
0.013753743774381,0.6981457765959909,1.257158729142644,5.156765248447853e-05,5700
0.0165201005391772,0.4724815184058475,1.2915189765678154,-0.0001040917187648,5700
0.0195922540091788,0.7909323304548669,1.2402224681144485,-0.0004301710567079,5700
0.0225125176939344,0.565541417370414,1.2741362836811003,0.0001813061762063,5700
0.0252669767378588,0.8837376404585053,1.2235702344236998,6.283748246481424e-05,5700
0.0254034188558495,0.3396924635900331,1.308659228889674,0.0003443679073979,5700
0.0284441575948424,0.6584526729993492,1.256558202133083,7.65761078922178e-05,5700
0.031306014851528,0.4327221346650005,1.2907811149752624,-0.0001502175468073,5700
0.0343312001978817,0.7513068667142893,1.2391691376876042,-0.0002137344288617,5700
0.0372237158139283,0.5258151774392608,1.2732281795738218,0.0002347522044874,5700
0.0401156697385027,0.8440756969182327,1.2224703872502334,-0.0002273974445095,5700
0.0432386815298378,0.6188469793900134,1.2554099960415916,0.0005256136787272,5700
0.0457316302781262,0.93696795538981,1.205861070644128,0.0003448865489504,5700
0.0461080058245269,0.3929375939601702,1.289971447914399,-0.0001129786765704,5700
0.0490830970499775,0.7116186812327836,1.238228909563023,-0.0002607238988132,5700
0.0520599847696316,0.4860072353579488,1.2725082193615354,0.000333981598732,5700
0.0548948069866146,0.8043921103657576,1.22141877488734,-6.687591851892855e-05,5700
0.0579933571829566,0.5791425816051936,1.2543155070111998,0.0003125001562085,5700
0.0606041286685802,0.8973075366370916,1.2044358105719652,-0.0001289036767856,5700
0.0639044736684508,0.671938287323945,1.2372137149313538,-5.496572595979632e-05,5700
0.0668458990819824,0.4462478516171019,1.2717703577689825,0.0001724472482551,5700
0.0696337531753175,0.7647666466251799,1.2203654444604957,-0.0003042621929697,5700
0.072707396849408,0.5392973582387254,1.2543256754767318,-0.0001600371137422,5700
0.0754156347486247,0.8575640783372889,1.2032619535765257,0.0001431886136125,5700
0.0786989976034462,0.6323325937146093,1.2360655088398622,-0.000453553443035,5700
0.0844312277906354,0.7251549411149879,1.2191208009902734,0.0001484137118399,5700
0.0875436658051113,0.4994894161574135,1.2536057152644453,-0.0002845730998955,5700
0.0901947719967367,0.8178804917848138,1.202210341213632,-0.0001390405857071,5700
0.0934421862277211,0.5926311444503031,1.2353041754098233,-0.0003069800057713,5700
0.0959621673974082,0.9108355926521052,1.1854005907963474,6.761772099447144e-05,5700
0.0992526044091086,0.6854745472061494,1.218105606358604,-5.836648194328803e-05,5700
0.1049820131735755,0.7782176293084608,1.2011718272071925,0.0001297937878704,5700
0.1081562258941725,0.5527859210838348,1.235314343875355,0.000290142061743,5700
0.1107736734774527,0.8710921343523024,1.1842267338009078,-0.0002205382326457,5700
0.114129013711861,0.645869024189518,1.2170005009867313,0.000236918064856,5700
0.1197794877888934,0.7386059237982687,1.1999271837369705,-0.00036158908517,5700
0.1256408348388121,0.8313900716985656,1.1827942863494678,0.000299095017985,5700
0.1288722023361359,0.6061675749252118,1.2162391675566924,0.000418217385299,5700
0.134662989950644,0.698985510011305,1.1988173257473342,0.0001905899416912,5700
0.140428076015651,0.7917272092222126,1.1817557723430283,3.006435416397224e-06,5700
0.1461019399258213,0.884664658158421,1.165655487981423,-0.0002534442449895,5700
0.1495393992533964,0.6593799869946737,1.1977122203754615,-0.0003803371168139,5700
0.1552827331025548,0.752128656653976,1.1807020851630798,0.000366414375121,5700
0.1609691012871806,0.8449625955046842,1.1642230405299827,-0.000601024534548,5700
0.1701662352643054,0.7125082428670122,1.1795922271734436,-1.2641708852352553e-05,5700
0.175903363077535,0.805270557214055,1.1628160287161564,-0.0001661195154361,5700
0.1907580201644388,0.7656720046458183,1.1617623415362075,-0.0005124049823734,5700
0.1963977934333045,0.8585302009256426,1.145469291005088,0.0005961301936405,5700
0.2113320552236589,0.8188381626350134,1.1440622791912616,-9.967956090954631e-05,5700
-0.3496777621416334,0.6541442610983821,1.4170714431761398,0.0004254821087749,5730
-0.3154506202745985,0.6993582202316992,1.3972742724515894,-0.0002666867687734,5730
-0.3111012827839423,0.6572945371434048,1.3991706246249884,-8.653264102001512e-06,5730
-0.2921262257676785,0.488704260125524,1.411449659783877,-0.000702215744775,5730
-0.2811422347033137,0.7445784580234943,1.3776541139269602,0.0004035097668255,5730
-0.2767036870723633,0.7024918665154354,1.380370548638572,-2.133453277509273e-05,5730
-0.2723543495817072,0.660428183427141,1.3822669008119708,-7.429339848644828e-05,5730
-0.2677650676973111,0.6181101897764003,1.3854446140406584,5.44588916862529e-05,5730
-0.2539120453183842,0.4919134000139306,1.3937500586425111,5.436769063495856e-05,5730
-0.2493558803838245,0.4498180279492225,1.396709734004908,2.275682780849414e-05,5730
-0.2469815803971703,0.7897668481022575,1.3573911305492108,-7.434565097334117e-05,5730
-0.2424094550157981,0.7476651363370945,1.3603341044322663,-1.1227783545883496e-06,5730
-0.2379709073848478,0.7055785448290356,1.363050539143878,-9.144601023925586e-05,5730
-0.233558854963889,0.66345626877227,1.3659205587691994,-6.288298352082056e-05,5730
-0.2289695730794929,0.6211382751215293,1.369098271997887,0.0002017433488104,5730
-0.2244038421613121,0.578965603233063,1.372028266031061,-0.0001724315503127,5730
-0.2197938769609384,0.5369941166616654,1.374381274320438,-0.0005252028131702,5730
-0.2152582823835419,0.4949846049716757,1.3769274433730074,-0.0003197444406102,5730
-0.2127360423696123,0.8348855971472351,1.337600151015749,7.67439991038385e-05,5730
-0.2107021174489822,0.4528892329069677,1.3798871187354045,-0.0001533812938261,5730
-0.2081543545438495,0.7928150914187241,1.340387775698161,0.0001081828096085,5730
-0.2061342505317033,0.4107293913944636,1.3825520810235634,-8.137517756631046e-05,5730
-0.2035822291624773,0.750713379653561,1.3433307495812166,0.0002379019130138,5730
-0.1991212853644803,0.7085165138418255,1.346413607779827,5.64537698764106e-06,5730
-0.1947092329435214,0.6663942377850598,1.3492836274051483,4.05377365049614e-05,5730
-0.1901618502030944,0.624321645391479,1.3518848033157718,0.0002638290580393,5730
-0.1855961192849137,0.5821489735030128,1.3548147973489455,0.0003889468270327,5730
-0.1811140981567007,0.5400484514303086,1.3577359728414704,5.3679977154073855e-05,5730
-0.1785571235067153,0.8799384942900759,1.3179881762029249,-0.0003666385333318,5730
-0.1765785035793042,0.498038939740319,1.3602821418940398,-5.850826562671385e-05,5730
-0.1740023927354942,0.837938416655287,1.3205506077976616,-7.461746171730926e-05,5730
-0.172062076526397,0.4559368008771592,1.3628797702786648,0.000121521293534,5730
-0.1694207049097313,0.7958679109267759,1.3233382324800735,-0.0001435290006793,5730
-0.167494209609118,0.4137769593646552,1.365544732566824,1.3932006183534074e-05,5730
-0.1648508792095961,0.7537690302909189,1.3262194985378766,-9.891347829789344e-05,5730
-0.1628081766455397,0.371687626319363,1.3679466972036367,0.0003290350367313,5730
-0.1603899354115991,0.7115721644791834,1.3293023567364872,0.0002620057553774,5730
-0.1557896173463705,0.6694681896710822,1.331875609855011,0.0002283980486489,5730
-0.1512422346059435,0.6273955972775014,1.3344767857656346,0.0002938410771772,5730
-0.1468345944951854,0.5852536749973403,1.3377557306872767,-0.0002082363098158,5730
-0.1444834616928313,0.9250753902835924,1.298251124817408,0.0001665816180997,5730
-0.1423525733669725,0.5431531529246362,1.3406769061798012,-9.0305871782069e-05,5730
-0.1398496839267065,0.8830398313839368,1.3006877341142429,0.0001113884333069,5730
-0.1378652069331145,0.5011177662233457,1.3437656198357857,-0.000361587024307,5730
-0.1352949531554854,0.8410397537491479,1.3032501657089797,0.0002874592919724,5730
-0.1333487798802073,0.459015627360186,1.3463632482204106,-0.0003357671261262,5730
-0.1306506140546156,0.7990344873435672,1.3058896343156992,0.0002086622263217,5730
-0.1286384638934839,0.4168833334091456,1.3482635565428356,0.0002853750696357,5730
-0.1260807883544804,0.7569356067077102,1.308770900373502,0.0006771176170847,5730
-0.1239524309299055,0.3747940003638533,1.350665521179648,-5.298737855513602e-05,5730
-0.12165821356612,0.7146276449361237,1.3123345519800538,-5.990722966617984e-05,5730
-0.1193889947440859,0.3326868734058922,1.3536630412386774,-0.000149932829466,5730
-0.1170578955008914,0.6725236701280226,1.314907805098578,-0.0004867911547902,5730
-0.112414925716637,0.6304737791903178,1.3171883306203718,6.779418783163516e-05,5730
-0.110367794449419,0.9702511032793824,1.2782905794871624,-0.0001137366530886,5730
-0.1080072856058789,0.5883318569101568,1.320467275542014,0.0005806929689139,5730
-0.1057620291726391,0.92825219218846,1.280717103242209,0.0001822314060623,5730
-0.103649268379488,0.5462848570907328,1.3239301506475665,-0.0002140257615724,5730
-0.1011282514065144,0.8862166332888043,1.2831537125390438,-8.38254172234737e-05,5730
-0.0991619019456301,0.5042494703894423,1.3270188643035508,0.0001620386889691,5730
-0.0964323277175793,0.8442009531049106,1.2855269666536877,0.0002777266156054,5730
-0.0947055334014496,0.4622434188115887,1.3308042653485908,-0.0006067902330784,5730
-0.0917879886167096,0.80219568669933,1.2881664352604072,0.0001374649200841,5730
-0.0899952174147261,0.4201111248605483,1.3327045736710157,-0.0010901290190038,5730
-0.0871512513950203,0.760086889091389,1.2911490548414737,0.0002329770726967,5730
-0.0850087256203012,0.3778323173270769,1.333578889156965,0.0004488497179875,5730
-0.0827286766066599,0.7177789273198026,1.2947127064480253,0.0010798081094668,5730
-0.0804452894344815,0.3357251903691158,1.3365764092159944,0.000447756789292,5730
-0.0781972840233897,0.6756945268180261,1.2973883929815364,0.0005514499608651,5730
-0.0764420711527489,1.0152335160187604,1.2595103314500695,-0.0010932884641502,5730
-0.0735543142391353,0.6336446358803212,1.2996689185033303,0.0006272872593488,5730
-0.0717666666167845,0.9731646479833218,1.2618608488234784,-0.0003243978596161,5730
-0.0692088109845444,0.5914744708646562,1.303306408076656,-0.0003921267283662,5730
-0.0671609013400047,0.9311657368923996,1.264287372578525,-0.0010739891877709,5730
-0.0648507937581535,0.5494274710452323,1.3067692831822084,0.0003098083055665,5730
-0.0624510235492828,0.8891384964253517,1.2667504471701003,-0.0001527360947942,5730
-0.0604571637978583,0.5072832681405435,1.3108336938348648,-0.0004729032418952,5730
-0.0577550998603477,0.8471228162414581,1.269123701284744,-0.0011298519192609,5730
-0.0560007952536777,0.4652772165626899,1.3146190948799048,-0.000155711191123,5730
-0.0531335888802711,0.8050749124032683,1.27161304381396,-0.000267823597015,5730
-0.0512965661462934,0.4232516370676832,1.3174148943054105,0.0003490230714233,5730
-0.0484968516585819,0.7629661147953275,1.2745956633950264,-0.0007505864947963,5730
-0.0463100743518685,0.3809728295342118,1.31828920979136,-0.0012540045644401,5730
-0.0437923292205896,0.7209565875069104,1.2770756425060852,-7.75706245820934e-05,5730
-0.0392609366373194,0.6788721870051339,1.2797513290395963,-0.0003148670318128,5730
-0.0379249413029677,1.0181987629889595,1.2434194190986465,5.672547613814333e-05,5730
-0.0348083783360717,0.6367292957702326,1.2830906605425003,-0.0004054014868512,5730
-0.0332495367670034,0.9761298949535212,1.245769936472055,-0.0003522488855416,5730
-0.0304628750814807,0.5945591307545676,1.286728150115826,4.209272952579446e-05,5730
-0.0285249204190875,0.9340864246327598,1.248337510946162,-7.935663043669161e-06,5730
-0.0260222189878833,0.5525284693728387,1.2901133148803683,-0.0003432781055323,5730
-0.0238150426283657,0.8920591841657121,1.250800585537737,-0.0004267240974507,5730
-0.0216285890275881,0.51038426646815,1.2941777255330242,0.000724179732254,5730
-0.0191350638023226,0.8500275562418469,1.2529410207861231,0.0001084239170861,5730
-0.0168615039078075,0.4682470552444456,1.2960171295305938,0.0013016909255842,5730
-0.014513552822246,0.8079796524036571,1.2554303633153392,-0.0001102886369777,5730
-0.0121572748004232,0.4262214757494389,1.2988129289560997,0.0013199306049222,5730
-0.0098265943954254,0.7659815791488598,1.2577351762805669,0.0002294105803476,5730
-0.0051220719574332,0.7239720518604428,1.2602151553916257,2.673271468828231e-06,5730
-0.000572398560901,0.6819268715555404,1.2632872885895623,-0.0002327299473369,5730
0.0038801597403466,0.6397839803206392,1.2666266200924663,0.0004393985302272,5730
0.0054553885002142,0.9792445056309856,1.2287826713715426,0.0001691492953685,5730
0.008405755429536,0.5976642059520398,1.2705684109763131,-0.0004240252260436,5730
0.0101800048481301,0.9372010353102244,1.23135024584565,-4.0733871135588406e-05,5730
0.0128464115231334,0.555633544570311,1.273953575740855,3.369487649378805e-05,5730
0.014920311015904,0.8952395029482949,1.2337327031195526,0.0001785269723445,5730
0.0175082224184443,0.5134881446967272,1.2757570993953504,0.0007913842863762,5730
0.019600289841947,0.8532078750244296,1.2358731383679382,-2.574855209778321e-05,5730
0.0222753075382249,0.4713509334730228,1.2775965033929195,-7.596821909454377e-05,5730
0.0242593239783331,0.8111179369706472,1.238443367089602,1.210506829967678e-05,5730
0.0289462824051537,0.7691198637158498,1.2407481800548297,-0.0003671879963738,5730
0.033535606874574,0.7270795492389879,1.2436625524913454,-0.0003543922730315,5730
0.0380852802711062,0.6850343689340856,1.2467346856892825,-0.0002135258189896,5730
0.0428097973085788,0.6429849768659592,1.2490166472410509,0.0002711803257874,5730
0.0473353929977682,0.6008652024973599,1.2529584381248977,0.0012655965065504,5730
0.0489076265105711,0.9403438603878556,1.2141610039262178,8.38731784187502e-05,5730
0.0519640160558418,0.558733268990854,1.2559518907970857,0.0009255393853796,5730
0.053647932678345,0.8983823280259262,1.2165434612001205,-0.0004146814684526,5730
0.0566258269511527,0.5165878691172702,1.2577554144515808,0.000410619520126,5730
0.0583859893683137,0.8563544453909384,1.2192029079007327,3.64161180660752e-05,5730
0.0630450235046998,0.814264507337156,1.2217731366223965,-0.0002876558060841,5730
0.0676989593896099,0.7722313029188035,1.224354168437074,-4.966004982712158e-05,5730
0.0722882838590303,0.7301909884419415,1.22726854087359,1.2113352910167465e-05,5730
0.0769588564209329,0.6881778531513085,1.2296546041654062,0.0002851558831818,5730
0.0816833734584055,0.6461284610831823,1.2319365657171746,-6.26724211361604e-05,5730
0.0864165302103521,0.604145490338419,1.2343705232609157,0.0001377170931546,5730
0.0910451532684257,0.5620135568319131,1.237363975933104,0.0006517397074695,5730
0.0924068667630502,0.901486469894894,1.1995242821415848,0.0001886317197734,5730
0.0971449234530189,0.8594585872599061,1.202183728842197,0.0001105076219691,5730
0.1018113602006202,0.8173957918704511,1.205086052063454,1.197281711622783e-05,5730
0.1064652960855303,0.7753625874520986,1.2076670838781318,-0.000132727799134,5730
0.1112437774820923,0.7333478897806285,1.209868909058765,0.0003542035056598,5730
0.115914350043995,0.6913347544899956,1.2122549723505818,0.00010910114797,5730
0.1205765479295074,0.6493248211821816,1.2147646969305517,0.000276372347612,5730
0.125309704681454,0.6073418504374184,1.2171986544742923,-6.245542864830034e-05,5730
0.1358884566509597,0.8626525903212449,1.1851108463266886,-7.767658543322148e-05,5730
0.1405548933985609,0.8205897949317897,1.1880131695479457,3.0762004364685847e-05,5730
0.1453007936992654,0.778579453518635,1.1904716166360825,0.0001825780054921,5730
0.1500792750958274,0.7365647558471649,1.192673441816716,-0.0001667214968039,5730
0.1548120871253686,0.69454536735782,1.194796499082818,0.000161577271761,5730
0.159474285010881,0.652535434050006,1.1973062236627876,0.0001523861319574,5730
0.1794284932637501,0.8237945811646368,1.1704111100303072,0.0004480681911751,5730
0.1841743935644546,0.7817842397514819,1.1728695571184438,0.0001627840812366,5730
0.1889435553802144,0.7397613726985854,1.1752870856992166,0.0005187115877666,5730
0.1936763674097555,0.6977419842092405,1.1774101429653183,2.22387357667192e-06,5730
0.2230392234664384,0.7850371741171592,1.15512634724436,0.0001782472422248,5730
0.2278083852821981,0.7430143070642627,1.1575438758251326,0.0001522465578387,5730
-0.572227973998118,0.7344982333834734,1.384436532498098,7.294359825382041e-05,5910
-0.5700527739028247,0.7759968493691165,1.376065003845901,-0.0001394662591667,5910
-0.53264368743273,0.6894364845800749,1.386394986469767,-4.4993406164990646e-05,5910
-0.5304837222083085,0.7310413293123744,1.378004711330961,6.636893646939229e-05,5910
-0.5283085221130153,0.7725399452980175,1.369633182678764,-0.0002256133825246,5910
-0.5261340888762989,0.814001343505076,1.362266814640535,-0.0004666596548219,5910
-0.4931799567151456,0.6441543306936541,1.3876788210840731,0.0002037320513223,5910
-0.4909809753944987,0.6858322385631905,1.3793972823132277,-4.5169586149571006e-05,5910
-0.4888210101700772,0.7274370832954901,1.3710070071744216,0.0001494716502702,5910
-0.4867196692907677,0.7689679956571827,1.3631932536565627,-0.0005101627724863,5910
-0.4845452360540514,0.8104293938642411,1.355826885618334,-6.588873922006716e-05,5910
-0.4820984084327774,0.8517088012359024,1.3502628143705668,-0.0010913729397042,5910
-0.4538232770629433,0.5987753357265488,1.3887486642188134,-4.7767631782380526e-05,5910
-0.4515179659008963,0.6405917951072119,1.3809710407448874,6.896177286975363e-05,5910
-0.4493189845802494,0.6822697029767484,1.372689501974042,-9.267753494656555e-05,5910
-0.4472126323684721,0.7238966338385272,1.3643223313736237,-8.932217456484454e-05,5910
-0.4451112914891627,0.7654275462002198,1.3565085778557648,-0.0002559666075886,5910
-0.4428511600803599,0.8068439337516431,1.3492568816201491,-0.0002698980313046,5910
-0.4404043324590859,0.8481233411233045,1.3436928103723824,-0.0006597473641804,5910
-0.4382492718586092,0.8898000358237488,1.3345531771884789,0.0018410210057226,5910
-0.4120912080030279,0.5953044678872312,1.382579546472762,8.794757316819835e-06,5910
-0.409785896840981,0.6371209272678943,1.374801922998836,0.0001887767444843,5910
-0.4078017535696446,0.6787027305598401,1.3660146451966526,-0.0002791088364329,5910
-0.4056954013578672,0.720329661421619,1.3576474745962344,7.035186655064002e-05,5910
-0.4033562723277918,0.7618182869947356,1.3505342992234564,-0.0007036156145451,5910
-0.401096140918989,0.803234674546159,1.3432826029878409,7.239555241764228e-05,5910
-0.3989071602804295,0.8449210647866737,1.3343499241513626,0.0003467096588912,5910
-0.3967520996799528,0.8865977594871179,1.325210290967459,0.0001157069222985,5910
-0.3946737841977937,0.9280896503205298,1.3177833435539346,-0.0008279332334112,5910
-0.3682618860474839,0.6336603190344264,1.367740396568882,0.0002402656395668,5910
-0.3662777427761475,0.6752421223263723,1.3589531187666988,-0.0002635555303383,5910
-0.3639293784471256,0.7166626123388953,1.351386973492523,-5.0694156060973605e-05,5910
-0.3615902494170502,0.7581512379120119,1.3442737981197452,-0.0001599244792449,5910
-0.3593098014751444,0.7996700524325395,1.3366921313537024,0.0001265523879321,5910
-0.357120820836585,0.8413564426730542,1.3277594525172245,0.0002850259460293,5910
-0.3551248453519608,0.8828519398183248,1.3201610119424676,-0.0010085816819965,5910
-0.3530465298698017,0.9243438306517364,1.3127340645289431,0.0001553775859617,5910
-0.3507492762790927,0.9661065551258556,1.302017591019217,0.0013499087410502,5910
-0.3245703752393723,0.67192294922053,1.3517098000908292,0.0002613685233406,5910
-0.3222220109103504,0.7133434392330529,1.3441436548166534,-0.0005459971318525,5910
-0.3199418621792,0.7545746011691042,1.3380218677858355,-0.0007665864963574,5910
-0.3176614142372944,0.7960934156896319,1.3304402010197929,-6.728415848698127e-05,5910
-0.3155120065010354,0.8375905669686203,1.3228322574616462,-0.0009764006242366,5910
-0.3135160310164112,0.8790860641138909,1.3152338168868896,0.0001307746828893,5910
-0.3112358505503111,0.920937450898528,1.304403661213804,0.001606220769087,5910
-0.3089385969596021,0.9627001753726472,1.293687187704078,-3.3612390063719744e-05,5910
-0.3067242387075232,1.004164380484264,1.2854033313667306,-0.0002404535126363,5910
-0.2827781629581366,0.668441844571469,1.3449990465545243,0.0001217618668574,5910
-0.2805087775031482,0.7100553796436411,1.3366740186108257,0.0001043986892762,5910
-0.2782286287719978,0.7512865415796924,1.3305522315800076,-0.0004667948709656,5910
-0.2762687741127174,0.7919455455810046,1.3283253917829505,-0.0024975266169392,5910
-0.2741193663764584,0.8334426968599931,1.320717448224804,0.0011139555717213,5910
-0.2717578132971396,0.8750889402820533,1.312042575174198,-0.0017022095725044,5910
-0.2694776328310395,0.9169403270666904,1.301212419501112,0.0022760532729846,5910
-0.267288678337203,0.95911219572262,1.2869703390636218,-2.5890607931004783e-05,5910
-0.2650743200851241,1.0005764008342366,1.2786864827262745,-0.0001722694521586,5910
-0.2628396439676591,1.042012088369084,1.2702733699333677,3.548952926125948e-05,5910
-0.2432088025393866,0.6233473789497284,1.3473323314922636,-4.342677321421407e-05,5910
-0.2409585481232924,0.6648459183666751,1.3386545453868135,-3.023132420176128e-05,5910
-0.2386891626683039,0.7064594534388472,1.3303295174431145,8.00753626244155e-05,5910
-0.2364690599822274,0.748137179438215,1.3217379164422511,0.0001137898375211,5910
-0.234509205322947,0.7887961834395272,1.319511076645194,-9.47994027140492e-05,5910
-0.2322854436590349,0.8292208737460051,1.3186920436083838,-0.0004542310464108,5910
-0.2299238905797161,0.8708671171680653,1.3100171705577777,0.0007049811185646,5910
-0.227793465053862,0.913390851217551,1.2942438231932027,0.0048103592119015,5910
-0.2256045105600256,0.9555627198734806,1.2800017427557122,-6.222028223218379e-05,5910
-0.2234297333427015,0.99702195788378,1.27133079666768,0.0001151000074476,5910
-0.2211950572252365,1.0384576454186274,1.262917683874773,-0.0001886033443326,5910
-0.2190043413556725,1.0799385567721402,1.2543800085569727,0.0001735978195572,5910
-0.2061471312953923,0.5364209886521476,1.3589849482250511,0.0011514101596768,5910
-0.2036922313021655,0.5782105741439196,1.349503577547181,0.0001046624242091,5910
-0.2013874761260869,0.6198732122904138,1.340705480462304,0.0004046926751346,5910
-0.1991372217099928,0.6613717517073607,1.332027694356854,-7.694973038167158e-05,5910
-0.1969493067794681,0.7029158716234478,1.3236543270526198,0.0002159191909865,5910
-0.1947292040933915,0.7445935976228155,1.3150627260517564,9.474139900651074e-05,5910
-0.1925478108816829,0.7860918361952238,1.3067548536106428,-0.0002082141667564,5910
-0.1903240492177708,0.8265165265017018,1.3059358205738327,-0.0001951245619994,5910
-0.1881606413687279,0.8656034729781359,1.3150993504024244,-0.0035344363808967,5910
-0.1860302158428739,0.9081272070276216,1.2993260030378495,0.0136464677759914,5910
-0.1838951524914104,0.952059592458994,1.272696241636511,0.000247801373465,5910
-0.1817203752740863,0.9935188304692932,1.2640252955484788,-0.0001623197008169,5910
-0.179561091770984,1.0349566556293883,1.2557187527724447,5.530571116151017e-06,5910
-0.1773703759014199,1.0764375669829012,1.2471810774546448,-0.0001288568776072,5910
-0.1752393584654095,1.1179059786052992,1.238362929333236,5.0429501953642986e-05,5910
-0.1618942623936594,0.5745637978912814,1.3430793349036092,-3.601907894631995e-05,5910
-0.1595895072175808,0.6162264360377757,1.334281237818732,0.0002035584491292,5910
-0.1573695582253907,0.6578152523401448,1.325430407600286,-0.0002278037025775,5910
-0.155181643294866,0.699359372256232,1.3170570402960515,0.0001407408664131,5910
-0.1529612450118216,0.7409287404056117,1.3088819773147202,-0.0002454643272075,5910
-0.150779851800113,0.78242697897802,1.3005741048736068,9.388887241423838e-05,5910
-0.1485678651403743,0.8239774307082839,1.2916955511958126,0.0001516762339342,5910
-0.1464044572913314,0.863064377184718,1.3008590810244045,0.0059178938384382,5910
-0.1442322262640826,0.9045109593351522,1.2924140724466104,0.0196221941543945,5910
-0.1420971629126191,0.9484433447665244,1.265784311045272,0.0002512814012181,5910
-0.1399340633816594,0.9899106043207052,1.257196162151312,-0.0001462836366931,5910
-0.137774779878557,1.0313484294808002,1.2488896193752783,0.0001920224897481,5910
-0.1356344879327429,1.0728149463702803,1.2407200818020958,-0.0002049450547301,5910
-0.1335034704967324,1.1142833579926783,1.2319019336806871,0.0002613649784478,5910
-0.1178137828630812,0.6126142841687319,1.3277585470345814,0.0004673300499149,5910
-0.1155938338708912,0.654203100471101,1.318907716816135,2.14655013924675e-05,5910
-0.113479388364525,0.6957158188188162,1.311098616338952,-0.000298373839741,5910
-0.1112589900814806,0.737285186968196,1.302923553357621,-6.559938082163763e-06,5910
-0.1089969108319308,0.7788541030380929,1.2935590523565246,0.0003560754135289,5910
-0.106784924172192,0.8204045547683567,1.2846804986787306,-1.777020539439622e-06,5910
-0.1046018419766055,0.8618951924366387,1.2762018137930469,2.876290148568633e-05,5910
-0.1024296109493567,0.9033417745870728,1.267756805215253,-5.535075767650749e-05,5910
-0.1002473179753188,0.9447741530373496,1.2591590966825934,0.0001045308594326,5910
-0.0980842184443591,0.9862414125915304,1.2505709477886335,2.187958819111629e-05,5910
-0.0959456426985486,1.0277230329150773,1.241965691754794,9.572781762974548e-05,5910
-0.0938053507527345,1.0691895498045576,1.2337961541816118,-1.8409059354365653e-05,5910
-0.0737339200521159,0.6507705112538031,1.31212563963441,0.0002533851269063,5910
-0.0716194745457497,0.6922832296015183,1.304316539157227,3.064162822336014e-06,5910
-0.069449999277533,0.7337789260033205,1.2958226171313685,0.0006761559908512,5910
-0.0671879200279832,0.7753478420732174,1.2864581161302724,2.2286171869542737e-05,5910
-0.0650038965500779,0.8168866871113412,1.2777567910637742,0.0001712178678155,5910
-0.0628208143544914,0.8583773247796233,1.269278106178091,-6.18082348185292e-05,5910
-0.06062605393331,0.8998366990910918,1.2606942181000615,0.0002031057033273,5910
-0.058443760959272,0.9412690775413683,1.252096509567402,-8.506768097971823e-05,5910
-0.0562975063682601,0.9826963818945263,1.2433958874156104,0.0001978590903551,5910
-0.0541589306224497,1.024178002218073,1.2347906313817711,1.8616950445624057e-06,5910
-0.0297923273586293,0.6887532015000344,1.2971682865450531,-0.000296575166393,5910
-0.0276228520904126,0.7302488979018366,1.2886743645191947,4.912685044535653e-05,5910
-0.0254358112288265,0.7717475540702661,1.280099382967522,-0.000227376308249,5910
-0.0232517877509212,0.8132863991083898,1.2713980579010238,0.0001244183999699,5910
-0.0210859691101757,0.8546877357568954,1.262924262975004,-0.0005384966843236,5910
-0.0188912086889942,0.8961471100683638,1.2543403748969748,0.0001841555230331,5910
-0.0167796684329673,0.937603037605918,1.245742397017545,-0.0006586997928621,5910
-0.0146334138419553,0.979030341959076,1.2370417748657534,0.0001058598955838,5910
0.0140935317136856,0.7266065887387454,1.2826384496974677,-0.000205072621703,5910
0.0162805725752717,0.7681052449071748,1.274063468145795,6.299508723255076e-05,5910
0.0184904886987957,0.8095782928640431,1.2649968804743583,4.259191910672283e-05,5910
0.0206563073395412,0.8509796295125487,1.2565230855483382,-2.6553786944480406e-05,5910
0.0227162734917491,0.892417829877063,1.248062161424515,-7.235426666974548e-05,5910
0.024827813747776,0.933873757414617,1.2394641835450857,-6.0866711854248856e-05,5910
0.0580642616919915,0.7645352163666614,1.2674096598285145,0.0002777068969346,5910
0.0602741778155155,0.8060082643235298,1.2583430721570776,-4.914633370302346e-05,5910
0.062402299586849,0.8474253304257682,1.2496235624674377,-9.254637607112454e-05,5910
0.0644622657390568,0.8888635307902826,1.2411626383436145,5.587527875175469e-05,5910
0.1020389734672316,0.8024373671342796,1.251636035250796,4.142995630213725e-05,5910
0.1041670952385651,0.843854433236518,1.242916525561156,3.364874365299059e-05,5910
-1.058782876803713,0.8241561661224095,1.2692890910621628,-7.00666751461132e-05,6030
-1.0578303944060434,0.865084913549062,1.2597002522822254,-0.0006125429351691,6030
-1.0174334958403883,0.7823417258591551,1.2808053062702591,-8.245320045170701e-05,6030
-1.016525736266723,0.8234148679294601,1.2699254807085043,1.3145776948865484e-05,6030
-1.0155732538690532,0.8643436153561126,1.260336641928567,-0.0007851496002168,6030
-1.014633100576576,0.9053083302991216,1.250757870931539,4.033247356070857e-05,6030
-0.976078184226583,0.7404283695500782,1.2916255973386348,-0.0001773058794199,6030
-0.975116241363,0.781591049231257,1.2814581178750188,-3.130825019975053e-05,6030
-0.9742084817893348,0.822664191301562,1.2705782923132638,3.231706385417588e-05,6030
-0.9731791651996672,0.8636592521621453,1.2602799754749885,-0.000145034517022,6030
-0.9722390119071896,0.9046239671051544,1.2507012044779602,-0.0001490187407663,6030
-0.9713732729879628,0.9456675504300818,1.2401508802845045,0.0001739979726311,6030
-0.934817989269795,0.6985198444432026,1.3029541552245263,-1.8105062731720023e-05,6030
-0.9337468345136712,0.7396007349838569,1.292437384970499,-0.0001468802058402,6030
-0.932784891650088,0.7807634146650356,1.2822699055068831,0.0001056936926995,6030
-0.9318449440895004,0.821877335108059,1.2709457199084513,0.0001322653342134,6030
-0.9308156274998328,0.8628723959686424,1.2606474030701762,-0.0005516020015816,6030
-0.9298095016077946,0.9038700223743502,1.2507808141999284,-4.8538700121253386e-05,6030
-0.928943762688568,0.9449136056992776,1.2402304900064722,-5.5352422059049e-05,6030
-0.9280471570304458,0.9859578232183984,1.2293223565033624,0.0001209428430277,6030
-0.8935301579226664,0.6567280099737429,1.3154110257060785,0.0001250593237388,6030
-0.8925623484359617,0.6978027971819374,1.3040373712815292,8.211819975047219e-05,6030
-0.891491193679838,0.7388836877225917,1.293520601027502,-0.0003416266844675,6030
-0.8904836586834057,0.7799894557916998,1.282909993235371,5.630138098887405e-05,6030
-0.889543711122818,0.8211033762347233,1.2715858076369393,3.680850829870103e-05,6030
-0.8885242470745018,0.8621017924963724,1.2611488580045902,-0.000267485555897,6030
-0.8875181211824638,0.9030994189020802,1.2512822691343424,-0.0001672343119347,6030
-0.8865786450021408,0.9441191870968216,1.2403164751526377,2.4729483355454e-05,6030
-0.8856820393440187,0.9851634046159428,1.2294083416495276,-9.498743981004726e-05,6030
-0.884789780767266,1.0262643273051115,1.2187686900721189,-3.06299953511946e-07,6030
-0.8521852355638372,0.6148529700736489,1.3275318687669495,4.108223573359715e-05,6030
-0.8511885940174277,0.6559519291601583,1.3165630567576465,-1.2613046115439452e-05,6030
-0.850220784530723,0.6970267163683528,1.3051894023330972,0.0002107754736262,6030
-0.8492203438771709,0.7381618271295067,1.294257921709582,-2.7993229313030832e-05,6030
-0.8482128088807388,0.7792675951986147,1.283647313917451,2.9434267769155864e-05,6030
-0.8472164561157061,0.8203125241805591,1.2724633200343858,6.274724699292106e-05,6030
-0.8461969920673899,0.8613109404422084,1.2620263704020367,-0.000346521726265,6030
-0.8451933977401173,0.9023365136751632,1.2516664893995175,4.965826310572574e-05,6030
-0.8442539215597943,0.9433562818699048,1.2407006954178126,-4.230651739772773e-05,6030
-0.8433310116686643,0.984423008622842,1.2298161270320866,6.12464534350543e-05,6030
-0.8424387530919116,1.025523931312011,1.219176475454678,-4.5361136381788514e-05,6030
-0.8415733997881778,1.066581546148181,1.2083669117232252,2.2557948290188867e-05,6030
-0.8109126167874949,0.5729602709277463,1.3393658196526588,-6.644883816288999e-05,6030
-0.8098711975305782,0.614083833966248,1.3286121937175586,1.56982756499488e-05,6030
-0.8088745559841688,0.6551827930527574,1.3176433817082551,4.788296223419419e-05,6030
-0.8078796912164765,0.6962228895103035,1.306371347596487,3.3987092827536536e-05,6030
-0.8068792505629243,0.7373580002714575,1.295439866972972,3.659766640614487e-05,6030
-0.8058756244066355,0.7785072698878261,1.284302140695487,0.0001290349639617,6030
-0.8048792716416029,0.8195521988697706,1.273118146812422,-8.098862593425293e-05,6030
-0.8039100096414491,0.8605263292727805,1.262715958482222,-0.000261721181079,6030
-0.8029064153141765,0.9015519025057356,1.252356077479703,-7.304841972549658e-05,6030
-0.8019153974693489,0.9426694699219084,1.241495482232219,3.636828858476216e-06,6030
-0.800992487578219,0.9837361966748456,1.2306109138464931,-4.0715068767190055e-05,6030
-0.8000991025594302,1.024740470905304,1.2194567982160534,-3.0068928680120063e-05,6030
-0.7992337492556963,1.065798085741474,1.2086472344846009,-5.828846846736568e-05,6030
-0.7983274883129696,1.10689334354992,1.1986873078654074,-0.0001967866260478,6030
-0.7685647827689712,0.5721674087412598,1.3405652620913957,-7.546447683463853e-06,6030
-0.7675233635120545,0.6132909717797616,1.3298116361562955,0.0001677867016624,6030
-0.7665180914915564,0.6543892489906011,1.3185426621659206,7.845463596686114e-05,6030
-0.7655232267238641,0.6954293454481474,1.3072706280541526,0.0001021729606532,6030
-0.7645583637064723,0.7365537530934476,1.2963727114215131,2.1515724361043095e-05,6030
-0.7635547375501835,0.7777030227098163,1.285234985144028,0.0001811178434309,6030
-0.7625655872993595,0.8187284780127062,1.2742905349683418,-0.0002277532702849,6030
-0.7615963252992057,0.8597026084157162,1.2638883466381416,-7.868220390849778e-05,6030
-0.7605747239213632,0.9007700907338052,1.2530163960469172,0.000127990432609,6030
-0.7595837060765355,0.9418876581499782,1.2421558007994336,2.9173368695456503e-05,6030
-0.7586464971470408,0.9829990772256648,1.2311572380867155,9.027251758082085e-05,6030
-0.757753112128252,1.0240033514561235,1.220003122456276,1.495087389585814e-07,6030
-0.7568286818641283,1.0650811697253324,1.209797915020068,-7.196191971625687e-05,6030
-0.7559224209214015,1.1061764275337782,1.1998379884008747,-4.39729175339687e-05,6030
-0.7551144839288091,1.147206744144775,1.1902634472091602,-0.0004096543614004,6030
-0.7251384365183673,0.6125138351460324,1.3307903555250056,0.0001624973844354,6030
-0.7241331644978692,0.653612112356872,1.3195213815346305,9.710738570600784e-05,6030
-0.7231076330779754,0.6946541493763728,1.308742408625316,-3.9625411329742566e-05,6030
-0.7221427700605837,0.735778557021673,1.297844491992676,0.000344894933442,6030
-0.7212394216894589,0.7768596494100801,1.2862682745669012,3.3377052189788314e-05,6030
-0.7202502714386348,0.81788510471297,1.2753238243912146,-0.0001052613505484,6030
-0.7191950225968036,0.8589101442140592,1.265020706342611,-8.055600602190072e-05,6030
-0.718173421218961,0.8999776265321483,1.254148755751387,0.0002283702939777,6030
-0.7172156233797915,0.94110958892626,1.2427024707336842,9.959739534168982e-05,6030
-0.7162784144502969,0.9822210080019468,1.2317039080209664,4.697950278836904e-05,6030
-0.7153038429488666,1.0233102662331226,1.2212245712353489,-4.507541947831872e-05,6030
-0.7143794126847429,1.0643880845023317,1.2110193637991409,-4.181715962649213e-06,6030
-0.7135267982711295,1.1054905841682698,1.2012120171585676,-0.0002332765322249,6030
-0.7127188612785371,1.1465209007792665,1.191637475966853,-0.0001277198366834,6030
-0.7117456488721292,1.1875625880827505,1.1806970806639687,0.0004664951044777,6030
-0.6816945469536895,0.6528334238838502,1.321031157774618,-2.307741747138714e-05,6030
-0.6806690155337958,0.6938754609033511,1.3102521848653028,0.0001539753308028,6030
-0.679713132334459,0.7349689514529533,1.2993300345110474,-8.934893426681967e-06,6030
-0.6788097839633342,0.7760500438413603,1.2877538170852727,0.0004851180886842,6030
-0.6778676980750932,0.8170773686239743,1.2763985529845336,-9.541435735592464e-05,6030
-0.6768124492332619,0.8581024081250634,1.2660954349359304,-0.0001050100239589,6030
-0.6758011915258298,0.8992061270684706,1.2552031956334475,0.0001411861405781,6030
-0.6748433936866605,0.940338089462582,1.243756910615745,0.0002263787695367,6030
-0.6738650212801833,0.9814442729885856,1.2331739943742814,-0.0001411823251889,6030
-0.6728904497787531,1.0225335312197616,1.222694657588664,0.0001657724765981,6030
-0.6719498463556968,1.0636394493952976,1.2124151013181763,-0.0002252664534728,6030
-0.6710972319420835,1.104741949061236,1.202607754677603,9.864692135885812e-05,6030
-0.6701478751014429,1.1458844019122665,1.1921858914179295,0.0001529356382566,6030
-0.6691746626950349,1.1869260892157505,1.1812454961150451,0.0001283695380829,6030
-0.6683385532946297,1.2279775085979243,1.170445831007154,-7.644851625153437e-05,6030
-0.6382950151341499,0.6930305186796123,1.3112021170632695,-4.251306883612527e-05,6030
-0.6373391319348132,0.7341240092292145,1.300279966709014,0.0001004662518267,6030
-0.6363781710651435,0.7752482287606629,1.2891569789900563,7.546496700015781e-05,6030
-0.6354360851769024,0.8162755535432769,1.2778017148893173,8.339525936267023e-05,6030
-0.6344184518182996,0.8573200100913831,1.267155310775233,-2.541840009081392e-05,6030
-0.6334071941108674,0.8984237290347903,1.2562630714727503,0.0002757326988137,6030
-0.6324212962545307,0.939535707816448,1.245378824401127,-5.349746756650592e-05,6030
-0.6314429238480537,0.9806418913424512,1.2347959081596636,0.000154692607888,6030
-0.6304645410908504,1.0217028153419696,1.2246284685941755,-0.0002355585102674,6030
-0.6295239376677941,1.0628087335175058,1.214348912323688,0.0003145743871706,6030
-0.628584577252115,1.1040172713060203,1.2034698083470203,7.911677805157169e-05,6030
-0.6276352204114746,1.1451597241570508,1.193047945087347,2.953395899129435e-05,6030
-0.6267301652826682,1.1862859172042366,1.182617446877588,-4.034596179716687e-06,6030
-0.625894055882263,1.2273373365864106,1.1718177817696964,0.0001647217695617,6030
-0.5949354301226577,0.7333017685360966,1.3014935816082858,-1.901311761075275e-05,6030
-0.593974469252988,0.774425988067545,1.290370593889328,0.0003923181577555,6030
-0.5929841574555024,0.8154687876763316,1.279477550073031,-0.0001550339313387,6030
-0.5919665240968994,0.8565132442244379,1.2688311459589467,0.0002527270335394,6030
-0.5909540953642098,0.8976336500121058,1.2576224138611538,0.0001145565431521,6030
-0.5899681975078732,0.9387456287937634,1.2467381667895303,0.0001461620794925,6030
-0.5889638700126245,0.9798685626840986,1.2363862707609918,-1.0221119707151671e-05,6030
-0.5879854872554212,1.020929486683617,1.2262188311955038,2.396890114257644e-05,6030
-0.5870438350597036,1.0621046691029958,1.215477421480166,0.000270201965294,6030
-0.5861044746440245,1.1033132068915106,1.2045983175034984,0.0001268799071843,6030
-0.5852426989179654,1.1444456809702208,1.1937656912319166,4.058662341124841e-05,6030
-0.5843376437891592,1.1855718740174066,1.1833351930221574,-9.406515166508062e-05,6030
-0.5514191444270666,0.7735092303717908,1.2931415889014843,-0.0003003980969884,6030
-0.550428832629581,0.8145520299805773,1.2822485450851877,0.0008569880681971,6030
-0.5495017337653124,0.8557148054863731,1.2703466950755808,5.41889431567022e-05,6030
-0.5484893050326229,0.8968352112740411,1.2591379629777877,0.0003696105969637,6030
-0.5475493337214754,0.9380225810564552,1.2480351238452283,6.396152686181933e-06,6030
-0.5465450062262267,0.9791455149467904,1.2376832278166896,-0.0001131119704534,6030
-0.5455348811555238,1.0202928972368277,1.2269738310730869,0.0001622530410528,6030
-0.5445932289598062,1.0614680796562066,1.216232421357749,3.248319587623172e-05,6030
-0.5436594869281941,1.1025714361113714,1.2053045370321676,0.0001173580825249,6030
-0.5427977112021349,1.143703910190082,1.1944719107605857,0.0001364386502168,6030
-0.5079666434248451,0.8136564984308512,1.2844164105068512,-7.24540423743883e-05,6030
-0.5070395445605765,0.8548192739366471,1.2725145604972443,0.0006681430747434,6030
-0.5060721086197429,0.8960932287100123,1.260750465788718,9.00196166368078e-05,6030
-0.5051321373085954,0.9372805984924264,1.249647626656159,0.0002978434746306,6030
-0.50408597649778,0.9783500071906548,1.2398732153208871,-0.0002864858112584,6030
-0.5030758514270772,1.019497389480692,1.2291638185772842,0.0008698753165226,6030
-0.5021860239693575,1.0607468611711948,1.2170147122337331,8.468832282006178e-05,6030
-0.5012522819377454,1.1018502176263596,1.2060868279081516,7.607372701089882e-05,6030
-0.4646132677311868,0.8541239979906362,1.274095909781823,0.0004676375963588,6030
-0.4636458317903532,0.8953979527640015,1.2623318150732965,0.0003039291851237,6030
-0.4626565996272472,0.9364414008585328,1.252003104340285,-0.0002516354411987,6030
-0.4616104388164318,0.9775108095567612,1.2422286930050137,3.466531971643011e-05,6030
-0.4606296475789034,1.0187446615971536,1.23046736713876,0.0005206894860614,6030
-0.4597398201211837,1.059994133287656,1.218318260795209,0.0003383472208949,6030
-0.4210660412331212,0.8945106610885825,1.265370221098284,-0.0003467428561414,6030
-0.4200768090700152,0.935554109183114,1.2550415103652726,0.0008049875223115,6030
-0.4192228353744472,0.9768805455977638,1.2422920172204184,0.0005795450171361,6030
-0.4182420441369189,1.018114397638156,1.230530691354165,8.120230595978772e-05,6030
-0.3776216423910427,0.934974388849927,1.2552300206372418,0.0009866912800913,6030
-0.3767676686954747,0.9763008252645768,1.2424805274923878,0.0001070378805434,6030
-0.9774932026770112,0.6225926794474164,1.273107189389097,-0.0001002379727981,6270
-0.9762036863370273,0.6650246510400375,1.270713064616605,-7.032645923633896e-05,6270
-0.9366628469342472,0.5789061731065094,1.2745451321051555,-0.0002700392491644,6270
-0.9353702566411276,0.621245967758027,1.2719534320558532,-0.0001757662206161,6270
-0.9340807403011436,0.6636779393506481,1.269559307283361,-0.0001415957902117,6270
-0.9328070107701876,0.70606796561554,1.2671569232960491,-0.0002552925436344,6270
-0.8958035206754129,0.5352338907570056,1.2761211553480507,-7.577580869144035e-05,6270
-0.894490039812419,0.5776045533652752,1.2737390713403527,-7.572524777798434e-05,6270
-0.8931974495192996,0.6199443480167928,1.2711473712910504,-8.120403167064666e-05,6270
-0.8918889025393262,0.6623754853075492,1.268621292341218,6.530910676811469e-05,6270
-0.89061517300837,0.7047655115724412,1.266218908353906,-0.0001002865869383,6270
-0.8893762699541701,0.7470815082214748,1.2635599421213928,-5.659214999061829e-05,6270
-0.8548681917502465,0.491505396798061,1.2774228351512813,-9.79974232550168e-05,6270
-0.8535898837283046,0.5338698422594224,1.2748718083483412,-0.0001011267119367,6270
-0.8522764028653107,0.576240504867692,1.2724897243406432,-0.0001429756850157,6270
-0.8509566416586303,0.6186594684949399,1.270147685059465,-3.094869182241472e-05,6270
-0.8496480946786569,0.6610906057856962,1.2676216061096326,-0.0001032336889487,6270
-0.8484349396023528,0.703471831734928,1.2650602690763504,-0.0002332218014397,6270
-0.8471960365481528,0.7457878283839616,1.2624013028438372,-0.0002292124392824,6270
-0.8458495650364264,0.7880618854199619,1.2598952795859375,-0.0001534434634177,6270
-0.8138678122206303,0.4478812289169185,1.278415144551102,-0.0001496596096208,6270
-0.8126833226111212,0.4901865187547167,1.2761939287197297,-9.764152642842416e-05,6270
-0.8114050145891794,0.5325509642160781,1.2736429019167896,-0.0001800692435333,6270
-0.8101032471016516,0.5749744103365917,1.2711660625071968,8.387167892566494e-06,6270
-0.8087834858949711,0.6173933739638395,1.2688240232260184,-0.0002169495194137,6270
-0.8075065934235147,0.6598076482530194,1.2665003744896624,-6.232354677609964e-05,6270
-0.8062934383472107,0.7021888742022511,1.26393903745638,-0.0001669949025055,6270
-0.804967768903484,0.7444978920723029,1.261113996209431,3.507234188220021e-05,6270
-0.8036212973917576,0.7867719491083032,1.2586079729515318,-0.0002602436685909,6270
-0.8022873627677855,0.8290421278875866,1.2565030813188247,-3.70473506779781e-05,6270
-0.772884878753386,0.4042144032845322,1.2795562253245634,-5.264514788785868e-05,6270
-0.7715989802753533,0.4465758734154333,1.2771461001300015,-0.0002125552836129,6270
-0.7704144906658442,0.4888811632532315,1.2749248842986292,-4.426131692256141e-06,6270
-0.7692073006023984,0.5312501763966584,1.272708166680657,-9.27845795083565e-05,6270
-0.7679055331148708,0.573673622517172,1.270231327271064,-4.206740972132611e-05,6270
-0.7665997578970266,0.6160876513725746,1.2678075716400103,-0.0001055817663314,6270
-0.7653228654255703,0.6585019256617545,1.2654839229036543,-7.535562263363826e-06,6270
-0.7639995068509056,0.7008407651560236,1.2629658391449528,-0.0001192755591397,6270
-0.762673837407179,0.7431497830260754,1.260140797898004,-3.598457913529807e-05,6270
-0.7613874561883701,0.7855432440039438,1.2573503149341514,-6.502720075841906e-05,6270
-0.760053521564398,0.8278134227832272,1.2552454233014445,-0.000312953596414,6270
-0.7587177726208643,0.8701048674696943,1.2531212916297791,-3.100459496413466e-05,6270
-0.731881672557596,0.3604574566250385,1.2814583688645054,4.763642710906013e-05,6270
-0.7306641557304239,0.4028050934766712,1.278809074921157,-0.0001230528241638,6270
-0.7293782572523912,0.4451665636075724,1.276398949726595,-4.195498691934863e-05,6270
-0.7281470446876566,0.4874418202237922,1.2737185018981627,-0.0002907384195382,6270
-0.7269398546242107,0.5298108333672191,1.2715017842801903,0.0001072162446866,6270
-0.7256494728939651,0.5722573535585943,1.2694992341791624,-8.7708781662095e-05,6270
-0.724343697676121,0.6146713824139969,1.2670754785481089,5.678168147244672e-05,6270
-0.7229548884498302,0.6571150210441057,1.2660616439573382,-7.528207311147117e-06,6270
-0.7216315298751657,0.6994538605383749,1.263543560198637,0.0001544287072203,6270
-0.7204662026859012,0.7418797948794653,1.2586730539840674,9.15261274846424e-05,6270
-0.7191798214670924,0.7842732558573335,1.2558825710202146,-0.0002413496554331,6270
-0.7178901475329155,0.8265988699739997,1.2536422796425817,-7.876221156800228e-05,6270
-0.7165543985893819,0.8688903146604668,1.2515181479709163,-0.0003559439768052,6270
-0.7151214195686901,0.9112034098294371,1.2501236463701972,1.4426240098064367e-05,6270
-0.6895853174188662,0.3590590095274745,1.2806276245518708,-0.0001671097350986,6270
-0.6883678005916941,0.4014066463791073,1.2779783306085224,3.076776899624961e-05,6270
-0.6870888659406025,0.443810382624848,1.2758233500891898,-5.781631493133321e-05,6270
-0.6858576533758678,0.4860856392410678,1.2731429022607574,-5.7722964170649205e-05,6270
-0.6846933438539047,0.5284076336858958,1.2704514616039404,-8.988130956760071e-05,6270
-0.6834029621236589,0.570854153877271,1.2684489115029125,-8.860317831738823e-05,6270
-0.6819735541424101,0.6132749921454947,1.2666676605765674,5.6828158535603135e-05,6270
-0.6805847449161195,0.6557186307756036,1.265653825985797,-6.7897502862845904e-06,6270
-0.6792043511248009,0.6979518864028571,1.2643850083594377,-0.0002187064155481,6270
-0.6780390239355365,0.7403778207439474,1.2595145021448677,0.0009366424952278,6270
-0.6769644936264205,0.7829666830523223,1.2546356821758704,-0.0001280565764816,6270
-0.6756748196922436,0.8252922971689884,1.2523953907982377,-9.490164302479454e-05,6270
-0.6743406555864763,0.8676477894759684,1.2500432210127976,-1.063944735319594e-05,6270
-0.6729076765657845,0.909960884644939,1.2486487194120786,-0.0003069816502698,6270
-0.6716090168948079,0.9522449779588024,1.246456489754079,-0.000136935699581,6270
-0.6460939068516023,0.399972404193165,1.2772238981104136,-0.000212254128259,6270
-0.6448149722005108,0.4423761404389057,1.275068917591081,4.1269159855229776e-05,6270
-0.6435435954752751,0.4847358152957524,1.272548864627893,-0.0002439418836077,6270
-0.6423792859533117,0.5270578097405804,1.269857423971076,0.0001417187855953,6270
-0.6411112694505865,0.5694670920299063,1.2675755910894444,-1.7339825881444726e-05,6270
-0.6396818614693378,0.61188793029813,1.2657943401630996,-8.315942474904775e-05,6270
-0.6382688657162343,0.6543234810732856,1.2640993926701656,-2.888723179916841e-05,6270
-0.6368884719249156,0.6965567367005392,1.2628305750438058,-0.0003388995168721,6270
-0.6356976920098324,0.7389240152419096,1.25973396223722,0.0001506004346204,6270
-0.6346231617007165,0.7815128775502846,1.2548551422682226,0.0002443907475737,6270
-0.6334336525812185,0.82399413934842,1.2509833839517526,-7.231378897097629e-06,6270
-0.6320994884754512,0.8663496316554,1.2486312141663127,-0.0002364296954296,6270
-0.6306843212255495,0.9086920178076164,1.246786459394716,2.915576613235493e-05,6270
-0.6293856615545729,0.95097611112148,1.2445942297367163,-0.0001525065137226,6270
-0.6281160794135464,0.9932582730849948,1.2426323831970243,-3.889914336979022e-05,6270
-0.6025261464114378,0.4408953880751743,1.2740083795334516,-6.647320470679757e-05,6270
-0.6012547696862021,0.483255062932021,1.2714883265702634,6.78990427594589e-05,6270
-0.6000366015055127,0.525628523084948,1.268920538068579,-0.000119301747661,6270
-0.5987685850027875,0.568037805374274,1.2666387051869474,4.0645054906349176e-05,6270
-0.5974085883247007,0.6104993083497201,1.264572416656212,6.122015598547526e-05,6270
-0.5959955925715972,0.6529348591248757,1.262877469163278,-7.631658939661473e-05,6270
-0.5947825647240846,0.6953167078694152,1.260235113743661,-0.0001707869414429,6270
-0.5935917848090014,0.7376839864107858,1.2571385009370752,-5.779722368325774e-05,6270
-0.5922013292437822,0.7800033554421433,1.2557455119695216,-0.0001402174508497,6270
-0.5910118201242842,0.8224846172402787,1.251873753653051,0.0007440497976371,6270
-0.5897757745171588,0.8649943679019161,1.247675888334155,-1.1225534593373164e-05,6270
-0.5883606072672571,0.9073367540541324,1.2458311335625585,-3.093070916201923e-05,6270
-0.5870637268028713,0.9496569850946166,1.2438101469790184,-0.0001991019300088,6270
-0.5857941446618449,0.9919391470581316,1.241848300439326,-5.162911941911097e-05,6270
-0.5845002707697822,1.0343259270121627,1.240359004076967,-5.5901041728707856e-05,6270
-0.5588901840748376,0.4817705059551375,1.270704378870044,-0.0001695355455623,6270
-0.5576720158941482,0.5241439661080645,1.2681365903683597,0.0002620520334717,6270
-0.556385457671073,0.5666459800506305,1.265482804968158,0.0001146857529862,6270
-0.5550254609929861,0.6091074830260768,1.2634165164374225,7.33204194981879e-05,6270
-0.5537263624003737,0.6515811639733483,1.2611897281074207,6.08108286019593e-05,6270
-0.5525133345528612,0.6939630127178879,1.2585473726878038,7.576719639452306e-05,6270
-0.5512330977812165,0.7362515742348184,1.256613325139022,-3.5690970480804773e-05,6270
-0.5498426422159974,0.7785709432661758,1.2552203361714684,-5.20309206946401e-05,6270
-0.548642378122522,0.8211063965095735,1.2517065950927222,0.0002838195105836,6270
-0.5474063325153966,0.8636161471712109,1.2475087297738257,-0.0001077905442312,6270
-0.5460333222077856,0.905981071470288,1.2452534464924083,-2.2300677877742925e-06,6270
-0.5447364417433997,0.9483013025107724,1.2432324599088682,-8.267762028555531e-05,6270
-0.5435020545170275,0.9906410167319988,1.2415037862897638,-8.78306998824338e-05,6270
-0.5422081806249648,1.0330277966860302,1.2400144899274048,-0.0001061384178492,6270
-0.5151686440664659,0.522853003502197,1.26738953100771,0.0003429676151563,6270
-0.5138820858433907,0.5653550174447631,1.264735745607508,7.626462945970608e-05,6270
-0.5126106097715786,0.6077854492270496,1.262610779594354,0.0001694483125693,6270
-0.5113115111789661,0.6502591301743211,1.2603839912643524,0.0001074919144122,6270
-0.5101097787964889,0.6925675005862848,1.2579566471164123,-0.0001802807961936,6270
-0.5088295420248443,0.7348560621032154,1.2560225995676308,-5.252046662255344e-05,6270
-0.5075521321668234,0.7772843793431181,1.2540211109979662,1.3658466474421316e-05,6270
-0.506351868073348,0.8198198325865158,1.25050736991922,0.0003326392398021,6270
-0.5050227343808837,0.8622490825297916,1.2472818812661923,2.948186208096698e-05,6270
-0.5036497240732727,0.9046140068288688,1.2450265979847752,8.228739211102454e-05,6270
-0.5023303277123374,0.9470019276333088,1.2433205557042029,-5.273241809816698e-05,6270
-0.5010959404859653,0.9893416418545352,1.2415918820850984,0.0001301295078468,6270
-0.4713594291682196,0.5641113496672057,1.2642836123017291,0.0001787257263433,6270
-0.4700879530964075,0.6065417814494921,1.262158646288575,0.0001217131141146,6270
-0.4689147662638226,0.6488218036418624,1.2598027060854236,-0.0001480212844468,6270
-0.4677130338813454,0.691130174053826,1.2573753619374837,0.0001277885891848,6270
-0.4664961553912026,0.7334967742839908,1.255210388603205,-7.118611141178344e-05,6270
-0.4652187455331816,0.7759250915238936,1.2532089000335405,0.0001261861568543,6270
-0.4639074530242941,0.8183958052867756,1.2504455468460571,0.000120673762149,6270
-0.4625783193318299,0.8608250552300514,1.24722005819303,7.04614320669733e-05,6270
-0.4612630701521322,0.9032357043030051,1.2452314261567827,-4.26984493959448e-05,6270
-0.4599436737911969,0.9456236251074452,1.2435253838762104,1.2130912610111566e-05,6270
-0.4251885086861393,0.6896695896510754,1.257257775798292,-6.354059459516559e-05,6270
-0.4239716301959965,0.7320361898812401,1.2550928024640136,0.0003946760610386,6270
-0.4227702655901281,0.7742511092168028,1.2537737360164585,-0.0003250924368195,6270
-0.4214589730812406,0.8167218229796849,1.2510103828289751,0.000797872267007,6270
-0.4200958914476814,0.8593932422999679,1.2478626353212203,3.274290208774705e-05,6270
-0.4187806422679837,0.9018038913729218,1.245874003284973,0.0003271397211684,6270
-0.381494575497009,0.7305105732283181,1.255068081894131,-0.0002369759273899,6270
-0.3802932108911407,0.7727254925638809,1.253749015446576,-6.734855881238011e-05,6270
-0.3789617384685906,0.8151031974500316,1.2519622217143265,0.0002195801381393,6270
-0.3775986568350314,0.8577746167703146,1.2488144742065717,0.0003908168330764,6270
-0.3391168714548161,0.7293789041376468,1.2530761674835125,-0.0003372897983048,6270
-0.3376907918289099,0.7712995998876049,1.253932933264933,-6.255015627204541e-06,6270
-0.3363593194063597,0.8136773047737555,1.2521461395326834,0.0005472579848805,6270
-0.296827616528567,0.7283723896294554,1.2500859427674156,-8.116334740783382e-05,6270
-0.2954015369026608,0.7702930853794134,1.250942708548836,-0.000793071679672,6270
-1.1361382966537192,0.4003717681445335,1.272354182326588,-0.0002053986276197,6330
-1.1352969510809008,0.442711248377892,1.2738388642591438,-7.242872365441355e-06,6330
-1.094446661992841,0.357224455310449,1.2704057306921128,0.0002677765994849,6330
-1.093806133486236,0.3996204512685148,1.2722908549555765,-6.657160024047676e-05,6330
-1.0929647879134177,0.4419599315018732,1.2737755368881325,-0.0001162821303625,6330
-1.0921488810775477,0.4843880724701362,1.274893518398251,5.143528923196028e-06,6330
-1.0527493828110548,0.3140497680477382,1.269333976300529,-0.0001822263486349,6330
-1.0520448602721943,0.3563887266119245,1.2706248417006982,-0.0001899230925088,6330
-1.0514043317655897,0.3987847225699904,1.272509965964162,-6.02222323148327e-07,6330
-1.0506832733431848,0.4412291585947235,1.2737543622045449,-4.967145677989976e-05,6330
-1.0498673665073148,0.4836572995629866,1.2748723437146632,-0.0001598016971314,6330
-1.0489683291591465,0.526082890513903,1.2758449367267133,6.046722983909375e-05,6330
-1.011317428621549,0.2709143647273792,1.268913272901574,-0.000190360888334,6330
-1.0105263142625824,0.3132944564146071,1.2699717117545275,-0.0002074016380478,6330
-1.009821791723722,0.3556334149787935,1.271262577154697,-0.0001209196398355,6330
-1.0090479272297488,0.3980070108782034,1.2725081822345143,-6.135964316544146e-05,6330
-1.008326868807344,0.4404514469029366,1.273752578474897,5.4285935550721365e-05,6330
-1.007533161008099,0.4828963463801735,1.2750787502120315,4.712884720096261e-05,6330
-1.0066341236599303,0.5253219373310899,1.2760513432240816,-0.0001313693948129,6330
-1.0057809490631535,0.5677217288894045,1.2772356613980107,-4.4072164607396325e-05,6330
-0.969945625500562,0.2277344356651258,1.2666914959677609,-9.62828938056992e-05,6330
-0.9690242698433902,0.2701009225854207,1.2689578081517028,-3.81630394959212e-05,6330
-0.9682331554844236,0.3124810142726486,1.2700162470046563,9.390065852404872e-06,6330
-0.9674739043449228,0.3548678414162121,1.2711154829108426,-7.333290825768668e-05,6330
-0.9667000398509497,0.397241437315622,1.27236108799066,-2.3703272465896985e-05,6330
-0.9659415611363652,0.4396486310678998,1.2737246316103543,-4.417377742373108e-05,6330
-0.9651478533371204,0.4820935305451367,1.2750508033474888,-1.992726337693429e-05,6330
-0.9642730556394454,0.5245567727183,1.2762054858131036,9.154474561051672e-05,6330
-0.9634198810426684,0.5669565642766146,1.2773898039870326,-8.00105580689367e-05,6330
-0.9625885869783216,0.6093438123033101,1.2786397340205786,4.487031542673575e-05,6330
-0.9283999497416884,0.1845903709460448,1.265180343560535,-5.265161472527147e-06,6330
-0.9277142072754592,0.2269475441029662,1.2654204558999518,-9.492933388895868e-05,6330
-0.9267928516182872,0.269314031023261,1.2676867680838937,-0.0002166407044803,6330
-0.9258948729555704,0.3116759193922404,1.270108471993847,-0.0001289200194978,6330
-0.9251356218160696,0.3540627465358039,1.271207707900033,-8.627902785544872e-05,6330
-0.924337243447794,0.3964326518646885,1.272404085784387,-9.153846576284708e-05,6330
-0.9235787647332095,0.4388398456169664,1.2737676294040814,2.862644622864119e-05,6330
-0.922709719746833,0.4812820170463673,1.2749737850377807,0.0001091700134262,6330
-0.921834922049158,0.5237452592195306,1.2761284675033957,4.903079145529565e-05,6330
-0.9209949220281276,0.5661855343060895,1.27719736750418,2.400555796716608e-05,6330
-0.9201636279637808,0.6085727823327852,1.2784472975377263,-7.495528894230219e-06,6330
-0.9193571908018866,0.6509540507168563,1.279703429654854,-1.990190287982224e-05,6330
-0.8868636845219411,0.1415227810841602,1.2650108992565463,-0.0003185110045641,6330
-0.8859713605600122,0.1838103828308362,1.2663555470320476,-7.718029781258323e-05,6330
-0.8852856180937829,0.2261675559877576,1.2665956593714642,7.728528791837996e-05,6330
-0.8845410628652981,0.268501611961921,1.2671147705178172,-4.871068382282517e-06,6330
-0.8836430842025813,0.3108635003309004,1.2695364744277702,-6.0125613894942975e-05,6330
-0.8828155548678459,0.3532136092611748,1.2705545217614105,-0.0001686810952409,6330
-0.8820171764995706,0.3955835145900596,1.2717508996457645,2.442589224584818e-05,6330
-0.8811610226605318,0.43797145544062,1.2736775227081625,-5.2903599622573794e-05,6330
-0.8802919776741551,0.480413626870021,1.2748836783418618,3.4553919496728425e-05,6330
-0.8794307836480233,0.5229327981655694,1.2760477494287836,4.1158182183073655e-05,6330
-0.8785907836269926,0.5653730732521284,1.2771166494295685,-5.40342949108194e-05,6330
-0.8777102635390976,0.6078253935331168,1.2783127989404106,0.0001207923408168,6330
-0.8769038263772033,0.650206661917188,1.2795689310575384,-5.0960412476541705e-05,6330
-0.8761033252633061,0.6925914450230359,1.2805389348339278,0.0001083481329357,6330
-0.8445631413289791,0.1406893664318976,1.2655103249642077,-0.0001315665926295,6330
-0.8436708173670503,0.1829769681785737,1.2668549727397085,-0.0001025906523919,6330
-0.8428736958224331,0.225294812748339,1.267176971011298,-0.0002558036319964,6330
-0.8421291405939483,0.2676288687225023,1.2676960821576508,3.342171634723723e-07,6330
-0.8412886267834825,0.3099820184182765,1.2688534339235311,-8.122778739644981e-05,6330
-0.8404610974487472,0.352332127348551,1.2698714812571714,8.922476814526847e-06,6330
-0.8396271082995415,0.394751255297824,1.2710456133739854,3.0167069158808235e-05,6330
-0.8387709544605026,0.4371391961483845,1.2729722364363831,-2.419744540062274e-05,6330
-0.8378339776857684,0.4795859318253288,1.2748899578478845,0.000227729943072,6330
-0.8369727836596365,0.5221051031208772,1.276054028934806,0.0001426690360784,6330
-0.8361565157006126,0.5645758012718146,1.2770537559272643,8.91153418775062e-05,6330
-0.8352759956127175,0.6070281215528031,1.2782499054381065,3.456547088342976e-05,6330
-0.8344463361599077,0.6494551754552899,1.2793025601327814,-2.360920084424484e-05,6330
-0.8336458350460105,0.6918399585611379,1.280272563909171,1.0626120535893456e-05,6330
-0.8328448752892301,0.734251838688369,1.2812982133476685,1.6155634163135535e-05,6330
-0.8013476442012546,0.1821120310178239,1.266758695223017,-0.0001127359679058,6330
-0.8005505226566374,0.2244298755875891,1.2670806934946066,-7.232474708544073e-05,6330
-0.7997046854262854,0.2667672631857631,1.2680155210293245,1.0093139057407163e-05,6330
-0.7988641716158196,0.3091204128815373,1.2691728727952047,-4.0515736326886265e-05,6330
-0.7980550635989863,0.3515088281116935,1.2702549012556197,9.193660832622352e-06,6330
-0.7972210744497805,0.3939279560609665,1.2714290333724332,-2.907597769724601e-05,6330
-0.7963701802133043,0.4363545726451365,1.2725677224377527,4.195031592258564e-05,6330
-0.7954332034385699,0.4788013083220808,1.274485443849254,-8.227601951400765e-05,6330
-0.7945116713841766,0.5212067794920359,1.2759974310500684,-5.417527221724533e-05,6330
-0.7936954034251527,0.5636774776429734,1.2769971580425263,0.0001286786430912,6330
-0.7928476342853522,0.6061949874460639,1.2780541778910366,5.780396229103368e-05,6330
-0.7920179748325424,0.6486220413485508,1.2791068325857116,2.3138570519623536e-05,6330
-0.7911776445686889,0.6910257251786013,1.2802400959191012,4.355570921742158e-05,6330
-0.7903766848119084,0.7334376053058322,1.2812657453575989,8.578479922170812e-05,6330
-0.7896565217918075,0.7758097323059268,1.2819467808347913,-0.0001367510680241,6330
-0.7581469455444234,0.2235604029660989,1.2675936711948448,-0.0001374080757578,6330
-0.7573011083140715,0.2658977905642729,1.2685284987295629,-2.3871706484490662e-05,6330
-0.7564121821738115,0.3083150177982598,1.2697508181536747,4.795634616606981e-05,6330
-0.755603074156978,0.350703433028416,1.2708328466140897,4.204539493275067e-05,6330
-0.7547487797901473,0.3930425925169705,1.2718139183532988,4.000851166511416e-05,6330
-0.7538978855536711,0.4354692091011405,1.2729526074186182,0.0001764818533134,6330
-0.7530444705367214,0.477911079846217,1.2740336945219215,6.213631170094713e-05,6330
-0.752122938482328,0.5203165510161722,1.2755456817227355,4.828592103886531e-05,6330
-0.7511697672440396,0.5628123085244097,1.2772902823167636,0.0002444736520944,6330
-0.7503219981042392,0.6053298183275003,1.2783473021652738,0.0002018524417664,6330
-0.7495340146462516,0.6478184994150533,1.2791191794391497,0.0001043555330388,6330
-0.7486936843823979,0.6902221832451039,1.2802524427725397,1.544534081485832e-05,6330
-0.7478884815911138,0.7326508325946102,1.2817629976193643,0.0001079851612165,6330
-0.747168318571013,0.7750229595947047,1.282444033096557,4.5633899252779664e-05,6330
-0.746438224357862,0.8173826849661457,1.282581905283232,7.979566963463303e-05,6330
-0.7149266411686204,0.2650310630304436,1.268953537997903,-3.3278600401774605e-05,6330
-0.7140377150283603,0.3074482902644305,1.2701758574220146,-5.632844514836394e-05,6330
-0.7131104482252171,0.3498059847731496,1.2710595522509167,-7.551982475806351e-05,6330
-0.7122561538583863,0.3921451442617041,1.2720406239901263,2.072447060377791e-05,6330
-0.7112259283999072,0.434620175189527,1.2741524254909082,0.0004465785077282,6330
-0.7103725133829575,0.4770620459346036,1.2752335125942114,0.0002212987953419,6330
-0.7096103370967419,0.5194432048969222,1.275347100118711,0.0001571094021949,6330
-0.7086571658584535,0.5619389624051597,1.277091700712739,0.0001496722173631,6330
-0.7077190327940486,0.6044388877792708,1.279010362529306,0.0001498683897416,6330
-0.706931049336061,0.6469275688668238,1.2797822398031815,0.0003030267083601,6330
-0.7058663094062883,0.6894399655970895,1.2826064517924378,0.0008358483498307,6330
-0.705061106615004,0.7318686149465958,1.2841170066392629,0.0006077511435634,6330
-0.7045554442460382,0.7742241770201559,1.2825923859123418,2.58458346548765e-05,6330
-0.7038253500328875,0.8165839023915971,1.2827302580990172,0.0002398590304021,6330
-0.6715545475880551,0.3065853705259199,1.2703874456849704,0.0002002792955341,6330
-0.6706272807849116,0.3489430650346389,1.2712711405138726,-2.0488207192477514e-05,6330
-0.6697407589730824,0.3912932476251117,1.272686457022651,0.0001613258475822,6330
-0.6687105335146033,0.4337682785529346,1.274798258523433,-9.61080220782118e-06,6330
-0.6677349627740434,0.4762722013458889,1.2762822148592226,8.861021151292114e-05,6330
-0.6669727864878279,0.5186533603082075,1.2763958023837223,8.14338791485375e-05,6330
-0.6661712015286427,0.5610581543156569,1.2769374115329803,0.0001983726627557,6330
-0.6652330684642378,0.6035580796897679,1.278856073349547,5.705805356424204e-05,6330
-0.6642298196955672,0.6459826769069221,1.2807709955124635,0.0001881085761156,6330
-0.6631650797657944,0.688495073637188,1.2835952075017194,0.0001867553813916,6330
-0.6623927326786966,0.7309872719335124,1.2842429025457411,-0.000237065820996,6330
-0.6618870703097308,0.7733428340070725,1.2827182818188203,0.000241002817606,6330
-0.6281126032303264,0.3481305468422169,1.272013180953454,6.685151937545902e-05,6330
-0.6272260814184971,0.3904807294326896,1.2734284974622323,-3.977146250521563e-05,6330
-0.6262918411429004,0.4328076734531234,1.2744998154108915,8.396944618688923e-05,6330
-0.6253162704023405,0.4753115962460777,1.275983771746681,0.0001747212438136,6330
-0.62447785495096,0.5177186476925755,1.2764419733065284,-0.0002602940543218,6330
-0.6236762699917748,0.5601234417000247,1.2769835824557865,0.0002269189953772,6330
-0.6226702197077516,0.602678810608354,1.278732825270934,0.0002648973816232,6330
-0.621666970939081,0.6451034078255082,1.2806477474338505,5.261210225785545e-05,6330
-0.6207958428198174,0.687566206966256,1.2817704969707573,0.0001018594946478,6330
-0.6200234957327195,0.7300584052625807,1.282418192014779,0.0002064596291353,6330
-0.5847202303659728,0.3895825911310577,1.2732105841696055,-1.0779539414473849e-05,6330
-0.5837859900903761,0.4319095351514915,1.2742819021182648,1.5554299661518778e-05,6330
-0.5828305818703194,0.4742984600212568,1.2756571231511602,0.0001117995459399,6330
-0.5819921664189389,0.5167055114677546,1.2761153247110075,0.0001764812843742,6330
-0.5811270230911121,0.5592210022261296,1.2773509529830278,0.000344475965284,6330
-0.5801209728070889,0.6017763711344588,1.2791001957981754,4.7203137379284166e-05,6330
-0.5792498338397314,0.6442527743902247,1.2801235208346755,-1.9388352284072097e-06,6330
-0.5783787057204678,0.6867155735309725,1.2812462703715826,3.123658584006789e-05,6330
-0.5413118176360479,0.4310594498818452,1.2741243739094332,0.0001074751065557,6330
-0.5403564094159912,0.4734483747516105,1.275499594942329,-8.47635714498543e-05,6330
-0.5395410093171793,0.5157764342552522,1.276258597951739,-0.0001969907838621,6330
-0.5386758659893524,0.5582919250136272,1.2774942262237587,0.0001450017695677,6330
-0.537713907630236,0.6008036731013668,1.278763345569447,-6.208312721810161e-05,6330
-0.5368427686628785,0.6432800763571327,1.2797866706059473,0.0002030432088148,6330
-0.4979134182288928,0.4725796936954997,1.2752513657393143,3.847512045782736e-05,6330
-0.4970980181300809,0.5149077531991414,1.2760103687487243,8.31308879820844e-05,6330
-0.4962239116227924,0.5572173039658248,1.277167922302194,0.0001131525234504,6330
-0.495261953263676,0.5997290520535645,1.2784370416478823,0.0002562258337841,6330
-0.6534300640135131,0.7149494349849748,1.3000780559021576,7.329440837373219e-05,6420
-0.6521557859759033,0.6725604879363247,1.299209217893582,0.0001259573837091,6420
-0.6121991183843143,0.7585592441496758,1.3003652116701765,-4.012671044066607e-05,6420
-0.6108974506871644,0.7162502713448036,1.2992625148698769,4.2607698432124697e-05,6420
-0.6096231726495545,0.6738613242961535,1.2983936768613007,0.0001108798250675,6420
-0.60839108369019,0.6313786791780367,1.2975730501778178,0.0001070044956787,6420
-0.571151068260765,0.8021693683030735,1.3001307949338865,-0.0001673388191645,6420
-0.5696708547871947,0.7598979466363681,1.299761572066701,-1.7667286057732046e-08,6420
-0.5683691870900447,0.717588973831496,1.2986588752664012,0.0001236462956445,6420
-0.5671778126840596,0.6751174370983587,1.297740060898912,5.157263905129078e-05,6420
-0.5659457237246952,0.6326347919802419,1.2969194342154289,8.29990516827625e-05,6420
-0.5648382422976524,0.5900112370698689,1.2955070505297537,0.0001051633966262,6420
-0.5300894079653813,0.8458692717603848,1.3000712149999265,0.0001136783484961,6420
-0.5286407096177632,0.8034684973890363,1.2997863936173144,0.0002600829491188,6420
-0.5271604961441929,0.761197075722331,1.299417170750129,-0.0001147441489327,6420
-0.5258832030195022,0.7188903290652182,1.2981331830581548,2.8152696860697657e-05,6420
-0.5246918286135172,0.6764187923320809,1.2972143686906654,0.0002335810069753,6420
-0.5234597544945344,0.6339267062090459,1.2962464940326983,0.0001180168084667,6420
-0.5223522730674917,0.591303151298673,1.294834110347023,0.000608123885321,6420
-0.5211855274926787,0.5488113507862915,1.2938987827457735,7.612340978478682e-06,6420
-0.4890445384594242,0.8895480969854757,1.3006421431222357,-0.0002304165813875,6420
-0.4873993894952173,0.8468806909962832,1.301782587131175,0.0008095357728156,6420
-0.4859506911475993,0.8044799166249346,1.3014977657485631,-0.0002702553734277,6420
-0.4847701198325981,0.7623977530371205,1.2990390891599477,-3.840332774832089e-05,6420
-0.4834928267079074,0.7200910063800078,1.2977551014679731,-0.0001513640545423,6420
-0.4821999616322521,0.6776885140124271,1.2967060235622327,0.0001027377071083,6420
-0.4809678875132693,0.6351964278893922,1.2957381489042656,6.075737417639282e-05,6420
-0.479876218058659,0.5926616463159334,1.2942613570648382,-9.48346155465324e-06,6420
-0.478709472483846,0.550169845803552,1.293326029463589,-0.0001044706399939,6420
-0.4774203661544676,0.5078262405585802,1.2931404230411871,-7.766311428232531e-05,6420
-0.4481647354800219,0.9330362617511812,1.3012475407635216,-0.0003890388140196,6420
-0.4466134023318053,0.8907756453545432,1.3002479823041877,0.0002443533890461,6420
-0.4449682533675985,0.8481082393653507,1.3013884263131263,0.0001576339358057,6420
-0.4436213088768465,0.8057116087101742,1.300970807453218,-0.0004283936801787,6420
-0.4424407375618453,0.7636294451223602,1.2985121308646024,-0.0001582310730633,6420
-0.4411002172145177,0.7212908211873903,1.2974604084173085,2.880639823589493e-05,6420
-0.4398073521388623,0.6788883288198096,1.296411330511568,1.597223274474313e-08,6420
-0.4071604700637768,0.9765290328778384,1.3036747732835807,6.875041141916893e-05,6420
-0.4057143113467063,0.9341659794139764,1.3017287249185858,0.0002277726198578,6420
-0.4041629781984898,0.8919053630173384,1.3007291664592513,-0.0003154097995228,6420
-0.4027189408676077,0.8496340387127852,1.299533363855358,8.746524901705882e-05,6420
-0.4013719963768556,0.8072374080576088,1.2991157449954498,-3.0079642464202198e-05,6420
-0.4000495415678889,0.7647856254508272,1.2987149155449125,0.0001271294224155,6420
-0.3987090212205613,0.7224470015158573,1.2976631930976184,-0.0001970171790897,6420
-0.3661504438787482,1.0202028541996422,1.3044774126578598,-8.4644874220767e-05,6420
-0.3647461029623705,0.9777022916696224,1.3052444043288165,0.000115288634474,6420
-0.3632999442452999,0.9353392382057606,1.3032983559638214,-0.0002979588666819,6420
-0.3617398150118484,0.8930295507165091,1.301809682906227,0.0002046373073217,6420
-0.3602957776809663,0.850758226411956,1.3006138803023335,-0.0002231619035631,6420
-0.358834155215797,0.807911179842387,1.3027997849172883,0.0014213333220417,6420
-0.3575117004068303,0.7654593972356054,1.3023989554667508,-0.000149674759873,6420
-0.3564192022705039,0.7238542306995706,1.2965851006931874,-0.0003524049383336,6420
-0.3252140119865494,1.0639499452993344,1.3032553889606735,-4.70878199965788e-05,6420
-0.3237699274353866,1.0215120985863892,1.3022923351153834,0.0001575693535908,6420
-0.3223655865190089,0.9790115360563696,1.30305932678634,0.0002109145048711,6420
-0.3209703786143037,0.9363454952617198,1.3049844802834878,0.0003330857067045,6420
-0.3194102493808522,0.8940358077724685,1.3034958072258935,-0.0005634354810439,6420
-0.318051061166143,0.8518359046014967,1.3016408006230014,-0.0001073009448093,6420
-0.3165894387009738,0.8089888580319277,1.303826705237956,0.0003649171495507,6420
-0.3152886774532576,0.767030634242134,1.300357004409457,-0.0003633750954441,6420
-0.3141961793169313,0.7254254677060992,1.2945431496358937,-7.27744044285647e-05,6420
-0.312838594068978,0.682987441907364,1.2940166935805906,-2.129830809090988e-05,6420
-0.2843456777355669,1.1076110273231592,1.3037814268057353,-0.0003310981710489,6420
-0.2828175500797483,1.0652493673810115,1.3021704619630317,0.0001515060155939,6420
-0.2813734655285855,1.0228115206680664,1.3012074081177416,-0.0001185237464055,6420
-0.2799628460197281,0.9804753681245414,1.3000566580301705,-2.2962036581204714e-05,6420
-0.2785676381150229,0.9378093273298916,1.3019818115273183,0.0007007340514901,6420
-0.2771175551374346,0.8948593178736666,1.3057866902685682,0.0004181427071812,6420
-0.2757583669227255,0.8526594147026947,1.303931683665676,-0.0003600342771287,6420
-0.2744271731652226,0.8110886588072519,1.2982187491164594,-0.0001674553586771,6420
-0.2731264119175064,0.7691304350174583,1.2947490482879602,2.4667625440552565e-05,6420
-0.2718359676435745,0.7267734000633018,1.2938738143675783,3.93908511628141e-05,6420
-0.2704783823956211,0.6843353742645668,1.2933473583122752,4.706200522072712e-05,6420
-0.2690725191300447,0.6418382499337352,1.2931442773192892,0.0001823776037783,6420
-0.2420561008847918,1.1088672542824785,1.3032972583787767,8.26081215575189e-05,6420
-0.2405279732289732,1.0665055943403303,1.3016862935360731,-0.0002485004269523,6420
-0.2390993916295247,1.0241387041040213,1.300024952322668,-5.142483496163586e-05,6420
-0.2376887721206673,0.9818025515604965,1.2988742022350968,-0.0002769599208856,6420
-0.2362772449267282,0.9395187768689784,1.2977116414825076,-0.0001208696092181,6420
-0.2348271619491399,0.8965687674127534,1.3015165202237575,0.0014657083313845,6420
-0.2333678485802209,0.8543382610417891,1.3007551702437792,-1.744175241447793e-05,6420
-0.232036654822718,0.8127675051463463,1.2950422356945623,-0.0001449683134966,6420
-0.2306210802989656,0.770379593390927,1.294743310464166,0.0001063455150787,6420
-0.2293306360250337,0.7280225584367706,1.293868076543784,-8.505681017248468e-06,6420
-0.2280437085827517,0.6857095272555866,1.2930973390198406,3.9038216474864e-05,6420
-0.2266378453171753,0.6432124029247551,1.2928942580268543,8.719036936803704e-05,6420
-0.2254448195306225,0.6008651698656855,1.2925713801771763,-0.0004741555778627,6420
-0.1982680603662176,1.0677512682991686,1.3012322605841324,0.0001208338898279,6420
-0.1968394787667691,1.025384378062859,1.2995709193707272,-0.0002396537388671,6420
-0.1954186808468385,0.9829554217129292,1.2986853676154069,0.000165882838296,6420
-0.1940071536528995,0.9406716470214112,1.2975228068628175,-0.0004222819198175,6420
-0.1925667226465325,0.8967375103824706,1.3083552194745232,0.0068419364994634,6420
-0.1911074092776135,0.8545070040115065,1.3075938694945446,0.0023939951646135,6420
-0.1896776343559862,0.8139802414030333,1.294747196753646,9.299652917404284e-05,6420
-0.1882620598322338,0.7715923296476139,1.2944482715232497,-0.000232494733076,6420
-0.1869654593764164,0.7292749240859833,1.2939144912068226,-0.0001709310047021,6420
-0.1856785319341344,0.6869618929047994,1.2931437536828794,-0.0002231296313376,6420
-0.1842855280909032,0.6446546403064031,1.2921663220539683,-1.616280259548325e-05,6420
-0.1830925023043504,0.6023074072473334,1.2918434442042903,0.0001116877573987,6420
-0.1544387149544386,1.026694973981339,1.2995662530575496,3.701279280093894e-05,6420
-0.153017917034508,0.9842660176314086,1.2986807013022292,0.000132842269143,6420
-0.1515948173735,0.9418952326636614,1.2978235969708125,-4.0207076389207896e-05,6420
-0.150154386367133,0.8979610960247209,1.308656009582518,0.0065490162726573,6420
-0.14876666203899,0.8556542787486258,1.3076999512260556,0.0028652061907526,6420
-0.1473368871173627,0.8151275161401526,1.2948532784851572,-0.000260943547852,6420
-0.1460163302812816,0.7728220794684951,1.2941144983648925,-8.103856367449452e-05,6420
-0.1447197298254641,0.7305046739068646,1.293580718048465,-0.0002142878605325,6420
-0.1433075179207821,0.6882669509996187,1.2926530692260816,-6.612709296464903e-06,6420
-0.1419145140775509,0.6459596984012222,1.2916756375971707,-8.606484890792687e-05,6420
-0.1106233513677198,0.9856840091200332,1.2979701998535154,3.4151256511329164e-05,6420
-0.1092002517067118,0.9433132241522856,1.2971130955220986,-0.000196627707245,6420
-0.1077602254312504,0.9009000640270368,1.2960981683489476,0.0001268562262322,6420
-0.1063725011031074,0.8585932467509416,1.2951421099924854,-0.0002797439739893,6420
-0.1049442698505716,0.8163933157626163,1.2942275161613068,3.698770765017678e-05,6420
-0.1036237130144905,0.7740878790909589,1.293488736041042,2.345643657532953e-05,6420
-0.1022861711402124,0.7317498793837032,1.2927873553298346,0.0001038171936719,6420
-0.1008739592355304,0.6895121564764574,1.2918597065074509,-0.0002269958494151,6420
-0.066889295978658,0.9446035097641968,1.2962454670610128,2.001298972634236e-05,6420
-0.0654492697031966,0.9021903496389476,1.2952305398878616,-0.0001291185804299,6420
-0.0640425912514074,0.8599029277533989,1.2942286989248974,-0.0002012313725547,6420
-0.0626143599988716,0.8177029967650736,1.2933141050937187,-0.0002870799277189,6420
-0.0612365472116974,0.7753947427408447,1.2923814427138751,-0.0001255555436181,6420
-0.0598990053374193,0.733056743033589,1.2916800620026676,-0.0001880228279376,6420
-0.0232914676374117,0.9033307134130782,1.2957835412091872,8.026667430401091e-05,6420
-0.0218847891856225,0.8610432915275295,1.2947817002462227,-0.0006973401583067,6420
-0.0204797271342008,0.8186966028035831,1.2940989210603042,0.0001714315795384,6420
-0.0191019143470266,0.7763883487793541,1.2931662586804606,-0.0006902536996038,6420
0.0202391042735392,0.8620004734757929,1.2953150258821942,1.2268045962160468e-06,6420
0.0216441663249609,0.8196537847518466,1.2946322466962754,-0.0003541242322815,6420
-0.465108467086387,0.7707332639340172,1.3141921338746023,-4.059790728195428e-05,6450
-0.4598007674737709,0.7286061806810804,1.3142465987460366,2.4968336866763863e-05,6450
-0.4283819971763913,0.8180632916061952,1.3123025280212608,-8.353645188570458e-05,6450
-0.4230325706504024,0.7759038441023107,1.3123494605210593,0.0002115202593439,6450
-0.4177248710377863,0.7337767608493739,1.3124039253924935,-8.289960102500493e-05,6450
-0.4122775258784609,0.6916102893240619,1.3128050826073467,0.0004650978636353,6450
-0.3917449301718336,0.8652800336662517,1.3107721086333526,-0.0003491041562615,6450
-0.3863454361914771,0.8232750040360075,1.310568801665379,1.1833545668520074e-05,6450
-0.3809960096654882,0.781115556532123,1.3106157341651774,-3.061567929561054e-05,6450
-0.3756449526409915,0.7389005424353745,1.3106849429286298,8.148258203549003e-05,6450
-0.3701976074816661,0.6967340709100625,1.3110861001434828,-0.0002012211583745,6450
-0.3551852429340325,0.9124198335815,1.3104293650503045,-0.0003224621628399,6450
-0.3496950248868874,0.8703585660564479,1.3098592604234924,0.0002648075349985,6450
-0.3442955309065308,0.8283535364262037,1.3096559534555188,-0.0003027751473276,6450
-0.3389037767344132,0.786192674271112,1.3096262779975325,0.0004424238144637,6450
-0.3335527197099165,0.7439776601743635,1.309695486760985,-0.0001666214552552,6450
-0.3283517351887501,0.7022384671013313,1.3077238705591934,-0.0002270482021927,6450
-0.318601389089519,0.9598844537731348,1.3072945030692105,0.0005740227490253,6450
-0.3132293879473387,0.9174109645262498,1.310481774013061,0.0001613378872313,6450
-0.3077391699001935,0.8753496970011977,1.3099116693862491,-0.0006135021781021,6450
-0.3023113087086758,0.8332568492327883,1.3094417201015176,0.0001010057884868,6450
-0.2969195545365581,0.7910959870776966,1.3094120446435311,-0.0004644450802062,6450
-0.2914851509448064,0.7494804450833102,1.3066245196509976,-0.0002161747993596,6450
-0.2862841664236401,0.7077412520102782,1.304652903449206,4.625224107593362e-05,6450
-0.2820835310193331,1.0074532887582164,1.3022533257940614,-0.0001563798397134,6450
-0.2809750106503197,0.6656412032605341,1.3048728678651669,0.0001279055951634,6450
-0.2766245176806634,0.9647417238106748,1.308594447733264,0.0015237564291982,6450
-0.271252516538483,0.9222682345637898,1.3117817186771146,-0.0004295040550122,6450
-0.2659100571249385,0.8801633931810994,1.310470601524819,0.0002838513896253,6450
-0.2604821959334208,0.83807054541269,1.310000652240087,-0.0006177183796532,6450
-0.2549564680719605,0.7967067796104756,1.3049991911876435,0.000159118905143,6450
-0.2495220644802087,0.7550912376160892,1.3022116661951102,-5.043682555863627e-05,6450
-0.2456130520149248,1.0547032711968614,1.2997649669734257,-0.0003556756437677,6450
-0.2441794079383748,0.7130376853854601,1.3025858378881183,-2.5309633805099815e-05,6450
-0.2401611791484395,1.012746860713348,1.299081627812475,4.919232992533357e-05,6450
-0.2388702521650544,0.6709376366357162,1.3028058023040792,4.938474391814191e-05,6450
-0.2347021658097698,0.9700352957658064,1.3054227497516775,0.0028383062670164,6450
-0.233513133388831,0.6288431186428702,1.30294177906627,5.017619797761941e-05,6450
-0.2291503091555101,0.9269310536908588,1.3142765816065132,0.0006256082047893,6450
-0.2238078497419656,0.8848262123081683,1.3129654644542177,-0.0003483865541919,6450
-0.2184073290053645,0.8438315437579598,1.3046062045160085,0.0005856606228608,6450
-0.2128816011439042,0.8024677779557454,1.2996047434635645,-4.948620991859082e-05,6450
-0.2091664395497389,1.1019352008823895,1.29721977578654,-0.0002078507942528,6450
-0.2075066286384461,0.7604077851087057,1.2997169735040095,-2.6204879878498344e-05,6450
-0.2036770359867781,1.0598990041965912,1.2974447385471315,5.081351606158607e-05,6450
-0.2021639720966121,0.7183542328780764,1.300091145197018,1.5193474462021903e-06,6450
-0.1982251631202927,1.017942593713078,1.2967613993861808,-0.0003611529233351,6450
-0.1968715188085363,0.6762462699715088,1.3003512900721208,-3.070852110998584e-05,6450
-0.1928269732201429,0.975932507093931,1.2964280311631995,2.7679791187312786e-06,6450
-0.1915144000323128,0.634151751978663,1.3004872668343117,-0.0001096143424776,6450
-0.1872751165658832,0.9328282650189832,1.3052818630180352,0.0043266948690866,6450
-0.1862629911080034,0.5919325556647278,1.3013692944565418,-8.01647148371068e-05,6450
-0.1817071555529441,0.8907612912946227,1.3055267504782004,0.0018496596722363,6450
-0.1811405941141015,0.5496648258612936,1.302420325641425,0.000139842009068,6450
-0.1763066348163431,0.8497666227444142,1.2971674905399913,-0.0002692882250107,6450
-0.175935505310659,0.5075783255927061,1.303035288306599,-0.0001562384992849,6450
-0.1725418505992058,1.1493157847067934,1.2946706904960976,9.738986914274717e-05,6450
-0.1709433027027655,0.8077900124404394,1.297233823416982,-8.41140771471599e-05,6450
-0.1671340509366665,1.1072326650724569,1.294651270759311,0.000179332377073,6450
-0.1655683301973073,0.7657300195933996,1.2973460534574273,-0.0001475009925645,6450
-0.1616446473737057,1.0651964683866582,1.2948762335199024,-6.008250723842784e-05,6450
-0.16023773511753,0.7235874528423891,1.297768151401431,-7.536432534639703e-05,6450
-0.1562153268684021,1.023122129597305,1.2948296472398888,0.0001498674666892,6450
-0.1549452818294541,0.6814794899358216,1.2980282962765337,-0.0001696504462375,6450
-0.1508171369682523,0.981112042978158,1.2944962790169077,-0.0001425010412889,6450
-0.149516494877708,0.6394289065821634,1.298000034850904,9.008173271546348e-05,6450
-0.1453504687348023,0.9391071374166792,1.294508915807704,0.0002285131403316,6450
-0.1442650859533987,0.5972097102682283,1.298882062473134,0.0004143125886628,6450
-0.1397825077218632,0.8970401636923188,1.2947538032678692,-0.0001533405621053,6450
-0.1390462927665019,0.5550193034856177,1.2999434813157196,-1.0432602053786488e-05,6450
-0.1358942889348181,1.1966925094228862,1.2920912470249046,-0.0001825743158812,6450
-0.1343770954688267,0.8550252525949615,1.294333567353716,-4.013064218278545e-05,6450
-0.1338412039630594,0.5129328032170302,1.3005584439808937,0.0002111443447361,6450
-0.1304419350388448,1.1545948439122735,1.292018052876236,0.0001434975530449,6450
-0.1290137633552491,0.8130486422909867,1.2943999002307067,-0.000119247357446,6450
-0.1250341353763055,1.1125117242779372,1.291998633139449,-0.0001450508854076,6450
-0.1236533392917393,0.7709410203456832,1.2951797697810117,6.13037803707181e-05,6450
-0.1196018058674152,1.07047833655961,1.292079506174208,0.000109831611545,6450
-0.118322744211962,0.7287984535946728,1.2956018677250154,-6.086063171419076e-05,6450
-0.1141724853621117,1.028403997770257,1.2920329198941944,-9.091232318134827e-05,6450
-0.1129278627849907,0.6867384788848891,1.2955784639271473,9.153939764384306e-05,6450
-0.1087382377588568,0.9863227444587984,1.292160378571627,0.0001079016488299,6450
-0.1074990758332447,0.644687895531231,1.2955502025015178,-0.0001175659204436,6450
-0.1032715695254068,0.9443178388973196,1.292173015362423,-0.0002630873212808,6450
-0.1022866970969425,0.6025364084636364,1.2964124080186674,-0.0001725264334775,6450
-0.0978539428560752,0.902332986649623,1.291945072087147,3.164754417555454e-05,6450
-0.0970679039100458,0.5603460016810258,1.297473826861253,-4.6446328360857936e-05,6450
-0.0939358085855839,1.2019163432052182,1.2888065563149458,0.0001688987364137,6450
-0.0924485306030386,0.8603180755522658,1.291524836172994,-0.0002186499107294,6450
-0.0884834546896105,1.1598186776946058,1.288733362166277,-0.0001117817590744,6450
-0.0870192590457968,0.818323172498367,1.2915060740873257,4.076207450562364e-06,6450
-0.0830409283143446,1.117769510658447,1.288766600119351,8.305228873061593e-05,6450
-0.0816588349822869,0.7762155505530635,1.2922859436376304,0.0001341489606423,6450
-0.0776085988054543,1.07573612294012,1.28884747315411,-0.0001193332172203,6450
-0.0762090951917046,0.734113389616965,1.2926735208510416,0.0001781168628878,6450
-0.0722184616337831,1.0336635892779458,1.2887706904601026,8.09570788169317e-05,6450
-0.0708142137647333,0.6920534149071813,1.2926501170531737,8.272303006447157e-05,6450
-0.0667842140305283,0.9915823359664876,1.288898149137535,-0.0001364714478438,6450
-0.0656075290598419,0.6499026214931783,1.2936409499348571,-8.894628994417925e-05,6450
-0.0613654418442303,0.9495849930765206,1.2891234081479364,-5.668018945225589e-05,6450
-0.0603951503235397,0.6077511344255838,1.294503155452007,6.292661859936405e-05,6450
-0.0559478151748987,0.907600140828824,1.2888954648726605,-0.0002019068773622,6450
-0.0503834183158706,0.8655744631475708,1.289155376423266,0.0001825993815483,6450
-0.0466395903550041,1.1649533179972815,1.2867693163286418,-2.339325754444066e-05,6450
-0.0449541467586288,0.823579560093672,1.2891366143375982,-0.0001072832344011,6450
-0.0411970639797381,1.1229041509611228,1.286802554281716,-0.0006160106485502,6450
-0.0396052786032403,0.7815362657128708,1.289256432067578,0.0001055251048409,6450
-0.035760658042942,1.0808158535920986,1.28690646588496,1.351631662879077e-05,6450
-0.034155538812658,0.7394341047767725,1.2896440092809889,-0.000116624054404,6450
-0.0303705208712708,1.0387433199299243,1.2868296831909527,-0.0005890162847748,6450
-0.0289244253268571,0.6972082753139742,1.2907095273258418,-0.000112964625611,6450
-0.0249056648273513,0.99672846091686,1.2867433357218547,5.99687119959072e-05,6450
-0.0237177406219656,0.6550574818999713,1.2917003602075257,-0.0002117366079127,6450
-0.0194868926410533,0.9547311180268933,1.2869685947322558,-0.000550958277299,6450
-0.01405890200758,0.9128114831418788,1.2873359368679118,-2.4084276829913764e-05,6450
-0.0084945051485519,0.8707858054606257,1.2875958484185177,-0.0005535892369033,6450
-0.0031130578330029,0.8287099884044824,1.2876312021315546,-0.0002449906556761,6450
0.0006271614379013,1.1279601772159116,1.2850423519596732,0.0001295184131041,6450
0.0022358103223854,0.7866666940236813,1.2877510198615345,-0.0005624539038674,6450
0.0060635673746974,1.0858718798468874,1.2851462635629176,-0.0002037231026391,6450
0.0076556965383605,0.7445738085711904,1.2881152979207022,-7.752378820425482e-05,6450
0.0114957821683802,1.0438190723013985,1.285357970659348,7.047767340488675e-05,6450
0.0128868100241613,0.7023479791083921,1.2891808159655551,-7.801811154394683e-05,6450
0.0169606382122997,1.001804213288334,1.28527162319025,-0.0003284814762795,6450
0.0224721936958121,0.9599314071763227,1.2851617417823866,-2.754969098826832e-05,6450
0.0279001843292855,0.9180117722913084,1.2855290839180429,-0.0001096658429468,6450
0.0332621488608467,0.8758928021628398,1.285779362629335,0.0001220872763291,6450
0.0386435961763957,0.8338169851066966,1.285814716342372,-0.0002227206514497,6450
0.0439711909751365,0.7917677353080933,1.286081327382727,-1.4024541391724488e-05,6450
0.0480005327945238,1.0910753578267751,1.2820366937730625,0.0001025927369205,6450
0.0493910771911116,0.7496748498556024,1.286445605441895,-0.0002572461543015,6450
0.0534327475882066,1.0490225502812862,1.2822484008694923,-0.000179119134256,6450
0.0590086297565935,1.0071496505850617,1.282990476804856,5.891215753209972e-05,6450
0.0645201852401059,0.96527684447305,1.2828805953969926,-0.0001861109171082,6450
0.0697955111161027,0.9231693453618306,1.2828854634204148,-3.558968426892878e-05,6450
0.0751574756476639,0.881050375233362,1.2831357421317071,-0.0002542037330504,6450
0.080538200005069,0.8389862332730058,1.2835698534482725,-8.557118754674159e-05,6450
0.0858657948038099,0.7969369834744024,1.2838364644886275,-0.0002267181854035,6450
0.0954485233120659,1.0543929052827532,1.2793737529597382,-2.549493053470575e-05,6450
0.1010244054804529,1.0125200055865284,1.2801158288951018,-0.0002729489268791,6450
0.1064002444273011,0.970451767159394,1.2802058961726035,-4.681745436840856e-05,6450
0.1116755703032979,0.9283442680481744,1.280210764196026,-9.762793837431866e-05,6450
0.1170173882001461,0.8862574506189957,1.2806240776555702,-5.608106319346384e-06,6450
0.1223981125575513,0.8441933086586395,1.2810581889721355,-0.0001787290337297,6450
0.1429177949771986,1.0177344592373792,1.27733564870072,4.839524601147477e-05,6450
0.1482936339240468,0.9756662208102448,1.277425715978222,-9.9394144953531e-05,6450
0.1536593442284057,0.9335536278880848,1.2776312549997575,7.891008479262579e-05,6450
0.1590011621252539,0.8914668104589059,1.2780445684593025,-9.30463417060795e-05,6450
0.1901725021310168,0.9808748956842764,1.2751672107386374,-0.0001091998655544,6450
0.1955382124353757,0.9387623027621164,1.2753727497601737,-0.0002577040676931,6450
-0.6135918449967772,0.2439055522013014,1.344838128498923,0.0002457411852138,6690
-0.6078372066787938,0.2018322971932607,1.3446071965551436,0.0001543336076299,6690
-0.5771127202129697,0.2918551044756012,1.344344351659374,0.0002579737691815,6690
-0.5714105890378567,0.2498212894472569,1.3438459671925789,-4.225793144003315e-05,6690
-0.5656559507198733,0.2077480344392162,1.3436150352487992,0.0002606337488441,6690
-0.5598102887694301,0.1655675427537239,1.3428304062047722,0.0002625377135491,6690
-0.5405725389786813,0.3399203510448227,1.344478003629824,0.0004983916917653,6690
-0.5348286664628024,0.2977638471047309,1.3438447286504267,0.0001872210475558,6690
-0.5291265352876895,0.2557300320763866,1.3433463441836315,0.0003529548807369,6690
-0.523387573609595,0.213609624266229,1.342710698651563,0.0003549303047246,6690
-0.5175419116591518,0.1714291325807368,1.3419260696075357,0.0003202728054753,6690
-0.5119235213922195,0.1291370483759825,1.341147044081168,0.000127898844732,6690
-0.5039981120816382,0.3880266985392298,1.3444331850920896,0.0003665064225004,6690
-0.4984889929174746,0.3458518661377699,1.34407497524698,-0.0001729757380235,6690
-0.4927451204015957,0.303695362197678,1.3434417002675825,5.258126185972434e-05,6690
-0.4870184653841575,0.2616399985312299,1.3435849578452144,-0.0003332015321194,6690
-0.481279503706063,0.2195195907210723,1.3429493123131455,0.0001645033219857,6690
-0.4754651617981502,0.1772007793488418,1.3417048071053863,3.192171402322669e-05,6690
-0.469846771531218,0.1349086951440875,1.340925781579019,0.000339145946932,6690
-0.467422218136794,0.4359303439660005,1.343337475929633,0.0002018731386726,6690
-0.4641545991275467,0.0927203708649433,1.3396348918137768,4.650519586895524e-05,6690
-0.4618052145241504,0.393869174963984,1.343383670741815,0.0001323271830242,6690
-0.4562960953599868,0.3516943425625241,1.3430254608967052,0.000495661363707,6690
-0.4506646495015951,0.3096217099697999,1.3431326226869504,0.0001859992669508,6690
-0.4449379944841569,0.2675663463033517,1.3432758802645823,0.0003536081791141,6690
-0.439208309876451,0.2253486842671543,1.3427196826393306,0.0004191313620602,6690
-0.4333939679685382,0.1830298728949237,1.3414751774315716,0.000404978564935,6690
-0.4308160511140167,0.4838234881034222,1.3422058741206837,0.0003870404165204,6690
-0.4276938242744976,0.1408313528944322,1.3405231533618691,7.428911591343679e-05,6690
-0.4253319501005405,0.4418219389452619,1.3425554312227796,-0.000372816062421,6690
-0.4220016518708263,0.098643028615288,1.3392322635966272,0.0004064051034284,6690
-0.4197149464878968,0.3997607699432454,1.3426016260349616,0.0003192406667481,6690
-0.4163528481988128,0.0564862511943917,1.3382721267734454,-4.609815538127865e-05,6690
-0.4139754704407566,0.3576119753683531,1.3421912190693672,-6.738593059111425e-05,6690
-0.408344024582365,0.3155393427756289,1.3422983808596125,0.0003358562329427,6690
-0.4026501873201882,0.2733225585395459,1.3419142822125043,0.0002263283185966,6690
-0.3969205027124823,0.2311048965033485,1.3413580845872528,0.0002893829474502,6690
-0.3911766676804037,0.1889491198904407,1.3405686937436516,0.0001892676312588,6690
-0.388552131490154,0.4894688206984999,1.3406208995266402,0.0004588981063481,6690
-0.3854765239863631,0.1467505998899492,1.339616669673949,0.0004078888781308,6690
-0.3830680304766777,0.4474672715403395,1.3409704566287362,9.311081821274796e-05,6690
-0.3797968479775185,0.1045910139758728,1.3387632122716258,0.0001028299914041,6690
-0.3776943435301352,0.4057174392405375,1.3424631620290626,-7.873483994726843e-05,6690
-0.3741480443055051,0.0624342365549765,1.337803075448444,0.0004401676385489,6690
-0.3719548674829951,0.3635686446656452,1.3420527550634684,0.0001891379853402,6690
-0.3687145751462042,0.0203243517600792,1.33715031253831,-0.0003141217648496,6690
-0.366118913532524,0.3212867216896956,1.3409133882877635,0.0002622779976984,6690
-0.3604250762703472,0.2790699374536127,1.3405292896406558,0.0002642928557897,6690
-0.3547719599783447,0.2370238286816264,1.3414703757516708,-3.042884610817559e-05,6690
-0.3490281249462661,0.1948680520687186,1.3406809849080694,0.0003687012467308,6690
-0.3432958002689221,0.1525486933352014,1.3382476954019595,0.0001932373280194,6690
-0.3407834206422725,0.4531612149807555,1.3398143201445645,-0.0003897372723151,6690
-0.3376161242600776,0.110389107421125,1.3373942379996362,0.0001339759051117,6690
-0.33540973369573,0.4114113826809535,1.341307025544891,0.0002539713650776,6690
-0.3320140490441227,0.0683536031850488,1.336714014561125,-9.356340232875848e-05,6690
-0.3299229096384822,0.3693390634994431,1.3413783960573828,0.0001987911763805,6690
-0.3265805798848218,0.0262437183901515,1.3360612516509909,0.0004576282882909,6690
-0.3240869556880112,0.3270571405234934,1.3402390292816784,0.0001336861759423,6690
-0.3210040979913051,-0.0157599067103089,1.3350812794808935,3.2849309164320606e-05,6690
-0.3185606359887714,0.284867590120222,1.3402802658744228,-0.0004299174028627,6690
-0.3129075196967688,0.2428214813482358,1.3412213519854377,-0.0002348971730689,6690
-0.3072696319265195,0.2008018029707684,1.342151841833424,-0.0004864775611232,6690
-0.3015373072491756,0.1584824442372511,1.339718552327314,0.0003593538147289,6690
-0.2957488632655215,0.1161458070287989,1.3374892926724429,-0.0003714327992691,6690
-0.2932464103553084,0.4171292234746265,1.3401321120453258,-0.0003004766669678,6690
-0.2901467880495666,0.0741103027927226,1.3368090692339316,-9.751936730159616e-05,6690
-0.2877595862980606,0.3750569042931161,1.3402034825578175,0.0002645667200533,6690
-0.2846000685092126,0.0319836731347102,1.335863235652616,-0.0003538242094173,6690
-0.2821751224546619,0.3328345507501705,1.3396969149256206,5.555002350575433e-05,6690
-0.2790235866156958,-0.0100199519657501,1.3348832634825183,-0.0003267662350128,6690
-0.2766488027554221,0.2906450003468991,1.339738151518365,0.0003026339257303,6690
-0.2710663946797135,0.2485010396517943,1.3398879193982345,8.41451166913379e-05,6690
-0.2654285069094642,0.2064813612743269,1.3408184092462203,0.0001006111880021,6690
-0.2597946162486511,0.1643688550601405,1.3406673072628,0.0002771369120121,6690
-0.254006172264997,0.1220322178516883,1.3384380476079285,0.0001934608048969,6690
-0.2514298993581766,0.4229013194866891,1.3396214836174989,-0.0001099911977102,6690
-0.2483166938741736,0.0798541252205237,1.336683568092701,-0.0001199422838429,6690
-0.2457348796515752,0.3808032261293814,1.3393069317437,-7.014991580491653e-05,6690
-0.2427699743338195,0.0377274955625114,1.3357377345113854,0.0002794776273692,6690
-0.2401504158081766,0.3385808725864359,1.3388003641115032,0.0002188253585584,6690
-0.2345731365725617,0.2964323125878454,1.3383587962153698,-0.0001738257334895,6690
-0.2289907284968531,0.2542883518927405,1.3385085640952392,0.000221710335444,6690
-0.2233195621007318,0.2122500293248666,1.339278877006062,-0.0001708886388717,6690
-0.2176856714399187,0.1701375231106802,1.3391277750226411,0.0003695150738406,6690
-0.2152438081296572,0.4706431374606041,1.3391312414384977,-7.3912676407481e-05,6690
-0.2120387724114724,0.1279313601387949,1.3383551411987074,-2.644772670812312e-05,6690
-0.209672036340904,0.4285430339073705,1.339135161742401,-0.0002353093788431,6690
-0.206349294020649,0.0857532675076303,1.3366006616834798,0.0003188821338579,6690
-0.2039770166343026,0.3864449405500628,1.3388206098686024,-0.0002261196268202,6690
-0.1981263422259518,0.344431945572615,1.3381362942759516,-8.27508691588763e-05,6690
-0.1966555624750167,0.6439675759694767,1.3406003695231885,-0.000148364041348,6690
-0.1925490629903369,0.3022833855740245,1.3376947263798182,0.000319727705555,6690
-0.1906759941274589,0.6022142474317268,1.339599517134891,-0.0004151151839047,6690
-0.1869788887421462,0.2601298368723381,1.3379530156567894,-9.69842194569956e-05,6690
-0.1848115954988754,0.5602926676617237,1.339261432344578,-0.0001644682064388,6690
-0.181307722346025,0.2180915143044642,1.338723328567612,2.619267578669177e-05,6690
-0.1790769348870779,0.5183395411775201,1.338874155921058,-0.0002086734297864,6690
-0.1756439070741791,0.1759951657829788,1.3383582538584036,-7.250136959041642e-06,6690
-0.1733347563389672,0.4763661216608805,1.3383731803905752,-0.0001239226546429,6690
-0.1699970080457328,0.1337890028110935,1.3375856200344698,0.0002105171608295,6690
-0.167762984550214,0.4342660181076468,1.3383771006944785,0.0002104239817953,6690
-0.1621869770734665,0.3921748733778641,1.3384365442976889,-0.0001301024798707,6690
-0.1563363026651156,0.3501618784004162,1.3377522287050378,-0.0002562487434505,6690
-0.1505108264901959,0.3081133319899803,1.337209080051611,-0.0001313291770486,6690
-0.1489622794259315,0.6078707346803673,1.3391055054055094,-0.0001770640706364,6690
-0.1449406522420052,0.265959783288294,1.337467369328582,0.0002320846011214,6690
-0.143097880797348,0.5659491549103643,1.3387674206151965,-0.0004399116198677,6690
-0.139317004715593,0.2238851708765567,1.337715861062346,-0.000141667605094,6690
-0.1373664347281148,0.5240391285104735,1.3388008679207075,-0.0004067719689368,6690
-0.1336531894437472,0.1817888223550713,1.3373507863531378,0.0002044576977348,6690
-0.131624256180004,0.4820657089938339,1.3382998923902245,-0.0003428356684899,6690
-0.1260023796685964,0.4402357630498904,1.3391754935318714,-0.0007075627108856,6690
-0.1204263721918489,0.3981446183201076,1.3392349371350816,0.0001801507508433,6690
-0.1145631322142149,0.3558429823799292,1.3376294331221883,-5.7542203894277166e-05,6690
-0.1087376560392951,0.3137944359694933,1.3370862844687617,-0.0002356707595875,6690
-0.1028925232063783,0.2717904651099627,1.336425683990646,-7.767620446547802e-05,6690
-0.1013677549222086,0.5717050857210502,1.3382905481366183,-0.0002591445369216,6690
-0.0972688756799662,0.2297158526982254,1.33667417572441,0.0001560487360653,6690
-0.0956363088529754,0.5297950593211593,1.338323995442129,-8.752982810408816e-05,6690
-0.0898833839144113,0.4879474102615073,1.338721844016037,-0.0003066372055453,6690
-0.0842615074030037,0.4461174643175638,1.339597445157684,6.58927225070452e-05,6690
-0.0788756088274501,0.4041274801625536,1.3418342510325454,-0.0004340536404505,6690
-0.0730123688498161,0.3618258442223752,1.340228747019652,0.0002381715570702,6690
-0.0668948424307853,0.319523594344219,1.336879167563804,-7.640872461216197e-05,6690
-0.0610497095978685,0.2775196234846884,1.3362185670856883,-0.000190161003027,6690
-0.0538648395356794,0.5355018312011975,1.3380307743945417,-0.0002801064599866,6690
-0.0481119145971153,0.4936541821415454,1.3384286229684497,-0.0005925316193771,6690
-0.0424253225193885,0.4518337774393773,1.3396230834415674,-0.0003869924247947,6690
-0.0370394239438349,0.4098437932843671,1.3418598893164286,9.211243679579928e-05,6690
-0.031100788702664,0.3675376970185343,1.33979777442238,0.0012016139103507,6690
-0.0249832622836332,0.3252354471403781,1.3364481949665317,-0.0001826061093915,6690
-0.0062856675523727,0.4993925380138793,1.3382878739084016,-0.0002571773023598,6690
-0.0005990754746458,0.4575721333117111,1.3394823343815192,0.0001004631323448,6690
0.0052827753703046,0.4154046651163553,1.3381174959332274,0.0006778833282236,6690
0.0112214106114755,0.3730985688505225,1.3360553810391784,0.0002164805510208,6690
0.0415722906366355,0.4631825290877243,1.336770216731059,0.0003670601621785,6690
0.047454141481586,0.4210150608923684,1.3354053782827666,-6.209054394356456e-05,6690
-0.3567069514871935,0.3498002289664227,1.3548214061853163,-0.0003124119318747,6810
-0.3537731656351756,0.3076753649324864,1.353499179458861,-0.0001162695214723,6810
-0.3174129554038849,0.3948134055756319,1.3537059947631165,-0.000161535120004,6810
-0.3145721356960769,0.3525455391950311,1.3527856542106478,3.1231944601015083e-06,6810
-0.3116383498440589,0.3104206751610948,1.3514634274841923,-0.0005143349730751,6810
-0.3087137828142681,0.2683200800484967,1.3505310460429785,-8.142128578381147e-05,6810
-0.2778486195959068,0.4397616932020787,1.3515275592688925,9.670856385320116e-06,6810
-0.2751139782324124,0.3975315015681758,1.351281943218261,0.0002128809395011,6810
-0.2722731585246045,0.355263635187575,1.350361602665792,-0.0001228664392261,6810
-0.2694580461211313,0.3131458394088245,1.3493868985100368,-1.673594516035659e-05,6810
-0.2665334790913405,0.2710452442962264,1.348454517068823,-0.0002909550422838,6810
-0.2637155140585551,0.2289150047610521,1.347928201930356,-0.0001792066998939,6810
-0.2383135378824248,0.4847522640484928,1.3496962099909784,-0.0001499919974137,6810
-0.2354433576233378,0.4425570434841949,1.3486476653486554,-0.0001708090508992,6810
-0.2327087162598435,0.400326851850292,1.348402049298024,0.0001247344810819,6810
-0.2300192583361838,0.3580659374590031,1.3481311027746146,-0.0001959245202291,6810
-0.2272041459327107,0.3159481416802527,1.3471563986188593,-0.0002967823546864,6810
-0.2243083296480822,0.2737867868963026,1.3464491495777708,-4.150333663920092e-05,6810
-0.2214903646152968,0.2316565473611282,1.3459228344393042,-0.0002334729494287,6810
-0.2187718402298751,0.1895305952879615,1.3457462171120531,-0.0002212034596422,6810
-0.1988608486541855,0.5299685178782061,1.3483063595095728,0.0002043543282285,6810
-0.1962041229442656,0.4876228792773521,1.3478082096742594,-0.0001927437902697,6810
-0.1933339426851786,0.4454276587130542,1.3467596650319362,-0.0003284292464646,6810
-0.1904141758528814,0.4032198356358381,1.3456026504136165,-9.06082696655805e-05,6810
-0.1877247179292218,0.3609589212445492,1.3453317038902068,0.0001057159684138,6810
-0.1849947066491892,0.3187725443221458,1.3453648286202164,-0.0001565049647681,6810
-0.1820988903645607,0.2766111895381956,1.3446575795791282,-0.0001965451231093,6810
-0.179347182289665,0.2345014382361664,1.3444582989887666,-0.0004761287483108,6810
-0.1766286579042434,0.1923754861629997,1.3442816816615155,-0.0001276319759359,6810
-0.1738035330465622,0.1501109425352331,1.3429751350051038,-3.278265106566175e-05,6810
-0.1591653277330802,0.5751934753458996,1.3465348414256395,0.0001985624700616,6810
-0.1565840465381545,0.532928108253186,1.3459681263239478,-0.0001688155131756,6810
-0.1539273208282346,0.490582469652332,1.3454699764886344,0.0002234086300998,6810
-0.1511074131589824,0.4482938005036014,1.3445515613835832,4.628070206718488e-05,6810
-0.1481876463266853,0.4060859774263853,1.3433945467652633,-4.1580208407068775e-05,6810
-0.1452932587294872,0.3638826717902075,1.3420771346639568,2.2051142963552817e-05,6810
-0.1425632474494546,0.321696294867804,1.3421102593939664,0.000266811145121,6810
-0.1399467965264851,0.2794022468076774,1.3427892312855674,-7.736711442701133e-05,6810
-0.1371950884515894,0.2372924955056482,1.3425899506952057,-0.0002781017958753,6810
-0.1344102293036529,0.1951604545629517,1.342296628002069,1.0246606495699362e-05,6810
-0.1315851044459718,0.1528959109351851,1.340990081345657,-0.0001726436271411,6810
-0.1287794121374567,0.1107056846840086,1.3395759951092434,-0.0001063726880776,6810
-0.1194398513998573,0.6204607729485352,1.3449110231075143,0.0002986826430312,6810
-0.1167749151863115,0.5781213170824542,1.3442536971696444,-0.0001980686834524,6810
-0.1141936339913859,0.5358559499897405,1.3436869820679522,0.0003028231502749,6810
-0.1116260473618674,0.4934858116331573,1.3438013683964272,-0.0001326841794685,6810
-0.1088061396926152,0.4511971424844266,1.342882953291376,-0.0001796452070474,6810
-0.1058337085530054,0.4089370168705094,1.3410188503606313,0.0001394275680015,6810
-0.1029393209558073,0.3667337112343315,1.3397014382593246,-0.0001566736133188,6810
-0.1001079997460497,0.3245778064991931,1.3384745489324332,-2.795347604462456e-05,6810
-0.0974915488230801,0.2822837584390665,1.3391535208240342,0.0005089901367264,6810
-0.0948873907420626,0.2399269737283552,1.3398161516013318,3.777315144786603e-05,6810
-0.0921025315941261,0.1977949327856586,1.3395228289081953,-0.0001840359547084,6810
-0.0893255758120091,0.1556316178176868,1.3395942389950393,3.083766935303711e-05,6810
-0.0865198835034941,0.1134413915665104,1.3381801527586257,-0.0002449364096409,6810
-0.0836775119443286,0.0713187185575501,1.3368180171055632,-7.276191502342266e-06,6810
-0.0797594115000258,0.6658716706118959,1.3430405978529527,0.0003700161586153,6810
-0.0770853201159329,0.6235003710255442,1.3424318870681156,-0.000117383197331,6810
-0.0744203839023871,0.5811609151594631,1.3417745611302454,0.0003308651331022,6810
-0.0719224863726299,0.5387284659402132,1.3419319845163593,-0.0003135757391587,6810
-0.0693548997431114,0.4963583275836299,1.3420463708448342,0.000142603576998,6810
-0.0666806774199595,0.4541557472551838,1.3423292847651949,-0.0003828120773062,6810
-0.0637082462803496,0.4118956216412665,1.3404651818344495,-0.0001438723030057,6810
-0.0607501367198526,0.3695934509178314,1.3385403695223157,-0.0003462469066954,6810
-0.0579188155100949,0.327437546182693,1.3373134801954238,-0.0002385815198629,6810
-0.0551720723992467,0.2851429840164518,1.3367752696506907,-0.0003081349857185,6810
-0.0525679143182291,0.2427861993057404,1.3374379004279886,5.10637003803549e-05,6810
-0.0497721161708608,0.2005101551672232,1.3369815800478269,-8.1641024012237e-05,6810
-0.0469951603887439,0.1583468401992514,1.3370529901346708,-5.937852916463454e-05,6810
-0.0441598368240707,0.1162334970487959,1.336720475301585,-2.2456870736840828e-05,6810
-0.0413174652649052,0.0741108240398356,1.335358339648523,-0.0001040705061656,6810
-0.0401533386387578,0.7111904368075768,1.3413258369459402,5.440660747812326e-05,6810
-0.0373690074331768,0.6688616936379734,1.3404945343046448,-2.148699643599733e-05,6810
-0.0346949160490839,0.6264903940516219,1.3398858235198077,0.0002751624845077,6810
-0.0321377192748691,0.5840022713193944,1.339766186491354,-8.360657604424698e-05,6810
-0.0296398217451118,0.5415698221001444,1.339923609877468,0.0002888296032057,6810
-0.0270354710250687,0.4992633515788571,1.3403011452839206,-0.0001034720497062,6810
-0.0243612487019167,0.4570607712504109,1.3405840592042813,3.3690211442609364e-05,6810
-0.0215715153842409,0.4148239651715574,1.3394162848595337,0.000261684832343,6810
-0.0186134058237438,0.3725217944481224,1.3374914725473992,-0.0001253373527185,6810
-0.0157715721760788,0.3302969649014309,1.3364125213938631,-0.0001171542220625,6810
-0.0130248290652306,0.2880024027351896,1.33587431084913,0.0001259451841763,6810
-0.0102408396630123,0.2457093408712894,1.3351758375800389,-4.726778849577923e-05,6810
-0.007445041515644,0.2034332967327721,1.3347195171998771,0.0001005742649134,6810
-0.0046125164202356,0.161171106871354,1.334945758171569,-6.544438582969242e-05,6810
-0.0017771928555624,0.1190577637208985,1.3346132433384832,-0.0001573775159079,6810
-0.0005554992894184,0.7563868168554311,1.3395429416133515,0.0001800615902209,6810
0.0022019921822655,0.7140856992873308,1.3387325037274642,9.64072590562276e-05,6810
0.0049863233878465,0.6717569561177275,1.3379012010861688,0.0001846666290159,6810
0.0075700131238366,0.6292917053007479,1.3378786349907967,-0.0001065343995916,6810
0.0101272098980514,0.5868035825685204,1.3377589979623432,0.0002472145615339,6810
0.0127632009835586,0.5444766706459547,1.338083869070823,-0.000227883054525,6810
0.0153675517036017,0.5021702001246675,1.3384614044772754,0.0002617861033603,6810
0.0181420308155735,0.4598358054977504,1.3369564362073865,0.0002668638671887,6810
0.0209317641332493,0.4175989994188968,1.335788661862639,0.0001225229457553,6810
0.0236847794634685,0.3753943595187431,1.3355102606112332,4.4780523426574126e-05,6810
0.0265266131111335,0.3331695299720517,1.3344313094576972,-1.6936336258009665e-05,6810
0.0293211972481483,0.2908439007041372,1.3335843869704502,8.222702816135241e-05,6810
0.0321051866503665,0.248550838840237,1.332885913701359,-4.537297012066621e-05,6810
0.0349010640245594,0.2061995402298798,1.332722776505911,0.0001353732088998,6810
0.0377335891199677,0.1639373503684616,1.3329490174776029,-0.0002033629119008,6810
0.0418079815215122,0.7592926392889965,1.3368079528612364,-8.721492059979297e-05,6810
0.0445654729931962,0.7169915217208962,1.335997514975349,8.800758200203096e-05,6810
0.0472791601408049,0.6747031051717629,1.335369125196911,-0.0001883864716738,6810
0.049862849876795,0.6322378543547833,1.3353465591015392,0.0005698295119748,6810
0.052460492774008,0.5896722294582952,1.3359901161341852,-8.4370321486546e-05,6810
0.0550964838595151,0.5473453175357297,1.336314987242665,0.0001340628426885,6810
0.0579007602291197,0.5051295326026792,1.3349088158183968,0.0002115997035867,6810
0.0606752393410915,0.4627951379757621,1.333403847548508,0.0003445846113893,6810
0.0634134239833736,0.4203796049383298,1.3323072159422642,0.0002008264688257,6810
0.0661664393135928,0.3781749650381761,1.3320288146908583,8.542127436409613e-05,6810
0.0688045283477235,0.3358953648379597,1.3325833432781156,3.386887107295622e-05,6810
0.0715991124847383,0.2935697355700451,1.3317364207908686,-0.0001565484400434,6810
0.0744689442753675,0.2513641472291649,1.3309353164762343,-1.4941603905201106e-05,6810
0.0772648216495603,0.2090128486188077,1.3307721792807867,0.0001913154669546,6810
0.0868387074652976,0.7198625356424952,1.3335938814950312,-3.229560992105279e-05,6810
0.0895523946129063,0.677574119093362,1.3329654917165934,3.713079672505726e-05,6810
0.0921478887671851,0.635074640253908,1.3338125141225192,-1.4010929646611492e-05,6810
0.0947455316643981,0.59250901535742,1.3344560711551656,0.0001220454524222,6810
0.0975321989079083,0.5502270953945445,1.3332282086845348,2.600983366187609e-05,6810
0.1003364752775129,0.5080113104614942,1.3318220372602667,-8.591498147525467e-06,6810
0.1030543097204671,0.4656156826620995,1.3312605737798808,4.4824640453446085e-05,6810
0.1057924943627492,0.4232001496246673,1.330163942173637,-1.6718821437555764e-05,6810
0.1084994235455772,0.3810143045944111,1.3300065354462227,-0.0003474367408485,6810
0.1111375125797078,0.3387347043941945,1.3305610640334795,0.0002341334859709,6810
0.1139675311662093,0.2964060844353617,1.3298412689462764,7.790411433173522e-05,6810
0.1168373629568385,0.2542004960944816,1.329040164631642,-7.219714474072936e-06,6810
0.1318471322520705,0.6804617685508003,1.3306539354568758,-0.0001865058864499,6810
0.1344426264063493,0.6379622897113466,1.3315009578628016,0.0007516438442382,6810
0.137138620593105,0.5954676012724331,1.3315881907574303,4.604477222202447e-05,6810
0.1399252878366152,0.5531856813095577,1.3303603282867995,0.0001788350087853,6810
0.1427107429622068,0.5108579943959427,1.3294888929247926,5.84108549735729e-05,6810
0.145428577405161,0.468462366596548,1.3289274294444064,0.0003913110512809,6810
0.1480721713935542,0.4260926807652251,1.3296096911295074,-0.0001811225133494,6810
0.1507791005763822,0.3839068357349688,1.3294522844020928,-1.1328784314694472e-05,6810
0.1535696655452942,0.341640004143816,1.3285562581461758,9.446768004443136e-05,6810
0.1563996841317958,0.2993113841849832,1.3278364630589727,3.459632218607428e-05,6810
0.1768158753876977,0.6408446110899195,1.3292471980473848,0.000110044071128,6810
0.1795118695744534,0.5983499226510061,1.3293344309420134,-3.736158683177726e-05,6810
0.1822358408238546,0.556046223086887,1.328223451573853,-4.824241547016911e-05,6810
0.1850212959494462,0.513718536173272,1.327352016211846,-7.801463583958362e-05,6810
0.1877679648893022,0.4713703213428949,1.3279606207264385,-0.0001305103337462,6810
0.1904115588776955,0.4290006355115719,1.3286428824115395,9.21642882121404e-05,6810
0.1932225720420599,0.3867088078587767,1.328091470858574,5.116036330018309e-05,6810
0.1960131370109719,0.3444419762676238,1.327195444602657,7.499803728260729e-05,6810
0.2218638706496843,0.6012144282970697,1.3275802569247266,-2.4440680458141795e-05,6810
0.2245878418990855,0.5589107287329506,1.3264692775565663,0.0002219275870915,6810
0.2272881466463516,0.5165738961771664,1.3269708597091858,-0.0001027601329226,6810
0.2300348155862076,0.4742256813467894,1.3275794642237786,0.0001818695131817,6810
0.2328399547169387,0.4318850355700685,1.326829250844327,3.648066549021695e-05,6810
0.235650967881303,0.3895932079172732,1.3262778392913614,0.000109985617305,6810
0.2670741457268821,0.5618344753883231,1.3243589292035591,0.0001098548380435,6810
0.2697744504741482,0.5194976428325391,1.3248605113561789,0.0004575154295133,6810
0.2724755768346633,0.4771381649371715,1.3258717867275287,9.471006933545884e-05,6810
0.2752807159653944,0.4347975191604507,1.325121573348077,0.0001478208931,6810
0.3122614996906075,0.5224150199492241,1.3228473926103117,-9.290616434978056e-05,6810
0.3149626260511227,0.4800555420538566,1.3238586679816615,0.000265536589664,6810
-0.3263415318768402,0.0884894096053299,1.307777756757064,-0.0001632867261373,6930
-0.3228745588146051,0.1306375840712677,1.305237651114037,0.0001268867288792,6930
-0.2874309749968927,0.0429296831946224,1.3082678256622025,4.008086759661744e-06,6930
-0.2840252017816385,0.0851066957510393,1.3061385118806208,0.0001465080213998,6930
-0.2805582287194034,0.1272548702169771,1.3035984062375934,-0.0001165554138719,6930
-0.2771844229371121,0.1694913095485102,1.3023628294119989,-1.8534451767020232e-05,6930
-0.2485315883796922,-0.002662145082775,1.308005604127657,-0.0001399024372021,6930
-0.2451424006457381,0.0394886380673513,1.306339205303563,-6.184053207530793e-05,6930
-0.2417366274304839,0.0816656506237681,1.3042098915219813,-0.0001191768973457,6930
-0.2383016318440386,0.1238896608850552,1.3022562172096794,2.3049523298852848e-05,6930
-0.2349278260617473,0.1661261002165884,1.301020640384085,-1.83361527603676e-05,6930
-0.2314690329089499,0.2083642892404689,1.2992113681314823,0.0002284853899056,6930
-0.209753727936447,-0.0481245192611402,1.3080007136243528,-0.0003502962920526,6930
-0.2063651211954606,-0.0060611093314155,1.306402322013804,-0.000140731202733,6930
-0.2029759334615066,0.0360896738187108,1.3047359231897098,-0.0002172137266884,6930
-0.1995058212607891,0.0783099716775308,1.3027094581969438,0.0001113392880117,6930
-0.1960708256743438,0.1205339819388179,1.3007557838846422,-0.0001669283681295,6930
-0.192601447695716,0.1627484962048305,1.2990408291703373,0.0001245577505307,6930
-0.1891426545429185,0.204986685228711,1.2972315569177346,-0.0001159263961547,6930
-0.1857000631364062,0.2471737134009509,1.2948555462151343,0.0001035667355537,6930
-0.1709775550865708,-0.0935770421559712,1.3085288785252782,-0.0001532199627804,6930
-0.1675869392462263,-0.0514573226537193,1.306849379307181,-0.0001439758570782,6930
-0.1641983325052399,-0.0093939127239946,1.305250987696632,-0.0002380927587315,6930
-0.1607471080084158,0.0327434439363758,1.3031731936700308,9.632126672680374e-05,6930
-0.1572769958076983,0.0749637417951958,1.3011467286772649,-0.0001372791117079,6930
-0.1537816903579388,0.1171534475883804,1.2990931075901346,9.841246468482444e-05,6930
-0.150312312379311,0.159367961854393,1.2973781528758297,-6.754790381536396e-05,6930
-0.1468615414193296,0.201567609612163,1.2951859048412029,0.0001160122600292,6930
-0.1434189500128173,0.2437546377844029,1.2928098941386028,-7.621670437014255e-05,6930
-0.1401054725409188,0.2860258114554612,1.2909831817650694,-4.498017115820568e-05,6930
-0.1321660274900361,-0.1390627941022147,1.30915336052617,-0.000252541811967,6930
-0.1287281497417188,-0.0969195143523529,1.3070859149862877,8.889429735746412e-05,6930
-0.1253375339013743,-0.054799794850101,1.3054064157681902,-0.0002283175662912,6930
-0.1219344223149305,-0.0127542195567013,1.303809709035061,2.3232119568325493e-06,6930
-0.1184831978181063,0.0293831371036691,1.30173191500846,-0.0001480053423137,6930
-0.11498933323993,0.0715705453611199,1.2997009844924303,0.0001265459617108,6930
-0.1114940277901705,0.1137602511543045,1.2976473634052998,-0.0001458391878521,6930
-0.1080830931278227,0.1559706656530101,1.2954944747955195,3.6421679275838725e-05,6930
-0.1046323221678413,0.1981703134107801,1.293302226760893,-0.000212853857585,6930
-0.101173192894756,0.2403982024701497,1.290952203715206,0.0001052925821742,6930
-0.0978597154228575,0.282669376141208,1.2891254913416723,3.702050124486378e-05,6930
-0.094542885727923,0.3249518281718404,1.2872037993552012,0.0001375802899798,6930
-0.0932998409064934,-0.18453381693291,1.3098946593664138,-0.0001012725018496,6930
-0.0899831897972834,-0.1424442838212902,1.3077766989516988,-0.0001618594662684,6930
-0.0865453120489661,-0.1003010040714283,1.3057092534118164,-0.0001781715180304,6930
-0.0831169276022028,-0.0581490370878785,1.303852777857761,-0.0001865324018121,6930
-0.079713816015759,-0.0161034617944788,1.3022560711246325,-0.0003129402575116,6930
-0.0762161099334804,0.0260108166745184,1.3002654348983218,8.864568394593292e-05,6930
-0.072722245355304,0.0681982249319692,1.2982345043822925,-0.0001960630764808,6930
-0.0692267964499756,0.1103561424553022,1.29602616775392,7.539521772609303e-05,6930
-0.0658158617876279,0.1525665569540077,1.29387327914414,-7.275102183630644e-06,6930
-0.0624305909166067,0.1948491959428494,1.2916379901476156,0.0001407979509066,6930
-0.0589714616435214,0.237077085002219,1.2892879671019286,-0.0001846903887328,6930
-0.0556305132127762,0.2792789739138225,1.2870569572517478,-8.82131876201453e-05,6930
-0.0523136835178416,0.3215614259444549,1.2851352652652763,-3.329398970154662e-05,6930
-0.0510752437967081,-0.1879213332476817,1.3085690765963705,-0.0001093259069634,6930
-0.0489081891344314,0.3638215534623897,1.2830712519197305,3.668729029057682e-05,6930
-0.0477585926874981,-0.1458318001360619,1.3064511161816554,-0.0001881626988336,6930
-0.0443703401551399,-0.1037431016947441,1.3041647763226203,1.986887466760151e-05,6930
-0.0409419557083766,-0.0615911347111943,1.3023083007685654,-0.0001465166196988,6930
-0.0374589510360084,-0.0194971757712434,1.30081832547202,-1.572377722221241e-05,6930
-0.0339612449537297,0.0226171026977538,1.2988276892457098,-0.0001305825777143,6930
-0.0304817476503901,0.064806179730729,1.2962908600711605,0.0001217811944691,6930
-0.0269862987450617,0.106964097254062,1.2940825234427884,-0.000203264900665,6930
-0.0235714598503336,0.1491445776068116,1.2919815021842196,1.3280138337949663e-05,6930
-0.0201861889793124,0.1914272165956533,1.2897462131876951,-8.287431745399032e-06,6930
-0.0168835134741658,0.2336672056500439,1.2881433130316535,-0.0002410410785389,6930
-0.0135425650434207,0.2758690945616474,1.2859123031814723,-9.53114326375376e-05,6930
-0.01011917043949,0.3181572338340146,1.2835410394283713,1.008042192662123e-05,6930
-0.0067136760560798,0.3604173613519494,1.281477026082825,-0.0001282116589392,6930
-0.0055578364816401,-0.1491149266540839,1.304440919382406,2.689570419935755e-05,6930
-0.0033090627838832,0.4026617329818815,1.279251628701847,6.034535227406046e-06,6930
-0.0021695839492819,-0.107026228212766,1.3021545795233709,-0.0003933337219803,6930
0.001253115351341,-0.0649271738659483,1.300365782835379,2.4219934286737188e-05,6930
0.0047361200237093,-0.0228332149259974,1.2988758075388338,-0.0004759024052543,6930
0.0082672653724311,0.0192587485011551,1.297105653296883,0.0001311924151386,6930
0.0117467626757707,0.0614478255341302,1.2945688241223337,-0.0002579825139418,6930
0.0152238907150096,0.103622822595181,1.2921183526789597,9.760264492830044e-05,6930
0.0186387296097377,0.1458033029479306,1.2900173314203909,-0.000175117393446,6930
0.0218869053418065,0.1879755825876159,1.2888474685203095,-0.0002619775704705,6930
0.0251895808469531,0.2302155716420066,1.287244568364268,-0.0001336507544644,6930
0.0286111022893832,0.2724825968921402,1.2845792315040787,6.747618960344787e-05,6930
0.0320344968933139,0.3147707361645074,1.2822079677509772,-0.0001113399567488,6930
0.035483858128998,0.3570031111360366,1.2798978189530354,2.619327739577376e-05,6930
0.0388884714011946,0.3992474827659688,1.2776724215720574,-3.622198592688475e-05,6930
0.040035017170072,-0.1103692069875905,1.3005601184847104,-0.0001008105155331,6930
0.0421762609709332,0.4415161589578696,1.2757201807236265,-0.0001551134077961,6930
0.043457716470695,-0.0682701526407728,1.2987713217967185,-0.0001225537206683,6930
0.0469369908161672,-0.0261529052220036,1.2972497289486395,-1.6639061321085946e-05,6930
0.050468136164889,0.0159390582051489,1.2954795747066885,-0.0002226011913417,6930
0.0539217816262027,0.058105322612459,1.2930724959549746,3.0040351865871784e-05,6930
0.0573989096654415,0.1002803196735098,1.290622024511601,-0.0002382886870022,6930
0.0608395613630724,0.1424077968730736,1.288291966074692,-0.0001019649759169,6930
0.0640877370951412,0.1845800765127589,1.2871221031746112,8.498922739105103e-05,6930
0.0673746149278423,0.2268263496821637,1.285596869023672,9.98453678738645e-05,6930
0.0707961363702725,0.2690933749322974,1.2829315321634829,-6.417933550018767e-05,6930
0.0742208391450907,0.3113620628734903,1.2805898278084555,6.345720124943666e-05,6930
0.0776702003807748,0.3535944378450195,1.2782796790105138,-0.0001524478715689,6930
0.0810289236451131,0.3958684275623403,1.2761291398120975,-3.903929436920722e-05,6930
0.0843167132148517,0.4381371037542412,1.2741768989636668,-7.334706663240237e-05,6930
0.0857612171918789,-0.0716890221726062,1.2979928603933986,1.76820680382328e-07,6930
0.0876295318151124,0.4803838562874997,1.271847453337604,1.7758671722982455e-05,6930
0.0892404915373511,-0.029571774753837,1.2964712675453194,-0.0001860941076171,6930
0.0926676799968374,0.0125871006895923,1.2937117508734142,0.0001078788296329,6930
0.096121325458151,0.0547533650969024,1.2913046721217003,-0.000217383671381,6930
0.0995311930755396,0.0968852140552151,1.2889490978309868,-1.0689267816541004e-05,6930
0.1029718447731705,0.139012691254779,1.2866190393940782,-0.0002642192310409,6930
0.1062881567387969,0.1811393905258092,1.2852903580528978,-0.0003132672796748,6930
0.1095750345714981,0.223385663695214,1.2837651239019587,-4.060445776842697e-05,6930
0.113000257432388,0.2656827590078677,1.2816425606585231,2.1948598891465e-05,6930
0.1164249602072061,0.3079514469490606,1.2793008563034962,-7.664059944394175e-05,6930
0.1198168176194822,0.3502225797635041,1.2769275266871452,-2.1000886712543854e-05,6930
0.1231755408838205,0.3924965694808249,1.2747769874887291,-3.609956576306611e-05,6930
0.1264702922094067,0.4347503114639648,1.272542240158244,-0.0001339407978326,6930
0.1297831108096674,0.4769970639972233,1.2702127945321815,-6.770153074239088e-05,6930
0.1314748234894747,-0.0329351691901589,1.2951800580752528,2.837626219179268e-06,6930
0.134902011948961,0.0092237062532704,1.2924205414033478,-0.0001376189381212,6930
0.1382993581511623,0.0513395259086201,1.2898105244707063,-0.0001155866628297,6930
0.1417092257685509,0.0934713748669328,1.2874549501799932,-0.0001433267291946,6930
0.1449811330369137,0.1356500797082232,1.2858712069377318,-0.0003308039513366,6930
0.1482974450025401,0.1777767789792535,1.2845425255965512,-0.0002896572778218,6930
0.1517384511477005,0.2199862157878938,1.2822486723516684,5.47283779136834e-05,6930
0.1551636740085903,0.2622833111005475,1.280126109108233,-0.0001396051118541,6930
0.1585719132771474,0.3045401472102885,1.2779365204079576,-1.4781105444353073e-05,6930
0.1619637706894234,0.346811280024732,1.2755631907916063,-9.225374352585249e-05,6930
0.1653597108662595,0.3890906478228988,1.2730519116101338,2.0436273195395534e-05,6930
0.1686544621918457,0.4313443898060387,1.2708171642796489,-5.831369526462793e-06,6930
0.1770811145140823,0.0058058023663396,1.2915612405875123,-0.0001046699553236,6930
0.1804784607162836,0.0479216220216893,1.288951223654871,-0.0001890226097327,6930
0.1837219490036222,0.0900877901729299,1.287106003494746,-0.0003458300029455,6930
0.186993856271985,0.1322664950142203,1.2855222602524847,-0.000218578394082,6930
0.1904294102199238,0.1744531154968832,1.283125122954104,-8.490640881431144e-06,6930
0.1938704163650841,0.2166625523055235,1.2808312697092212,-0.0001942731954745,6930
0.1972526443170078,0.2588430539621922,1.2787125337255465,-0.0001559002097335,6930
0.2006608835855649,0.3010998900719332,1.2765229450252713,-0.0001091367115854,6930
0.204102053929752,0.3433592936217862,1.2737393994795423,-2.4295482934671982e-05,6930
0.2074979941065882,0.385638661419953,1.2712281202980693,-2.709647022512696e-05,6930
0.2226300499801503,0.0444524785789275,1.288452152381605,-0.0002594954933239,6930
0.2258735382674889,0.0866186467301682,1.28660693222148,0.0001608351570859,6930
0.2291306541456905,0.1288684423959462,1.284281924197792,-8.107242933878128e-05,6930
0.2325662080936293,0.1710550628786091,1.2818847868994112,-0.0001638272295518,6930
0.2359605157554933,0.213215397419618,1.2795625684657974,-0.0001865563455708,6930
0.239342743707417,0.2553958990762867,1.277443832482123,-0.0001243763053648,6930
0.2428022050228481,0.2976971199204247,1.2748497455201375,0.0001487817103261,6930
0.2462433753670353,0.3399565234702777,1.2720661999744087,-0.0001580855646524,6930
0.2681101574712778,0.0831423452164172,1.2854893379930754,-0.0001702640693737,6930
0.2713672733494794,0.1253921408821952,1.2831643299693871,3.4902316815452195e-05,6930
0.2746914577791789,0.1676721994618656,1.2806828293220556,-1.1053586461022558e-05,6930
0.2780857654410429,0.2098325340028745,1.2783606108884418,-0.0002445210697844,6930
0.2814647032918315,0.2520187368094676,1.2757031479806915,4.340354420766246e-05,6930
0.2849241646072626,0.2943199576536056,1.2731090610187068,-0.0001754028920471,6930
0.3136242079545139,0.1219843941107534,1.282123937735418,2.955344378575281e-05,6930
0.3169483923842134,0.1642644526904239,1.2796424370880863,5.21167215898205e-05,6930
0.3202263421274176,0.2065048283853205,1.2768061958885948,-4.745377913571713e-05,6930
0.3236052799782061,0.2486910311919136,1.2741487329808447,-0.0001694272193535,6930
0.3591849575472847,0.1608106608179978,1.278252789347886,-5.52819072576205e-05,6930
0.3624629072904889,0.2030510365128945,1.2754165481483946,7.836815457458457e-05,6930
-0.3544629920252984,0.1136050571372092,1.349501801594743,0.000202339495848,6990
-0.3539844949399213,0.0713192612969598,1.3524211594513265,0.000112272726465,6990
-0.3128455558649624,0.156081987746601,1.3426350323767489,-0.0004542302658646,6990
-0.3122619728080031,0.1137510393576538,1.3445622216263626,-8.798171052189219e-05,6990
-0.311783475722626,0.0714652435174044,1.347481579482946,-0.0001517245261446,6990
-0.311298274625446,0.0291740208520039,1.3504612402479776,-7.431892296239778e-05,6990
-0.2713443751526122,0.1985546291684764,1.336019309576587,-3.083779073819598e-05,6990
-0.2707593559512288,0.1561692260420494,1.3381883346686732,0.0002896096329058,6990
-0.2701757728942696,0.1138382776531022,1.340115523918287,-0.0001652108821612,6990
-0.2696646603242544,0.071544986741733,1.3429134968960552,6.505162419556676e-05,6990
-0.2691794592270745,0.0292537640763325,1.345893157661087,-8.787236529049502e-05,6990
-0.26867401495591,-0.0129585545779563,1.34819527884844,3.2253288407974035e-05,6990
-0.2296228183472795,0.2410140658296074,1.3284070744765109,5.4852380465278405e-05,6990
-0.2291694538113983,0.1986912559648235,1.3312042786330294,5.530622538531954e-05,6990
-0.2285844346100148,0.1563058528383965,1.3333733037251152,-0.0001863682156403,6990
-0.2280052328084938,0.1139748638521912,1.3355493805255736,-2.985988633818354e-05,6990
-0.2274941202384787,0.0716815729408221,1.338347353503342,1.3336268313290933e-07,6990
-0.2270211554406455,0.0293309129242352,1.3412746805534383,-1.1703869227643047e-05,6990
-0.2265157111694811,-0.0128814057300537,1.3435768017407914,-0.000387534098759,6990
-0.2260521615307291,-0.0550475574501473,1.3462310578322805,-0.0001529053365377,6990
-0.1878860931203028,0.2834457944944681,1.3207908746479298,-4.796901331343556e-05,6990
-0.1874010630651219,0.2410819463104782,1.3236042839400564,0.0001224335493891,6990
-0.1869476985292408,0.1987591364456943,1.3264014880965749,-6.59947769179256e-05,6990
-0.1864357863530179,0.1564168035725852,1.328596557247239,0.0002842887000065,6990
-0.1858565845514969,0.1140858145863799,1.330772634047697,-0.0001805064376248,6990
-0.1853829453874241,0.0718068146035209,1.334036522922952,-1.3901489516028598e-05,6990
-0.1849099805895909,0.029456154586934,1.3369638499730483,-0.000158867978712,6990
-0.1844188853903567,-0.0127519538660616,1.3393631071291927,-0.0001617371563788,6990
-0.1839553357516047,-0.0549181055861552,1.342017363220681,-0.0001194831841162,6990
-0.1834914580869428,-0.0971306614374252,1.344091619196406,-4.528197844617249e-05,6990
-0.1461468533521091,0.3258602481048047,1.312668650777155,0.0001711493031489,6990
-0.1457048261372246,0.2835578102833443,1.3158616273774957,4.633990363768492e-05,6990
-0.1452197960820438,0.2411939620993544,1.3186750366696218,9.374138677011729e-05,6990
-0.144717565898908,0.1988576503356486,1.3213688506612682,4.1644968944827554e-05,6990
-0.1442056537226851,0.1565153174625396,1.323563919811932,-3.40845096093792e-05,6990
-0.1437203219945633,0.1141882520376638,1.3262060211173794,-4.831961613025598e-05,6990
-0.1432466828304904,0.0719092520548048,1.3294699099926346,6.989323312164147e-05,6990
-0.1427546780806574,0.0296373385301084,1.332576877633188,-2.28611706393142e-05,6990
-0.1422635828814232,-0.0125707699228871,1.3349761347893323,-0.0001946581176598,6990
-0.1418016861793818,-0.0548913829601293,1.3376026920565678,8.093021117191318e-05,6990
-0.1413378085147199,-0.0971039388113992,1.339676948032292,-0.0004646448832699,6990
-0.1408909412959448,-0.1393096136374614,1.341835278192845,4.321018902431889e-05,6990
-0.1044477529607857,0.3682960820748964,1.3046484622138497,-9.898680887419214e-05,6990
-0.1038798621967987,0.3259227937618834,1.306940376337594,0.0001995083850723,6990
-0.1034378349819142,0.283620355940423,1.3101333529379344,0.000224578821555,6990
-0.1030164678283996,0.241376415883235,1.3136150303189305,6.384089807248e-05,6990
-0.1025142376452638,0.1990401041195292,1.3163088443105768,2.233890295189056e-05,6990
-0.1020485184050992,0.1566838885232505,1.3193214939865714,1.96885524940682e-05,6990
-0.1015631866769774,0.1143568230983747,1.3219635952920188,-0.0001357643620851,6990
-0.1010755493543499,0.0720654554886483,1.324164104461881,2.629055942331149e-06,6990
-0.1005835446045168,0.029793541963952,1.3272710721024348,6.577471442850702e-05,6990
-0.100053311372454,-0.0124897420848801,1.3303710557928317,7.35192073717042e-05,6990
-0.0995914146704126,-0.0548103551221223,1.332997613060067,8.402364666006829e-05,6990
-0.0991551108299331,-0.0969316730699176,1.3352816146323274,-0.0002097598616353,6990
-0.098708243611158,-0.1391373478959797,1.3374399447928806,0.000156946884501,6990
-0.0982069516090747,-0.1814451810686626,1.3398998177508408,-1.813375383827309e-05,6990
-0.062725960186616,0.410786106045883,1.2970463288445673,0.0001647341954804,6990
-0.0622445415803043,0.3684048474417561,1.2997437977990602,0.0001752501284471,6990
-0.0616766508163173,0.3260315591287431,1.3020357119228043,-6.691921804131279e-05,6990
-0.0611826262299301,0.2837373547561629,1.3050452708673868,-8.167999275493498e-05,6990
-0.0607612590764154,0.2414934146989748,1.308526948248383,8.070335102932508e-05,6990
-0.0603191256675616,0.1991678035916571,1.3115028273187042,8.780981859612957e-05,6990
-0.059853406427397,0.1568115879953783,1.3145154769946987,0.0001009136926635,6990
-0.0593639163931789,0.1144816894943711,1.3172944274904348,0.0001020025065041,6990
-0.0588762790705513,0.0721903218846447,1.319494936660297,-9.45869330123833e-05,6990
-0.0584456041742225,0.0299176399559894,1.322214343739565,-3.893146852163715e-05,6990
-0.0579153709421596,-0.0123656440928427,1.325314327429962,-0.0001259569148117,6990
-0.057472395961137,-0.054495204318107,1.3285040130564485,-0.0003830587489529,6990
-0.0570360921206574,-0.0966165222659023,1.3307880146287088,-0.0003321465198599,6990
-0.0564536216201979,-0.1389786545905896,1.332834700595897,0.0001750109631486,6990
-0.0559523296181146,-0.1812864877632725,1.3352945735538575,-0.0002096912842719,6990
-0.0208765392738074,0.4532966662605248,1.28949154782303,9.607543447381904e-05,6990
-0.0204363377115583,0.4109504840263971,1.2919430490546464,0.0001146530193534,6990
-0.0199549191052467,0.3685692254222702,1.2946405180091394,0.0001500189687558,6990
-0.019466069588564,0.3262463549720171,1.2977302225371403,1.7240633293794105e-05,6990
-0.0189720450021767,0.2839521505994369,1.300739781481723,8.172352165691787e-05,6990
-0.0185086908840987,0.2415755136278581,1.3034867913365953,0.0001056540444898,6990
-0.0180665574752449,0.1992499025205404,1.3064626704069164,9.894944260697286e-05,6990
-0.0176506358505138,0.1569728360198585,1.309488104970073,-3.257014680561887e-06,6990
-0.0171611458162956,0.1146429375188513,1.3122670554658091,7.072970222440911e-06,6990
-0.0167076977121886,0.0723267731783437,1.3148177216691366,-5.658833840046368e-05,6990
-0.0162770228158597,0.0300540912496883,1.3175371287484046,2.079256947130903e-05,6990
-0.0157809421929084,-0.0121709191303122,1.320708151121117,-6.111144081906439e-05,6990
-0.0153379672118857,-0.0543004793555765,1.3238978367476038,-3.500621627380851e-05,6990
-0.0149306962205151,-0.0964798634365327,1.326543296760646,-3.398207096820538e-06,6990
-0.0143482257200556,-0.13884199576122,1.3285899827278342,-0.0001670296970441,6990
0.020969801700457,0.4957908861722908,1.2818013991359476,0.0001731517689532,6990
0.021350249064981,0.4534046385080598,1.284619874208849,5.86167113802924e-05,6990
0.02179045062723,0.4110584562739321,1.2870713754404657,-6.098689988173756e-05,6990
0.0222095040430676,0.3687405291413903,1.290251747165771,-5.305402755891725e-05,6990
0.0226983535597503,0.3264176586911372,1.2933414516937722,-0.0001730426833326,6990
0.0232433927017027,0.2840450730945226,1.2960953644865638,0.0001115997158923,6990
0.0237067468197807,0.2416684361229439,1.298842374341436,-5.533377599865191e-05,6990
0.0241246568837506,0.1993887693292927,1.301717092751136,-9.595032320769414e-05,6990
0.0245405785084818,0.1571117028286108,1.3047425273142923,-1.949289328329745e-05,6990
0.0249923860215551,0.1148543461391532,1.3074154356806336,-5.187546404347016e-05,6990
0.0254458341256621,0.0725381817986456,1.3099661018839617,3.1598630285983864e-05,6990
0.0259135109833812,0.030240797697848,1.3125908677385487,-6.303439130669192e-05,6990
0.0264095916063326,-0.0119842126821526,1.315761890111261,3.101286320704444e-05,6990
0.0269336884407047,-0.0542392869088251,1.318758262529247,3.150334914598513e-05,6990
0.0273409594320753,-0.0964186709897813,1.3214037225422892,-6.118886329703477e-06,6990
0.0631442472889447,0.4958464004572527,1.2768633658241146,6.494130784388125e-05,6990
0.0635246946534687,0.4534601527930216,1.279681840897016,-3.474925731253992e-05,6990
0.063924003923918,0.4111693165277646,1.2829402924736728,-6.255446511180263e-05,6990
0.0643430573397556,0.3688513893952229,1.2861206641989784,-4.304221643666034e-05,6990
0.0648622346014508,0.3264899689558838,1.2886439513517214,0.0001750830739688,6990
0.0654072737434032,0.2841173833592693,1.2913978641445127,-5.530833363992516e-06,6990
0.0658807190695495,0.2418345039307806,1.294080119290092,-4.723942087317412e-05,6990
0.0662986291335194,0.1995548371371295,1.296954837699792,0.0001178651591256,6990
0.0666598349602574,0.1573128482822155,1.3000060075273852,-0.0001936747036218,6990
0.0671116424733308,0.1150554915927579,1.3026789158937264,-8.375976133288138e-05,6990
0.0676573816482741,0.0727245064122432,1.3056432938620848,2.662367898546153e-05,6990
0.0681250585059933,0.0304271223114456,1.308268059716672,-0.000102329991443,6990
0.0685826249952518,-0.0118536218363557,1.3110040192415913,-1.6021198349848442e-05,6990
0.069106721829624,-0.0541086960630282,1.314000391659577,-0.0001709902564792,6990
0.1057043131331085,0.4535806864577198,1.274869240845392,-3.5236560017234964e-05,6990
0.1061036224035579,0.4112898501924629,1.2781276924220486,0.0001990862322492,6990
0.1065726148959461,0.3689850796733239,1.2814455831051093,7.916693827418608e-05,6990
0.1070917921576413,0.3266236592339848,1.2839688702578522,-6.512511072781503e-08,6990
0.1075700167266102,0.2842834072933803,1.2866568486144443,-1.934233369624283e-05,6990
0.1080434620527565,0.2420005278648916,1.2893391037600237,-7.608906251866526e-05,6990
0.1084510602191315,0.1997487048986843,1.2918715939164112,-0.000147082241827,6990
0.1088122660458695,0.1575067160437703,1.2949227637440035,0.0001065601047527,6990
0.1093596138360059,0.115168423112331,1.2981001819277025,0.0002448533314001,6990
0.1099053530109493,0.0728374379318163,1.3010645598960608,4.215085415717329e-05,6990
0.1103378040379589,0.0305951508257274,1.303838324580684,-2.8253711662151737e-05,6990
0.1107953705272175,-0.0116855933220738,1.306574284105603,5.187477819373898e-05,6990
0.1482714674866443,0.4114336544510221,1.2733548340795935,-0.0001131860746318,6990
0.1487404599790325,0.3691288839318832,1.276672724762654,-9.047651758652132e-05,6990
0.1492193180177659,0.3268291442790193,1.279232761821293,-6.615206535810769e-05,6990
0.1496975425867348,0.2844888923384148,1.2819207401778856,2.3882089559418285e-07,6990
0.150162062821873,0.2421180030989161,1.284876916282727,-6.106380713363779e-05,6990
0.1505696609882479,0.1998661801327087,1.2874094064391142,-0.0001924341932331,6990
0.1510607976692902,0.1575902108089697,1.2905715116191767,6.687473544638584e-05,6990
0.1516081454594267,0.1152519178775304,1.2937489298028757,-0.0001789143360049,6990
0.1520139429636213,0.0730563431412625,1.2965744057240116,-0.0003245037551753,6990
0.1524463939906308,0.0308140560351736,1.2993481704086345,-0.0001614705712373,6990
0.1908310641724273,0.3693040321268902,1.271728911793086,-6.183750004429972e-05,6990
0.1913099222111607,0.3270042924740263,1.274288948851725,-4.35525189398378e-05,6990
0.1918023642452765,0.2845853834048949,1.2773179278182785,9.459070213192756e-05,6990
0.1922668844804148,0.2422144941653962,1.2802741039231198,-9.090218180304172e-05,6990
0.1927311540949934,0.2000123521587736,1.2828296758021345,-0.0001178691853813,6990
0.1932222907760356,0.1577363828350346,1.285991780982197,0.0001380652315773,6990
0.1937826568622267,0.1153959186752685,1.289297040159026,6.092678543528213e-05,6990
0.1941884543664213,0.0732003439390007,1.2921225160801622,1.868229103133001e-05,6990
0.2335037399351315,0.3270778882224096,1.2698002992331732,0.0001946780158102,6990
0.2339961819692474,0.2846589791532782,1.2728292781997266,6.248776273593687e-05,6990
0.2344402225592255,0.2423860860957854,1.2754599515075091,-5.500692214897851e-05,6990
0.2349044921738041,0.2001839440891628,1.2780155233865238,-8.431703072665775e-05,6990
0.2353656581900065,0.1578733774355966,1.280895639429393,7.231858565132088e-05,6990
0.2359260242761976,0.1155329132758305,1.284200898606222,-6.969335300777146e-05,6990
0.2761360811030021,0.2848820162463423,1.267861956963683,-0.0001608926215025,6990
0.2765801216929802,0.2426091231888495,1.270492630271466,-2.59180488376351e-05,6990
0.2771173662641816,0.2002625712222227,1.2738273160327829,3.4241242683551165e-05,6990
0.277578532280384,0.1579520045686565,1.2767074320756522,-8.104117803425792e-05,6990
0.3186520972466747,0.2428029610405986,1.2660587532853311,-0.0001407904417258,6990
0.3191893418178761,0.2004564090739718,1.269393439046648,-5.441909668305045e-05,6990
-0.7498699561655833,0.4262590305046596,1.2848397566293346,-3.902561551962641e-05,7080
-0.7440217502484396,0.4679693387977415,1.2794135525347343,3.401895223686946e-05,7080
-0.7137928905438836,0.3787797998169286,1.2912983249734418,-1.76322361231801e-06,7080
-0.7078966429026079,0.4205419349134343,1.286171041104874,-4.6239987444081365e-05,7080
-0.7020484369854643,0.4622522432065162,1.280744837010274,4.127594877810503e-05,7080
-0.6960966326864169,0.504130531604739,1.2763255180752495,0.0002276433340536,7080
-0.6777286709113669,0.3312556897845524,1.2979067907873392,4.9500397008683805e-05,7080
-0.6718336023361433,0.373061716593054,1.2927593882450323,9.26538136260882e-05,7080
-0.6659373546948677,0.4148238516895597,1.2876321043764647,-2.585278145924436e-05,7080
-0.6600522910845148,0.4566253153784846,1.2825570620212354,0.0001160812560009,7080
-0.6541004867854674,0.4985036037767073,1.2781377430862113,-0.0001169978263335,7080
-0.6481756245736721,0.5402098348361218,1.2726172051822262,3.310844383641598e-05,7080
-0.6416114380777304,0.2838198513351793,1.3041694164023772,-0.0001483417785294,7080
-0.6357185804460836,0.3255784841561192,1.2990651256084544,0.0001788753079292,7080
-0.6298235118708602,0.3673845109646207,1.2939177230661478,-6.759411612601574e-05,7080
-0.6240045594841561,0.4091740298622656,1.288830168510246,2.915493082918108e-05,7080
-0.6181194958738033,0.4509754935511905,1.2837551261550169,-0.0001306808057506,7080
-0.6121400429062884,0.4927432898027605,1.2785498532619437,0.0001583364724733,7080
-0.6062151806944931,0.5344495208621751,1.2730293153579586,-9.77858177369506e-05,7080
-0.6055041312477982,0.2363761753702713,1.3106223459649415,9.39801235781898e-05,7080
-0.6002421435979182,0.5762324730811694,1.26836164340742,0.0002216115285863,7080
-0.5996010790389934,0.2781025825298512,1.3052428006609025,-1.040335859721353e-05,7080
-0.5937082214073466,0.3198612153507912,1.3001385098669798,9.436563492584704e-05,7080
-0.5878116806730025,0.3616647475576695,1.2950122107913342,5.198124575197388e-05,7080
-0.5819927282862984,0.4034542664553143,1.2899246562354325,0.0001571547768973,7080
-0.5761479249703648,0.44514916320752,1.28451175320816,2.3255778278635782e-05,7080
-0.5701684720028499,0.4869169594590901,1.2793064803150866,6.726611797581994e-05,7080
-0.569373035492735,0.1888750635522196,1.317559144151259,7.211543055613695e-05,7080
-0.5642624365130118,0.5286586526132226,1.2740127649733224,-0.0001121991857649,7080
-0.5634985214525139,0.2306043893605024,1.312113328402139,6.315329738859621e-05,7080
-0.5582893994164368,0.570441604832217,1.2693450930227836,-6.141917404232922e-05,7080
-0.5575954692437091,0.2723307965200824,1.3067337830980996,1.8420387885062502e-05,7080
-0.5522808770404789,0.6122459479561289,1.2648317245626246,-5.231190136074232e-05,7080
-0.5517071315890001,0.31409463251132,1.301237776256,0.0001011135364032,7080
-0.545810590854656,0.3558981647181983,1.2961114771803544,-5.400071299024867e-06,7080
-0.5398935863672261,0.3976867453769223,1.290908078083544,0.0001272622547858,7080
-0.5340487830512923,0.439381642129128,1.2854951750562715,-2.4164039472945875e-05,7080
-0.5332481740748358,0.141370442648521,1.3241071083046445,4.649061858520709e-06,7080
-0.5281672621493525,0.4810920830029581,1.2802469817793671,0.0001804711579189,7080
-0.5274210258841351,0.1830503373087108,1.3188025363273654,-0.0001601914439894,7080
-0.5222612266595144,0.5228337761570907,1.2749532664376029,5.2320215806409e-06,7080
-0.521546511843914,0.2247796631169936,1.3133567205782453,5.672431034780406e-05,7080
-0.5163986253647386,0.5644814317799662,1.26971184610075,-8.651012084207044e-06,7080
-0.5156193411641086,0.266587356493815,1.3078530809315714,2.6014023444827228e-05,7080
-0.5103901029887806,0.6062857749038781,1.265198477640591,-5.859650060979771e-05,7080
-0.5097310035093997,0.3083511924850526,1.3023570740894717,3.2129265175602495e-05,7080
-0.5044160991418594,0.6481098491009345,1.2606904815785565,-4.089612051311892e-05,7080
-0.5038325779651578,0.3501329647618977,1.2971296297923054,2.695801156634564e-05,7080
-0.4979155734777279,0.3919215454206216,1.2919262306954953,1.5311636287693164e-05,7080
-0.4920279090727337,0.4336445549686198,1.286676637150779,-9.252491735053936e-05,7080
-0.4912082490882509,0.1355623844247345,1.3252483503528236,8.33410103257548e-05,7080
-0.4861463881707939,0.47535499584245,1.2814284438738746,2.4699588567766995e-06,7080
-0.4853811008975501,0.1772422790849243,1.3199437783755448,0.0001293115514384,7080
-0.480171207867517,0.5170646583336835,1.276012274576722,7.897962994613678e-05,7080
-0.479524205372172,0.2189752420922993,1.3139549351688748,0.0003024702605436,7080
-0.4743086065727412,0.5587123139565591,1.2707708542398692,2.74494303947187e-06,7080
-0.4735970346923666,0.2607829354691207,1.308451295522201,6.502790633992894e-05,7080
-0.4686510405680212,0.6002464411514022,1.265478179385809,-0.0003767739160386,7080
-0.4677480676970487,0.3025392404230492,1.3032938407432773,5.768288106490493e-05,7080
-0.4626770367210999,0.6420705153484586,1.2609701833237743,-5.785859590829584e-05,7080
-0.4618496421528069,0.3443210126998942,1.298066396446111,5.899660531878681e-05,7080
-0.4565435176528363,0.6838950846946313,1.2571577569471786,-0.0002064758988738,7080
-0.4558637305174423,0.3861642368186571,1.2932515908959925,0.0002112753036476,7080
-0.4499760661124481,0.4278872463666553,1.2880019973512762,7.601230910460333e-05,7080
-0.4440422358581634,0.4696607383392837,1.2823338706372032,0.0004056885795658,7080
-0.4432402576108391,0.1714988512284977,1.32073190503991,0.0001323108931093,7080
-0.4380670555548865,0.5113704008305172,1.2769177013400508,-0.0001278744476236,7080
-0.437383362085461,0.2132318142358728,1.3147430618332403,0.0001457756427483,7080
-0.4315479072067144,0.25502664153998,1.3097228521681037,4.374785003367215e-05,7080
-0.4256989402113966,0.2967829464939086,1.3045653973891795,0.0001013657552426,7080
-0.4208003921442415,0.6363171571495141,1.261431972751927,0.0004982947213085,7080
-0.4198483181088567,0.3385367376598137,1.299458854860294,3.833331888201952e-05,7080
-0.4146668730759778,0.6781417264956868,1.2576195463753308,-0.0006150067307807,7080
-0.4138624064734921,0.3803799617785766,1.2946440493101754,1.236056630774668e-05,7080
-0.4085342482235772,0.7196120820899055,1.2543229104105151,1.71657174522985e-05,7080
-0.4078967489466175,0.4220963535004187,1.2889937746967988,-4.151144775590282e-05,7080
-0.4019629186923329,0.4638698454730471,1.2833256479827255,0.0001450479730512,7080
-0.3953634862004856,0.2074882052120523,1.316405829386846,-2.3551983656860956e-05,7080
-0.3895280313217391,0.2492830325161595,1.311385619721709,8.723357702784817e-05,7080
-0.383651068504465,0.2910042020863215,1.3061560413851647,-1.8314320450595056e-05,7080
-0.3778004464019251,0.3327579932522266,1.3010494988562793,0.0001451385043884,7080
-0.3728001454170119,0.6724993596781773,1.2576442415834928,-3.996922694556732e-05,7080
-0.371863186647386,0.3745970770563773,1.2959087580383828,0.0002267861221855,7080
-0.3666675205646114,0.7139697152723958,1.254347605618677,-0.00093018093266,7080
-0.3658975291205115,0.4163134687782195,1.290258483425006,2.8953748165611023e-05,7080
-0.3604487985301478,0.755282829580951,1.2523238689128002,-0.0001989573955026,7080
-0.3599597146518245,0.4578665706819615,1.2846508399630556,-1.8518667791268817e-05,7080
-0.3475165072624687,0.2435100907707818,1.3131787513950777,-1.7379244840687313e-05,7080
-0.3416395444451947,0.2852312603409437,1.307949173058533,9.90023592739031e-05,7080
-0.3357170936718441,0.3269893376130935,1.302215372508464,0.0001542890794505,7080
-0.3308788242307422,0.6665976794849596,1.2588446643948925,6.2091245338812e-05,7080
-0.3297798339173049,0.3688284214172442,1.2970746316905677,6.894348586969357e-05,7080
-0.3247305932542947,0.708373716527305,1.2542732338166878,0.0001942196529186,7080
-0.3238867082350544,0.4105255157460774,1.2917826960934111,-6.651753999867283e-05,7080
-0.3185118712198312,0.7496868308358602,1.252249497110811,-0.0010745087824565,7080
-0.3179488937663673,0.4520786176498195,1.286175052631461,-0.0001406431655373,7080
-0.3122318324625088,0.7907655848198714,1.2521226924133957,-4.840479527400132e-05,7080
-0.299550107979612,0.2794786543577052,1.3094237641192952,0.0001774316745481,7080
-0.2936276572062613,0.321236731629855,1.303689963569226,0.0001927983919352,7080
-0.2887277224408229,0.6607068841715407,1.260463699782223,0.0002930458082948,7080
-0.2876568416294811,0.3629445025810274,1.298104306950255,0.0001721415774716,7080
-0.2825794914643754,0.7024829212138859,1.2558922692040184,4.8864258743813727e-05,7080
-0.2817637159472306,0.4046415969098605,1.2928123713530986,0.0002069150526291,7080
-0.276566234683449,0.7442577267892765,1.250927593587983,0.000119849079028,7080
-0.2759061074384168,0.4463286149841556,1.2877417053050668,7.212337576139455e-05,7080
-0.2702861959261265,0.7853364807732877,1.2508007888905683,-0.0015890389763082,7080
-0.2516077634167595,0.3153739290972855,1.3050823516580738,-7.826389631048619e-05,7080
-0.2463015490894318,0.6545518107215206,1.2626961979404203,0.0009496098433546,7080
-0.2456369478399793,0.3570817000484579,1.2994966950391027,-5.013328584040078e-06,7080
-0.2405732157314814,0.6966272993844292,1.2568377098291594,8.449834466763007e-05,7080
-0.239663627294835,0.3987611582648203,1.2939660376068802,-0.0001152752189682,7080
-0.234559958950555,0.7384021049598197,1.251873034213124,-6.327442673401129e-05,7080
-0.2338060187860213,0.4404481763391155,1.2888953715588487,4.18472050662394e-05,7080
-0.2277101838539462,0.482197636323153,1.2830462121792994,0.0004588592550011,7080
-0.2101590054934128,0.6067987093199115,1.269496466291982,-0.0003968306491348,7080
-0.2041285998396852,0.6485631991226193,1.2639515726133843,0.00021741433115,7080
-0.2035670658373977,0.3512072002913234,1.3007724923741302,0.0002559767419592,7080
-0.1984002664817348,0.690638687785528,1.2580930845021232,0.0005261113102586,7080
-0.1975937452922533,0.3928866585076858,1.2952418349419077,0.0001864201211659,7080
-0.1918306847050946,0.4346185042525792,1.2901065695023513,-7.425643708105362e-05,7080
-0.1857348497730195,0.4763679642366168,1.284257410122802,-1.5764267192443226e-05,7080
-0.179879931918892,0.5179220765188388,1.2798588028617242,-0.0008126571997948,7080
-0.1742393551334857,0.5594139965779319,1.2759610343928096,1.9980036920400068e-05,7080
-0.1681633203200182,0.601164593392449,1.27004089992287,0.0003970102892,7080
-0.1621329146662906,0.6429290831951568,1.2644960062442725,1.6567178618642764e-05,7080
-0.1555512619814172,0.387018111634303,1.296358913294978,-0.0001308016494645,7080
-0.1497882013942585,0.4287499573791964,1.2912236478554218,0.0001647550570533,7080
-0.1441190233179235,0.4704446980058967,1.2874434476280214,-0.0004515799527832,7080
-0.138264105463796,0.5119988102881188,1.2830448403669434,-0.0001419098143205,7080
-0.1322100898597535,0.5535789782561176,1.2773173496531225,2.0485683130753995e-05,7080
-0.1261340550462861,0.5953295750706347,1.2713972151831827,0.0001502273200331,7080
-0.1080297078805185,0.4230714619738646,1.2945091532455897,-0.0004222856761821,7080
-0.1023605298041835,0.4647662026005649,1.2907289530181891,-0.0002062208415453,7080
-0.0961882929961323,0.5062812515404003,1.2844479586980064,0.0003350129115817,7080
-0.0901342773920897,0.5478614195083992,1.2787204679841853,-9.885038986819084e-05,7080
-0.0603782286993831,0.458879176889548,1.292993784519053,-0.0002575729852441,7080
-0.0542059918913319,0.5003942258293834,1.28671279019887,0.0002509928851508,7080
-0.7348502704853865,0.4444126608090938,1.3345073871023685,5.167505052377369e-05,7140
-0.7304899305991113,0.4865827205998446,1.3316913583558447,0.0001215491518061,7140
-0.6968433321122862,0.3980365200785346,1.3376429792187925,3.782811583985524e-05,7140
-0.6925322451609066,0.4401964416936901,1.3347947912629872,0.0003116647196081,7140
-0.6881719052746312,0.4823665014844409,1.3319787625164632,-1.1780223371490872e-05,7140
-0.6838902937272369,0.5243793173475522,1.3278739698691138,0.0001783644415519,7140
-0.6587221278878712,0.3517053211035987,1.341148143330829,0.0001761188036854,7140
-0.6544812267254886,0.3937721031776521,1.3373053592797572,9.803902479264824e-05,7140
-0.6501701397741089,0.4359320247928076,1.334457171323952,0.0001192452608417,7140
-0.645867432669211,0.477959371611907,1.3304272342078325,9.54955490661269e-05,7140
-0.6415858211218166,0.5199721874750183,1.3263224415604826,0.0001295679635059,7140
-0.6374246811938752,0.5620814747099292,1.3220922246501858,5.4118473613633256e-05,7140
-0.6206028228761374,0.3055443818303637,1.3449444249349831,-0.0001984197381663,7140
-0.61639188339334,0.3475303911127414,1.3414811462161385,0.0001855244304306,7140
-0.6121509822309573,0.3895971731867947,1.3376383621650665,-6.667427147528937e-05,7140
-0.6080235470752358,0.4315455174658067,1.3330106561615214,-2.164351404226189e-05,7140
-0.603720839970338,0.4735728642849061,1.328980719045402,-0.0002339241090397,7140
-0.5993308983144989,0.5155395332170114,1.3249336906335918,4.000577321665311e-05,7140
-0.5951697583865576,0.5576488204519223,1.320703473723295,0.000293904115712,7140
-0.5909943088502203,0.5997838623066154,1.316827038666728,3.600872507060482e-05,7140
-0.5825870505192012,0.2593599758217146,1.348187599093054,1.090269013923756e-05,7140
-0.5783621580080457,0.3014187500730347,1.3444591343928542,-7.1996734111901e-05,7140
-0.5741512185252482,0.3434047593554123,1.3409958556740094,-0.0001104701001634,7140
-0.5698716324659907,0.3854238953512342,1.3369738152512394,0.00016416256613,7140
-0.5657441973102693,0.4273722396302462,1.3323461092476945,4.146996796138003e-05,7140
-0.5615653752702676,0.4692618713379499,1.3278263355945883,0.0001514169731635,7140
-0.5571754336144287,0.5112285402700552,1.3237793071827784,-0.0001627146767296,7140
-0.5529385849552719,0.5532163277856246,1.3194227145759585,-3.2649824265734706e-06,7140
-0.5487631354189345,0.5953513696403177,1.315546279519391,0.0001023334785632,7140
-0.5446575362066859,0.2131021411010825,1.351714124254996,-0.0001618685834951,7140
-0.5444300438823264,0.6375931138490352,1.3121123712788585,0.0002970436312182,7140
-0.5404401838455748,0.2551705576304258,1.3477097045429771,0.0001075720447953,7140
-0.5362152913344193,0.2972293318817459,1.3439812398427775,-0.000218653847727,7140
-0.5319282675909568,0.3391867118790966,1.339894203664164,0.0001303547008727,7140
-0.5276486815316994,0.3812058478749184,1.335872163241394,-0.0001207984559746,7140
-0.523379409273247,0.4231748656926689,1.3318506010714073,5.133187291448543e-05,7140
-0.5192005872332454,0.4650644974003726,1.3273308274183018,-6.843121859549661e-05,7140
-0.5149366822802701,0.5070355544949803,1.3229689677733891,0.0002602170174617,7140
-0.5106998336211133,0.5490233420105496,1.318612375166569,-9.011559544476466e-06,7140
-0.5067086822216416,0.1669421821213993,1.355509548124802,-8.400288430222141e-05,7140
-0.5064735724281842,0.5909804610671942,1.3146836675544078,0.0001455695549124,7140
-0.5024943901772307,0.2089237319370372,1.3511243143058849,2.6671624764634805e-05,7140
-0.5021404808915761,0.6332222052759118,1.311249759313875,0.0002358490509586,7140
-0.4982770378161197,0.2509921484663804,1.3471198945938665,2.687346712430816e-06,7140
-0.4978886360610485,0.6753699397770554,1.307585506863039,-6.780259171261516e-05,7140
-0.4940033566698829,0.29294004355764,1.3431079474436851,-3.610996365056851e-05,7140
-0.4897163329264205,0.3348974235549907,1.3390209112650715,8.289158051746903e-06,7140
-0.4854922007559729,0.3768986975310646,1.3349511776477518,-8.140748449651097e-05,7140
-0.4812229284975205,0.4188677153488151,1.330929615477765,-0.0001037062106423,7140
-0.4769058627312753,0.4607574019257547,1.3264290977065405,-2.0094672657990087e-05,7140
-0.4726419577783,0.5027284590203623,1.3220672380616278,7.566422648181553e-05,7140
-0.4685174291871269,0.5446740924023201,1.3175469438811498,-0.0002355476507306,7140
-0.464494809823554,0.1627540747273851,1.354819483003932,0.0001347092923082,7140
-0.4642911679941979,0.5866312114589647,1.3136182362689883,-7.888968396887325e-05,7140
-0.4602805177791431,0.2047356245430229,1.3504342491850148,-9.488917396768826e-05,7140
-0.4599385185043507,0.6287334283718166,1.3104221686575954,7.742256853564278e-06,7140
-0.4561234769210164,0.2467435229567615,1.34673922030164,-2.396372484134157e-05,7140
-0.4556866736738232,0.6708811628729603,1.3067579162067595,0.0001516795271081,7140
-0.4518497957747797,0.2886914180480212,1.3427272731514586,-0.0002939472471036,7140
-0.4513441412171217,0.7129676006384552,1.303597577001418,1.8702867340264493e-07,7140
-0.4474872326740351,0.330575185111275,1.3379000047902203,0.0001582561176265,7140
-0.4432631005035874,0.3725764590873489,1.3338302711729009,-2.4753642439409584e-05,7140
-0.4390659285369477,0.4148006854804463,1.3303441885344092,0.0003036143434481,7140
-0.4347488627707025,0.4566903720573859,1.3258436707631844,-0.0005656020259176,7140
-0.4303001712809768,0.4982632748987998,1.3204700167830343,0.0002581157579002,7140
-0.4261756426898037,0.5402089082807575,1.3159497226025565,0.000309419693234,7140
-0.4180685067135311,0.2005871858322109,1.3501764445787607,8.525001685626143e-06,7140
-0.4139114658554044,0.2425950842459495,1.346481415695386,-6.481808457944882e-05,7140
-0.4132965131224639,0.6664095898388736,1.3067228185927249,0.00015538816702,7140
-0.409704763261904,0.2845648735088081,1.342416836972361,9.2325009736903e-05,7140
-0.4089539806657625,0.7084960276043686,1.3035624793873837,0.0002700316370805,7140
-0.4053422001611594,0.326448640572062,1.337589568611123,-0.0002915330025687,7140
-0.4048136896671273,0.7507338868786773,1.2993547345111582,0.0001608320602814,7140
-0.4010492295183321,0.3684464062493863,1.3335119122900625,2.6550341329797944e-05,7140
-0.3968520575516924,0.4106706326424837,1.3300258296515706,9.558345887557274e-05,7140
-0.3925909017898772,0.4525654762696513,1.3250707272138913,-5.270737493837108e-05,7140
-0.3881422103001514,0.4941383791110652,1.319697073233741,-0.0005817239194551,7140
-0.3717016771346377,0.238424635271954,1.3459973431812886,-2.4737113456588244e-05,7140
-0.3674949745411374,0.2803944245348126,1.3419327644582637,-0.0001677015273486,7140
-0.3667554595742166,0.7041259737309473,1.3029794626275495,-9.066416564901258e-05,7140
-0.3633399674485809,0.3224376717354936,1.3380189022237214,-3.2352887977211975e-05,7140
-0.3626151685755814,0.746363833005256,1.2987717177513245,0.0002933872199724,7140
-0.3590469968057534,0.3644354374128178,1.3339412459026605,-0.000390362917104,7140
-0.3583576311034234,0.7883967802636662,1.295959345423127,-0.000327102734198,7140
-0.3547011079897816,0.406512778756958,1.3297149293086077,0.000170375190668,7140
-0.3504399522279664,0.4484076223841256,1.324759826870928,-0.0004433424195459,7140
-0.3253226902560503,0.2762533705677256,1.342097815768741,-1.9241575839296088e-05,7140
-0.3247354692907387,0.7000992193771054,1.3010221950618952,-0.0005919309335633,7140
-0.3211676831634938,0.3182966177684065,1.3381839535341988,8.403921060839287e-05,7140
-0.3203063685010617,0.7416874128935667,1.2999816936457913,-0.0002290891825615,7140
-0.316896629582605,0.3602891073599436,1.333783974187594,0.0001618204272527,7140
-0.3160488310289038,0.7837203601519769,1.297169321317594,0.0004715344018875,7140
-0.3125507407666331,0.4023664487040837,1.3295576575935408,9.640835963069944e-05,7140
-0.3121623190460311,0.8258101369859954,1.2935241123951011,-0.0006787925344048,7140
-0.3083753602942164,0.4444396064229832,1.3253122577338643,-0.0001045772931135,7140
-0.2826067496577765,0.6961182350570276,1.299296928877462,9.939827850197896e-05,7140
-0.2788374235394371,0.3140170868734848,1.3378493280911212,0.0001115005284786,7140
-0.2781776488680996,0.7377064285734889,1.2982564274613584,-0.0010714292123344,7140
-0.2745663699585483,0.3560095764650218,1.3334493487445165,1.894202376690607e-05,7140
-0.2741391344313389,0.7790624163187769,1.2981877681826062,-0.0009088260412963,7140
-0.2704262078106716,0.398091418216498,1.3290870707569995,1.5407118684397647e-05,7140
-0.2702526224484663,0.8211521931527953,1.2945425592601136,0.0004071176454314,7140
-0.2662508273382549,0.4401645759353975,1.3248416708973232,-5.357009830855852e-05,7140
-0.2619958369240396,0.4821693253918513,1.3203057494294512,0.0001022749400645,7140
-0.2404038193011279,0.6918900030530915,1.298731405610443,-3.502019815269236e-05,7140
-0.2362811161559031,0.7339745797741379,1.2944133482978892,-4.459899461597972e-05,7140
-0.2323845609796639,0.3517737739588474,1.3328063356501798,3.653299673654631e-05,7140
-0.2322426017191425,0.7753305675194259,1.294344689019137,-0.0009000345334504,7140
-0.2282443988317873,0.3938556157103237,1.3284440576626633,8.666827538780092e-05,7140
-0.2239917679807042,0.4359178168723158,1.3239917717500382,0.0002012958838877,7140
-0.2197367775664888,0.4779225663287696,1.319455850282166,5.347082929339775e-06,7140
-0.2154304604909622,0.5198753470529288,1.3152273668161911,0.0001645941946865,7140
-0.2025438608652311,0.6456096182412061,1.3024519306682134,-0.000143034813407,7140
-0.1983578087278705,0.6875585514284337,1.2980851316232456,-0.0002612411358237,7140
-0.1942351055826457,0.7296431281494801,1.2937670743106915,0.000139821567719,7140
-0.1860021842021268,0.3896499744142392,1.3278529614040202,0.0001383385070747,7140
-0.1817495533510437,0.4317121755762313,1.3234006754913952,-0.0001049407366278,7140
-0.1775740337015904,0.473672893695132,1.319458947535061,-0.0001815323305746,7140
-0.1732677166260638,0.5156256744192912,1.3152304640690862,-0.0002400963338813,7140
-0.1689654670922094,0.5574918215731182,1.3106177139180064,-0.0002436809300049,7140
-0.1647464867417357,0.5993815767158379,1.3064521503339142,-0.0001621213097737,7140
-0.1604306174368403,0.6413594866640813,1.301877186972387,8.445133333102178e-05,7140
-0.1562445652994797,0.6833084198513089,1.2975103879274192,-6.730422596207264e-05,7140
-0.1397847946193358,0.4275206700063797,1.3242985926861643,-0.0003995679811763,7140
-0.1356092749698824,0.4694813881252804,1.3203568647298305,-0.0001954142076826,7140
-0.1311989391005408,0.5113241224529049,1.315030552148397,-1.301569039815348e-05,7140
-0.1268966895666864,0.5531902696067319,1.3104178019973172,-0.0001382847543003,7140
-0.122565595986474,0.5951980255651397,1.3052961417729274,0.0003040547110076,7140
-0.1182497266815786,0.637175935513383,1.3007211784114003,-0.0002304828494895,7140
-0.0935313739767356,0.465314352147651,1.320449057920842,0.0001468454217862,7140
-0.089121038107394,0.5071570864752756,1.3151227453394088,-0.0003872392578648,7140
-0.0846900872356993,0.5490545573191745,1.309386953094792,0.0003260235059695,7140
-0.0803589936554869,0.5910623132775823,1.3042652928704022,-0.00018699224554,7140
-0.0470893840012966,0.5029308586093552,1.315302902864477,-0.0001735550213732,7140
-0.0426584331296019,0.5448283294532541,1.30956711061986,-2.97780939217257e-06,7140
-0.7311643142948323,0.4019321428069584,1.3763879489521766,0.0001816521187555,7170
-0.725696483257303,0.4440080449994388,1.3735014402503856,0.0002644614861314,7170
-0.694528705577076,0.3544903390757232,1.378618573355603,-0.0001844438434723,7170
-0.6889562285681232,0.3964768932332193,1.3755811425703266,0.0002365720307951,7170
-0.6834883975305939,0.4385527954256996,1.3726946338685355,8.136797700986076e-05,7170
-0.6780134408430745,0.4806261048005749,1.3700976167347323,0.0001970442116978,7170
-0.6579959312830561,0.3069176983276072,1.379781231873555,0.0001721175559882,7170
-0.652524227408873,0.3489990967951061,1.3767799063344257,8.606754766965485e-05,7170
-0.6469517503999203,0.3909856509526021,1.3737424755491494,-9.9118580181419e-05,7170
-0.6414614033406655,0.4330235760181358,1.3709348538061912,-1.413881830415742e-05,7170
-0.6359864466531461,0.4750968853930111,1.3683378366723882,-3.37749189351505e-05,7170
-0.6304626022914446,0.5171023889163382,1.364905215039148,0.0001166473522342,7170
-0.6213781206129529,0.2594553262563234,1.3813541778978604,-0.0002380192021835,7170
-0.6158819338732803,0.3013678758356566,1.37823521102352,0.0002407871141675,7170
-0.6104102299990972,0.3434492743031556,1.3752338854843908,5.2935571893633626e-05,7170
-0.6049121727603938,0.3855136496785499,1.372692839507946,0.000198694714585,7170
-0.599421825701139,0.4275515747440837,1.369885217764988,3.542794733399357e-05,7170
-0.5938995483633155,0.4694935772155504,1.3666121228673764,0.0001968926930384,7170
-0.588375704001614,0.5114990807388775,1.363179501234136,0.0001452050669447,7170
-0.5847314881505172,0.2120109328243173,1.3829535879485289,0.0001800559293971,7170
-0.5829820639864247,0.5536103213247521,1.360094428858886,7.002445203035945e-05,7170
-0.5793158846129591,0.2540339056932209,1.380188392808045,-4.333890587918804e-05,7170
-0.5738196978732865,0.2959464552725542,1.3770694259337044,-7.070693419092972e-05,7170
-0.5682991086851962,0.3379457610339802,1.374084962790481,8.342688157440131e-05,7170
-0.5628010514464927,0.3800101364093746,1.3715439168140362,3.307570505148294e-05,7170
-0.5573865934235047,0.4218961675989612,1.3681480157392627,-0.0001349069423151,7170
-0.5518643160856811,0.463838170070428,1.364874920841651,-1.4122077956355006e-05,7170
-0.5481536871049595,0.1644883007997633,1.3846421960352022,-0.0001932366125101,7170
-0.5463297110609804,0.5059612217289182,1.36172593587624,8.215690890553407e-05,7170
-0.5426896305620581,0.2064140260561943,1.3811924689150985,4.096889732734671e-05,7170
-0.5409360710457911,0.5480724623147928,1.3586408635009897,0.0001361305212397,7170
-0.5372740270245,0.2484369989250979,1.3784272737746146,-6.2140688251929865e-06,7170
-0.5354149295449155,0.5901599503262784,1.3560722414589446,0.0001749109265925,7170
-0.5317630142068925,0.2904183850273298,1.3758620063510505,0.0001089679234195,7170
-0.5262424250188023,0.3324176907887559,1.372877543207827,2.2808700154711148e-05,7170
-0.5207755294534071,0.3744093499582007,1.3699677347204908,3.257155199734574e-06,7170
-0.515361071430419,0.4162953811477873,1.366571833645717,-5.148942850524002e-05,7170
-0.5115526575218123,0.1171233888106661,1.3864528918804613,-3.434878203301128e-05,7170
-0.5099063528041554,0.4583020520469384,1.3633080335282686,0.0001942440243636,7170
-0.5061117185044236,0.1590088845501653,1.3832517433344975,0.000103065659275,7170
-0.5043717477794547,0.5004251037054286,1.3601590485628574,2.71076628588704e-05,7170
-0.5006476619615222,0.2009346098065963,1.379802016214394,1.7868129945079747e-05,7170
-0.4987842638867128,0.5423978503153579,1.357053961808053,8.946947749721712e-05,7170
-0.4952139600760725,0.2429122375951486,1.3767642496812045,6.0403961174425314e-05,7170
-0.4932631223858372,0.5844853383268436,1.354485339766008,0.0002630353444946,7170
-0.4897029472584651,0.2848936236973806,1.3741989822576404,-9.920242754992564e-05,7170
-0.4878260253325577,0.6265995991074482,1.351775046602221,9.013757892029071e-06,7170
-0.4842251744985719,0.326789014843862,1.3711269744595254,-2.409199689722835e-05,7170
-0.4787582789331767,0.3687806740133069,1.3682171659721891,6.030684133429692e-05,7170
-0.4731622321253411,0.4106920535021812,1.365114755105055,0.000115793510558,7170
-0.4694655049784589,0.1116395572359546,1.3850322948304092,-1.3702109332727752e-05,7170
-0.4677075134990776,0.4526987244013323,1.3618509549876063,0.0003899129251794,7170
-0.4640245659610701,0.1535250529754538,1.381831146284446,-0.000132899167698,7170
-0.4622031124330168,0.4948793381369903,1.358951619532839,0.0003462117364753,7170
-0.4587043624006243,0.1955711831075496,1.3791321502366394,-7.760153507654216e-05,7170
-0.4566156285402749,0.5368520847469197,1.355846532778035,-3.002316963651719e-05,7170
-0.4532706605151746,0.237548810896102,1.37609438370345,-0.000355933696508,7170
-0.4513119165971999,0.5787759752984281,1.3525879792079456,-0.0001385561756823,7170
-0.4477037448193778,0.2794440417236449,1.3728839699640694,5.388662359380458e-05,7170
-0.4458748195439204,0.6208902360790327,1.3498776860441586,8.76371806734777e-05,7170
-0.4422259720594846,0.3213394328701264,1.3698119621659544,-0.0002575718944406,7170
-0.4404060011568629,0.6629611771736944,1.3475612857144204,-0.00019860096202,7170
-0.436704601522681,0.3632083971017938,1.366586249987504,0.0001118335265958,7170
-0.4311085547148454,0.4051197765906681,1.36348383912037,-0.0002900154927004,7170
-0.4255542796029566,0.4471778450303768,1.3607107218583503,0.0001813352900302,7170
-0.4219769237121101,0.1480601117641485,1.3804635206035467,5.537001045566314e-05,7170
-0.4200498785368959,0.4893584587660349,1.3578113864035828,-2.6375334896230892e-05,7170
-0.4166567201516643,0.1901062418962444,1.3777645245557402,0.0002690859315452,7170
-0.4112596056441133,0.232060344406119,1.375135554199347,5.556802319122561e-05,7170
-0.4056926899483166,0.273955575233662,1.3719251404599666,-2.928850737000943e-06,7170
-0.4041227391147559,0.61539515607658,1.348043640969534,-5.284099520946189e-05,7170
-0.4001642274830079,0.3158857760881397,1.36892965323867,7.103368046400271e-06,7170
-0.3986539207276984,0.6574660971712417,1.3457272406397958,-0.0004336745104924,7170
-0.3946428569462042,0.3577547403198072,1.3657039410602194,-7.369075744082659e-05,7170
-0.3930062495845976,0.6992918373467033,1.3439636478890349,-0.0001395009180371,7170
-0.3891952774580371,0.399791512563918,1.3626781346800856,6.938808723064988e-05,7170
-0.3836410023461484,0.4418495810036266,1.359905017418066,-0.0001889917115115,7170
-0.3744855632153135,0.1845017502367589,1.376100907348646,-1.4131812140702473e-05,7170
-0.3690884487077626,0.2264558527466336,1.3734719369922526,-1.7878090118036982e-05,7170
-0.3636785878178545,0.2683803478612092,1.3707024186165857,-9.467378201177825e-06,7170
-0.3581501253525458,0.3103105487156868,1.3677069313952883,-0.0001439822049628,7170
-0.356803934548475,0.6519499596214122,1.3440794428617957,-9.25669311657995e-05,7170
-0.3525860514961462,0.3522908267125346,1.3643967105878043,0.0001580900592524,7170
-0.3511562634053742,0.6937756997968738,1.3423158501110346,-0.0003705021455804,7170
-0.3471384720079791,0.3943275989566454,1.361370904207671,7.612873837211515e-05,7170
-0.3455013621404706,0.7355351589013783,1.3411638655171196,-0.0002224607388414,7170
-0.3416743832811175,0.4361896917480067,1.358277575405266,-1.5258277379796847e-05,7170
-0.3270382187407663,0.220974007959921,1.3721483538933796,-3.301682734666023e-05,7170
-0.3216283578508582,0.2628985030744966,1.3693788355177126,-0.0001132396242172,7170
-0.3161093481648657,0.3048309589218687,1.3662697081114876,0.0001948995368517,7170
-0.3146540456443412,0.6462275762927499,1.3432575874831434,0.0002897536708389,7170
-0.3105452743084661,0.3468112369187165,1.3629594873040036,-7.878204675277473e-05,7170
-0.3091926148993352,0.6884003743000273,1.3397927056969232,0.0003307034097983,7170
-0.3050385503795236,0.3887130635283329,1.3598246003501206,-1.553487090680955e-05,7170
-0.3035377136344317,0.7301598334045318,1.338640721103008,-0.0005728921984122,7170
-0.2995744616526621,0.4305751563196942,1.3567312715477158,-9.268651196586014e-05,7170
-0.2980001790590765,0.7716425831193464,1.3390417520805702,-0.0003677075980263,7170
-0.294165377727682,0.4724531269101102,1.3540701208051291,-0.000135076561266,7170
-0.2795573798517488,0.2574182828104771,1.368138817004019,1.304713620117054e-05,7170
-0.2740383701657564,0.2993507386578492,1.3650296895977942,-9.510572929073702e-05,7170
-0.2724650378191072,0.6405927031778405,1.3422854728272593,9.436951337537386e-05,7170
-0.2685728080731939,0.3411905347064715,1.3619936395792505,-0.0001943321529007,7170
-0.2670036070741011,0.6827655011851179,1.338820591041039,0.0003915117743197,7170
-0.2630660841442515,0.3830923613160879,1.3588587526253677,-4.0228004232409353e-05,7170
-0.2616100413749905,0.7248608275860409,1.3357476534409432,-0.0001531311454361,7170
-0.2575177344774163,0.4250850677123706,1.3554999778917676,1.4716368517068978e-05,7170
-0.2560725067996354,0.7663435773008554,1.336148684418505,-0.0007000023304415,7170
-0.2521086505524362,0.4669630383027865,1.352838827149181,-8.440116102031991e-05,7170
-0.2467012564742212,0.5088676305157754,1.3503356518857026,2.076680359661132e-05,7170
-0.2320509578571055,0.2937664788069137,1.3637397471971884,-5.6250703612648056e-05,7170
-0.2303722388723494,0.635070955978889,1.3410232369953432,-2.2889184631995352e-05,7170
-0.226585395764543,0.3356062748555361,1.3607036971786446,-0.0001391625108687,7170
-0.2248984486190325,0.6770506747063515,1.3382261225846797,4.334846634480166e-05,7170
-0.2210553541422882,0.3775251789965908,1.357280775404554,0.0002041228672791,7170
-0.2195048829199219,0.7191460011072744,1.335153184984584,0.0002732691744939,7170
-0.215507004475453,0.4195178853928735,1.3539220006709538,-4.789882439121956e-05,7170
-0.2101108317503154,0.4614858810107398,1.3512904179512395,-0.0001758842342347,7170
-0.2047034376721004,0.5033904732237287,1.3487872426877612,-0.0001678592831056,7170
-0.1992449581321701,0.5453151746705581,1.346156892242937,-5.400036085814047e-05,7170
-0.1938095831207053,0.5874292365519356,1.3429255201006356,0.0001970922896417,7170
-0.1883292157763042,0.6294345730637922,1.3397256102352055,-0.000118840768723,7170
-0.1845351394644364,0.3301617843046812,1.359060548794595,0.0001281145644132,7170
-0.1828554255229873,0.6714142917912547,1.336928495824542,0.0001373332886767,7170
-0.1790050978421815,0.3720806884457359,1.3556376270205044,-0.0001910454965847,7170
-0.1735961366417479,0.4139686375604912,1.352720997664227,-0.0001750860241528,7170
-0.1681999639166103,0.4559366331783575,1.3500894149445126,-6.447940913130445e-05,7170
-0.1627950813262527,0.4979196392611376,1.3474793876225395,-0.0001458154182815,7170
-0.1573366017863225,0.5398443407079669,1.344849037177715,-0.0002212606043022,7170
-0.1517846596799493,0.5817948992960167,1.3415287419131927,0.0001375268855657,7170
-0.1463042923355482,0.6238002358078732,1.3383288320477624,-5.24341503724407e-05,7170
-0.136963235441649,0.3665527280966113,1.3540442940102042,8.125796611377356e-05,7170
-0.1315542742412155,0.4084406772113666,1.351127664653927,6.41865999351579e-05,7170
-0.1262448457305611,0.450458279685814,1.349255784835797,-6.1401425211903e-05,7170
-0.1208399631402035,0.492441285768594,1.346645757513823,-7.197579763352363e-05,7170
-0.115327185902892,0.5343834686512987,1.343054021565813,0.0001913554838978,7170
-0.1097752437965188,0.5763340272393485,1.3397337263012907,-0.000123742748425,7170
-0.0898659570354102,0.4031621125745711,1.3522974633506393,-0.0005286956207386,7170
-0.0845565285247558,0.4451797150490185,1.350425583532509,-0.0004777786265625,7170
-0.0788824976958148,0.4868977916302127,1.3458318319983251,-0.0002238727957486,7170
-0.0733697204585033,0.5288399745129175,1.3422400960503156,-7.452957500559548e-05,7170
-0.0427569243662319,0.4398546417453188,1.350518131350762,0.000206043051805,7170
-0.0370828935372908,0.4815727183265131,1.3459243798165783,-0.0005164233949186,7170
-0.7126284508915507,0.4167117822081754,1.4002644107056663,0.000161546292859,7200
-0.7075658287888074,0.4587871372890671,1.397193999645801,0.0001669315239392,7200
-0.6755385069239346,0.3696086888844978,1.403446419675375,-6.844917468080969e-05,7200
-0.6703880399012672,0.4116931610701563,1.4009098524522972,0.0001147722950011,7200
-0.6653254177985237,0.4537685161510479,1.3978394413924315,7.322399604699908e-05,7200
-0.6603078131166933,0.4958439888668829,1.394196770282313,0.0001110038859392,7200
-0.6384876069070089,0.3223710161565727,1.4059114533107375,0.0002407777116862,7200
-0.6333238526693967,0.3645074193604063,1.4029653723093762,0.0002236829490884,7200
-0.6281733856467291,0.4065918915460648,1.4004288050862983,0.000143144132549,7200
-0.6231134998240142,0.4486780543236247,1.3969715181579576,0.0002061313395969,7200
-0.6180958951421838,0.4907535270394597,1.393328847047839,0.000191970315178,7200
-0.6132088133114348,0.5327780590290543,1.3897497392089802,-7.169715237299867e-05,7200
-0.6013463631644138,0.2752044068837436,1.4088013800168206,-3.2043618947541486e-05,7200
-0.5962914586786158,0.3173044612560571,1.4059292447740832,0.000205056591024,7200
-0.5911277044410035,0.3594408644598906,1.402983163772722,-0.0001019554922968,7200
-0.585996153736267,0.4014896041109785,1.399513899012944,0.0001033712826393,7200
-0.5809362679135521,0.4435757668885385,1.3960566120846034,4.399000543797021e-05,7200
-0.5759664302417403,0.4855591478971581,1.392569806211598,-0.0001608741080819,7200
-0.5710793484109914,0.5275836798867526,1.388990698372739,0.0002206388794343,7200
-0.566047614017426,0.5696742941147768,1.385739127282236,0.0001092517592186,7200
-0.5642398829312876,0.2281138221933927,1.411451418301458,5.802925954735e-05,7200
-0.5591351193651076,0.2701241531295523,1.408312469932294,6.542378291809342e-05,7200
-0.5540802148793096,0.3122242075018659,1.4054403346895563,0.0002424740769397,7200
-0.5489964197577902,0.3543916846722057,1.4024523470739023,0.0002093359398678,7200
-0.5438648690530536,0.3964404243232935,1.3989830823141245,3.310645440026544e-05,7200
-0.5388095088713482,0.4384335215045524,1.3955062438156562,2.2263445720004105e-05,7200
-0.5338396711995363,0.480416902513172,1.392019437942651,0.000124584716359,7200
-0.5288532810279403,0.5223512840579781,1.3883721511050902,1.158738681068111e-05,7200
-0.5271743816852279,0.1808816597547367,1.413731560820005,0.0001073533893782,7200
-0.5238215466343749,0.5644418982860022,1.385120580014587,0.0002827720619214,7200
-0.5221568834937766,0.2229411431244484,1.4105499283545329,-6.486349597215751e-05,7200
-0.5188324824456549,0.6065417185105471,1.3821086726621197,-7.858004901731969e-05,7200
-0.5170521199275968,0.264951474060608,1.407410979985369,-8.064938538322047e-05,7200
-0.511908250948917,0.3069936623846251,1.4041516027562984,5.2753444110341385e-05,7200
-0.5068244558273977,0.3491611395549649,1.401163615140644,0.000173566171369,7200
-0.5017181475408422,0.3912443790242718,1.3981806286752194,-1.5941244590936265e-05,7200
-0.4966627873591366,0.4332374762055306,1.3947037901767514,0.0001291522436231,7200
-0.4915838093294568,0.4753382864488591,1.3914196063983433,0.000126741679891,7200
-0.4900757343662748,0.1337228888842475,1.4160342632867993,-1.4458874850756254e-05,7200
-0.4865974191578607,0.5172726679936652,1.3877723195607825,1.885713968232533e-05,7200
-0.4849805381151458,0.1757113445719276,1.4126942803381248,0.0001903173239629,7200
-0.4815740246881299,0.5592676015476863,1.3845707867667207,0.0002073304533186,7200
-0.4799630399236946,0.2177708279416394,1.409512647872653,0.0001816002357754,7200
-0.47658496049941,0.601367421772231,1.3815588794142537,0.0002057314590723,7200
-0.4749197875771859,0.2598712055359017,1.4067005508336372,0.0002325437421679,7200
-0.4716043308745471,0.6434437432966662,1.3785868212679475,0.0001611157714372,7200
-0.4697759185985062,0.3019133938599188,1.4034411736045669,2.822936911339724e-06,7200
-0.4646523878984886,0.3439574665322171,1.4003445369865213,0.00018437692702,7200
-0.4595460796119331,0.3860407060015239,1.3973615505210963,7.489306507719312e-05,7200
-0.4544610507629664,0.4280371864086373,1.393860032224592,0.000109448176434,7200
-0.4493820727332865,0.4701379966519658,1.390575848446184,0.0002282757004396,7200
-0.4478930796467436,0.1286470888553594,1.4153725635382073,4.033782168720579e-05,7200
-0.4442567625884116,0.5123073535243927,1.387720309320425,0.0002114097695733,7200
-0.4427978833956147,0.1706355445430394,1.4120325805895328,-2.2174118861205405e-05,7200
-0.4392333681186808,0.5543022870784138,1.384518776526363,0.000111022647509,7200
-0.4377576258923149,0.2127039005403991,1.4091628505388636,2.0994317478997826e-06,7200
-0.4344089071942639,0.5961837373513754,1.3810880915248944,-0.0002130004614732,7200
-0.4327143735458062,0.2548042781346615,1.4063507534998478,1.8771817194389303e-05,7200
-0.429428277569401,0.6382600588758106,1.378116033378589,0.0001855295472414,7200
-0.4275645145463572,0.2968221862949393,1.4029459076309232,0.0001339987678376,7200
-0.4245333078623707,0.680304883158074,1.3754495461959295,-0.0004231695547443,7200
-0.4224409838463396,0.3388662589672376,1.3998492710128776,6.595053693977254e-05,7200
-0.4173833222882752,0.3809154664279559,1.3967500115231846,3.702528068021821e-05,7200
-0.4122982934393084,0.4229119468350693,1.3932484932266802,-1.4898884398692467e-05,7200
-0.4071194662366321,0.4648077593237846,1.3894236013881391,0.0001071896784671,7200
-0.4019941560917571,0.5069771161962116,1.3865680622623795,0.0004138257804069,7200
-0.4007222397859197,0.1656513513575215,1.4125918890170368,9.034333565305364e-06,7200
-0.3956819822826198,0.2077197073548812,1.4097221589663675,-1.9378687141489992e-05,7200
-0.3905147814337759,0.2496820601218064,1.40573267949944,0.0001898194296868,7200
-0.3875885814349754,0.6330625357294636,1.377671083952933,-0.0003863059511335,7200
-0.3853649224343269,0.2916999682820843,1.4023278336305154,2.538730676493461e-05,7200
-0.3826936117279451,0.675107360011727,1.3750045967702735,-0.0001568643891088,7200
-0.3802740233882726,0.3336314343991965,1.3991020822650664,-3.2475918965206574e-05,7200
-0.3774998763353545,0.7169686726050728,1.372372455202395,-0.000146278784276,7200
-0.3752163618302082,0.3756806418599148,1.3960028227753734,0.0002406520162352,7200
-0.3701708377969842,0.4179139010166325,1.39308320601578,0.0001532503050887,7200
-0.3649920105943078,0.4598097135053479,1.3892583141772388,-0.0003524620030059,7200
-0.3536044168805322,0.2025994471946524,1.4098923300233186,-0.0001218392442724,7200
-0.3484372160316882,0.2445617999615776,1.4059028505563913,-3.797728225737179e-05,7200
-0.3432811856875253,0.2866382362673205,1.4021498547540174,-2.483709159238623e-05,7200
-0.3406255371264587,0.6699153752791849,1.3742136021813554,-1.4850686807177382e-05,7200
-0.338190286641471,0.3285697023844327,1.3989241033885689,-0.0002547208740345,7200
-0.3354318017338682,0.7117766878725307,1.3715814606134769,-0.0002199706661496,7200
-0.3331054532993748,0.3705096086666055,1.3953960836360872,9.804432619810176e-06,7200
-0.3302083222729304,0.7537212538925329,1.3702049779423842,2.0281869832897148e-05,7200
-0.3280599292661508,0.4127428678233232,1.3924764668764942,0.0001982250581452,7200
-0.3229003261177841,0.4547486571488685,1.389022103064813,-1.5124942322496115e-05,7200
-0.3064668895149849,0.2394563257358709,1.4060097666428768,4.8162739818218e-05,7200
-0.301310859170822,0.2815327620416138,1.4022567708405034,-1.727779721020367e-05,7200
-0.2983256878200001,0.6647251083047686,1.3738548283232963,0.0001676631907282,7200
-0.2961083505576944,0.3234959216805689,1.398458903259813,-1.1296327616650004e-05,7200
-0.2932054991198865,0.7068545557657215,1.3707665999720775,0.0004366025849442,7200
-0.2910235172155982,0.3654358279627417,1.3949308835073315,6.419050225078132e-05,7200
-0.2879820196589487,0.7487991217857237,1.3693901173009846,-0.0003384554863623,7200
-0.2859179392170239,0.4075223955236779,1.3916452371794608,0.0001682514009265,7200
-0.2830323754790667,0.7902886975296024,1.3691364681172162,-0.000620767985723,7200
-0.2807583360686572,0.4495281848492232,1.38819087336778,-0.0001131118323483,7200
-0.2759018587561668,0.4914298779984211,1.3857388389036611,-0.000531822956309,7200
-0.2609971489874671,0.6175977011696333,1.376468616498193,0.000192821241231,7200
-0.2592230045058301,0.2763491417674215,1.4017062696128564,0.0001449292898469,7200
-0.2560292837168284,0.6595158023308483,1.37390604585537,-9.23618560283862e-05,7200
-0.2540204958927026,0.3183123014063767,1.397908402032166,-8.444652713647527e-05,7200
-0.2509090950167148,0.7016452497918013,1.3708178175041512,0.0003806476743839,7200
-0.2488778169004868,0.3603460567108846,1.3944303203964026,9.456039314344188e-05,7200
-0.2458140370306967,0.7437242698824611,1.3679471536866,-0.0002151084048506,7200
-0.2437722389019125,0.4024326242718208,1.3911446740685318,2.4770130359785814e-05,7200
-0.2408643928508146,0.7852138456263398,1.3676935045028311,-0.0003980365034759,7200
-0.2387248118783679,0.4444732332668197,1.3878651330029514,-5.414925966000517e-05,7200
-0.2338683345658776,0.4863749264160176,1.3854130985388324,-1.2090362832985202e-05,7200
-0.2288795135551038,0.5282300381638909,1.3829561369542644,9.752131841404138e-05,7200
-0.2237640823487039,0.5703231026927498,1.3792747706024084,0.0003025244396848,7200
-0.2188034291411591,0.6124261716763519,1.3761542351813123,-0.0001930275231087,7200
-0.2138355638705204,0.6543442728375669,1.3735916645384891,-5.400606255735047e-05,7200
-0.211920696395114,0.3131989892390496,1.39760784014806,5.964672111499758e-05,7200
-0.208699660189244,0.6963684443366822,1.3704633815051028,0.0002614467138439,7200
-0.2067780174028983,0.3552327445435576,1.3941297585122967,6.40361519978691e-05,7200
-0.2036046022032259,0.7384474644273421,1.3675927176875515,6.31264153459557e-05,7200
-0.2018235866134684,0.3972707422408045,1.3911556791251694,-0.0002872223592374,7200
-0.1967761595899238,0.4393113512358034,1.387876138059589,-1.1303052195703324e-05,7200
-0.19172682728192,0.4813228532819033,1.3848015299014589,-0.0003381521097513,7200
-0.1867380062711462,0.5231779650297766,1.382344568316891,-0.0002469478314635,7200
-0.1815731318997401,0.5650742369957069,1.3788347890840975,0.0001112902853486,7200
-0.1766124786921954,0.6071773059793091,1.3757142536630016,0.0003030044554671,7200
-0.1716078848580383,0.6492139789034876,1.3730034613564572,4.299992300196842e-05,7200
-0.1664719811767619,0.6912381504026028,1.369875178323071,0.0001507569582636,7200
-0.1646811927653987,0.3500912349053979,1.3937314275264647,6.76190833939147e-05,7200
-0.1597267619759687,0.3921292326026449,1.3907573481393372,0.0001427686669409,7200
-0.1548470440290747,0.4341661859127838,1.3884458869212462,-0.0001230238750609,7200
-0.1497977117210709,0.4761776879588836,1.3853712787631165,-3.588303643233676e-05,7200
-0.1446211056380272,0.5181832369764396,1.381620333691417,0.0001434669106083,7200
-0.1394562312666211,0.5600795089423699,1.3781105544586238,-0.0002195915617904,7200
-0.1343661714490005,0.6021123673008497,1.3749505658911263,0.000152460358146,7200
-0.1293615776148435,0.6441490402250282,1.3722397735845822,-0.0001471230103279,7200
-0.1178434166700675,0.3871061792616814,1.39172010698272,-0.0005417068245947,7200
-0.1129636987231735,0.4291431325718203,1.3894086457646289,-0.000205427603079,7200
-0.1077046787127133,0.4710139453265548,1.385186140186493,-2.2997118232725988e-05,7200
-0.1025280726296695,0.5130194943441108,1.3814351951147938,4.399182837587501e-05,7200
-0.0973576033622944,0.5550424897909463,1.3774969801923445,1.4416849163763346e-05,7200
-0.0922675435446738,0.597075348149426,1.374336991624847,8.59934481744623e-05,7200
-0.0709165544490896,0.4240552603040222,1.3894662262997035,0.0001605707888114,7200
-0.0656575344386294,0.4659260730587566,1.3852437207215678,-0.0001807562014716,7200
-0.0604762832419779,0.5078487837925989,1.3812489354842303,7.018504397719033e-05,7200
-0.0553058139746028,0.5498717792394343,1.377310720561781,-1.7517115480342182e-05,7200
-0.0236221792352311,0.4607916115056574,1.3853425022293262,-0.0001039888947301,7200
-0.0184409280385796,0.5027143222394996,1.3813477169919888,3.4393373121374693e-06,7200
-0.6868325011193273,0.4663438696338889,1.4655804778762171,1.014903372795195e-05,7260
-0.6821680402907013,0.5084571368530619,1.4636415500393791,-4.5702775946766805e-05,7260
-0.6493412411064562,0.4194667941553065,1.4665672689740947,5.728260322008377e-05,7260
-0.6447291988721638,0.4615789534266672,1.4644735425982027,-9.770287695971824e-05,7260
-0.640064738043538,0.5036922206458402,1.4625346147613647,-1.1411821947554524e-05,7260
-0.6353656899755271,0.5458340267745124,1.4604352002456666,9.106553041093868e-06,7260
-0.6119361334530783,0.3726223583435593,1.467647769193707,-0.0001453795395561,7260
-0.6072139518522357,0.4147058299794315,1.4655957857931563,-8.45608401117276e-05,7260
-0.6026019096179434,0.4568179892507922,1.4635020594172643,3.839481700598779e-05,7260
-0.5979258371682272,0.498967620290078,1.4609952805770967,0.0001098976772237,7260
-0.5932267891002163,0.5411094264187503,1.4588958660613986,-1.2233546572981702e-05,7260
-0.5885357545330208,0.5832398869629288,1.4569250316661475,6.716227771046135e-05,7260
-0.5745441195327339,0.3258120936706946,1.4685030453414023,-1.9161271728469764e-05,7260
-0.5699171103893457,0.3678209603050633,1.466446456684008,-0.000160396596826,7260
-0.5651949287885031,0.4099044319409356,1.4643944732834573,-2.128600389544183e-05,7260
-0.5604589752395683,0.4519897556388622,1.4620893273661462,-0.0001053368545468,7260
-0.5557829027898522,0.494139386678148,1.4595825485259786,0.000159697245828,7260
-0.5511274144949179,0.5363329609232778,1.4576112111526132,-0.0001438328209679,7260
-0.5464363799277221,0.5784634214674563,1.4556403767573618,1.665126681852508e-05,7260
-0.5416233310743358,0.6208041442846086,1.454192261878621,0.0002681306154481,7260
-0.5370844703145614,0.2789996015026186,1.4698030223065486,-3.551795523754758e-05,7260
-0.5324462268812282,0.3210911054164929,1.46765979029474,-0.0001347630098356,7260
-0.52781921773784,0.3630999720508616,1.4656032016373457,-0.0001557175281127,7260
-0.5231031664268333,0.4051738871669986,1.4633032992156343,0.0001064652490128,7260
-0.5183672128778984,0.4472592108649253,1.4609981532983234,-0.0001625184707825,7260
-0.5136383386103363,0.489246382043025,1.458512735268791,-8.70720629791294e-06,7260
-0.5089828503154018,0.5314399562881548,1.4565413978954256,0.0002300067892301,7260
-0.5042386661900633,0.5736771889072649,1.4547398137229517,0.000167074193496,7260
-0.4996960160767648,0.2322801913147154,1.4710282125271332,-0.0002549586682229,7260
-0.4994256173366769,0.6160179117244172,1.4532916988442108,0.0003018748743347,7260
-0.4950363212504809,0.2742649120958617,1.4691361149394075,-0.0001446886903644,7260
-0.4947243599994661,0.6583020897522593,1.451481142616294,-3.897755578540635e-05,7260
-0.4903980778171477,0.3163564160097361,1.466992882927599,-5.488961940647991e-05,7260
-0.4857470973672719,0.3583383529168533,1.46464308147514,-0.0002372542345969,7260
-0.4810310460562652,0.4004122680329903,1.4623431790534287,6.456208644464723e-06,7260
-0.4762983220109084,0.4425158070784994,1.4602509577224767,-0.0001984735344283,7260
-0.4715694477433461,0.4845029782565991,1.4577655396929443,-0.000153649015499,7260
-0.466833624933798,0.526619516110538,1.4553684341048054,-3.578343270945611e-05,7260
-0.4623586263076761,0.185621961108174,1.4722671671679604,-0.0001938871963616,7260
-0.4620894408084595,0.5688567487296482,1.4535668499323318,2.7646110213122577e-06,7260
-0.4576702787776057,0.2275964045826545,1.4700404939198592,-0.0002003140839393,7260
-0.45725445675507,0.6112006744799574,1.4524168666873691,0.0001863934230854,7260
-0.4530105839513218,0.2695811253638008,1.4681483963321336,-0.0001601903095724,7260
-0.4525531994178591,0.6534848525077995,1.4506063104594524,0.0001017645593487,7260
-0.4483185991770874,0.3116652288765086,1.4660397914616468,-6.3164816836505655e-06,7260
-0.4479860167303048,0.6956624689122137,1.447963001725724,-8.331522179810813e-05,7260
-0.4436676187272116,0.3536471657836258,1.4636899900091875,-0.0002558011410952,7260
-0.4389424765720785,0.3956857058262019,1.4615163076227873,0.0001638740428008,7260
-0.4342097525267216,0.437789244871711,1.4594240862918353,-0.0001686467718983,7260
-0.4295454071546566,0.4797830110611211,1.456980670303086,-4.549068108012505e-05,7260
-0.4248095843451085,0.52189954891506,1.4545835647149472,-6.857628634650975e-05,7260
-0.4203011132468408,0.1808667489463036,1.4716851555989894,-0.0001596384317794,7260
-0.4200184101965394,0.5639001796975738,1.4521522428590234,-9.923638253684502e-05,7260
-0.4156127657167704,0.2228411924207841,1.4694584823508885,-9.11546112676298e-05,7260
-0.4151834261431498,0.606244105447883,1.4510022596140608,0.0004061264312245,7260
-0.4109352866495503,0.2648114432785444,1.4674535671199074,-0.0002033324316989,7260
-0.4104261110374178,0.648638010061894,1.449808939501919,-0.0001537190137594,7260
-0.406243301875316,0.3068955467912522,1.4653449622494206,7.3695165134606e-05,7260
-0.4058589283498635,0.6908156264663081,1.447165630768191,0.0003217373791657,7260
-0.4015225109068632,0.349038200047455,1.4630353598360992,-6.616303361426518e-05,7260
-0.4014652700250062,0.7328985838252999,1.4444156369592658,-0.000529734961798,7260
-0.3967973687517301,0.391076740090031,1.460861677449699,-0.0001008838802545,7260
-0.3922194539226628,0.4332542428973487,1.4592073305918274,-0.0001663698981869,7260
-0.3875551085505977,0.4752480090867589,1.4567639146030782,-0.0004411625709666,7260
-0.3735307852729421,0.2182224326983819,1.4690086461804377,-2.185376013978668e-06,7260
-0.3733015425768874,0.6015021592690819,1.450101683348401,0.0001410867354474,7260
-0.3688533062057221,0.2601926835561422,1.467003730949457,-0.0003745208694925,7260
-0.3685442274711554,0.643896063883093,1.4489083632362592,-0.0003736256497381,7260
-0.3641088099859878,0.3021469466351184,1.4647642237698206,0.0001016242423829,7260
-0.3637133734495392,0.6859689753230229,1.446834561103855,-0.0001006781893025,7260
-0.359388019017535,0.3442895998913212,1.4624546213564993,-4.689459396688828e-05,7260
-0.3593197151246819,0.7280519326820147,1.4440845672949305,0.0002407803938693,7260
-0.3548193626727979,0.3864560836864907,1.4604958883358925,-0.0001331325338271,7260
-0.3547129879026083,0.7702519279022371,1.4417750954377042,0.0003476056268174,7260
-0.3502414478437305,0.4286335864938085,1.4588415414780207,-5.762802369301684e-05,7260
-0.3456703376788285,0.4708086906187793,1.4571661643451828,-0.000145310114655,7260
-0.3268300342616507,0.2556055530577872,1.4668056213430214,-0.0002761501106557,7260
-0.3265860271981746,0.6392198381788379,1.4482787939276824,1.865552547629379e-05,7260
-0.3220855380419164,0.2975598161367635,1.4645661141633854,-0.0002927158869561,7260
-0.3217551731765584,0.6812927496187678,1.4462049917952786,-0.0001935927837939,7260
-0.3174027489458318,0.3396465342378129,1.4623305806947933,-0.0002070185698057,7260
-0.3169469783034344,0.7233963547395121,1.444784551683434,-2.7295074589220317e-05,7260
-0.3128340926010947,0.3818130180329825,1.4603718476741865,-4.461861102963288e-05,7260
-0.3123402510813607,0.7655963499597345,1.442475079826208,0.000271600163975,7260
-0.3081669436284416,0.423953506132002,1.458297497399811,-7.73222521139455e-05,7260
-0.3077159116473905,0.807640833627864,1.4406048060286831,-0.0002101020866155,7260
-0.3035958334635396,0.4661286102569727,1.4566221202669731,0.000111370645697,7260
-0.2990486562131015,0.5083492625631304,1.4549349824991986,-5.669051922507773e-05,7260
-0.2844079556197136,0.634411084212873,1.4475337318573147,0.0001015139135351,7260
-0.2800529138656913,0.292884301930992,1.464261174660337,1.6102671836389082e-05,7260
-0.2796272991547215,0.6766896792423198,1.445502578203693,0.0002616154985008,7260
-0.2753701247696068,0.3349710200320415,1.4620256411917447,5.2451122503009706e-05,7260
-0.2748191042815975,0.7187932843630641,1.444082138091848,-0.0002222947947269,7260
-0.2706426562152427,0.3771076460084792,1.4596522775202194,0.0001620211816599,7260
-0.2701792438318058,0.7606153542056939,1.4431997179935276,-0.0003901288398596,7260
-0.2659755072425896,0.4192481341074987,1.4575779272458442,0.0001214675287333,7260
-0.2655549043978356,0.8026598378738234,1.441329444196003,0.0001830350677468,7260
-0.2613580552481859,0.4613787075714792,1.4554599110923705,7.676650604340751e-05,7260
-0.2609018308975734,0.8447099809735765,1.4400664032826649,-0.0003579305215071,7260
-0.2568108779977478,0.5035993598776369,1.4537727733245958,0.0003424021148,7260
-0.2519698142782623,0.5459371351338111,1.451436837410486,0.0007656569224442,7260
-0.2469510323403872,0.5878413286233046,1.4486920477873486,-0.000548654741801,7260
-0.2422445825347029,0.6298410069483206,1.4468131245398577,0.0002917318599218,7260
-0.2374639260697107,0.6721196019777674,1.4447819708862362,-0.0002016998958492,7260
-0.2331606578536098,0.3302222926941779,1.4613351514802373,1.0081713755633048e-05,7260
-0.2327661874766948,0.7142416721762106,1.4423335442115812,1.196083982010765e-05,7260
-0.2284331892992456,0.3723589186706156,1.458961787808712,4.733890707418059e-05,7260
-0.2281263270269031,0.7560637420188403,1.4414511241132606,-0.0005781218132599,7260
-0.2237991554141377,0.4144903797898891,1.4569266336178224,-0.0001715884891485,7260
-0.2236473525176259,0.7977119583017779,1.4421665714350618,-0.000567568257795,7260
-0.2191817034197339,0.4566209532538696,1.4548086174643484,7.185147807365483e-05,7260
-0.2189942790173637,0.8397621014015308,1.4409035305217237,-0.0001641220373097,7260
-0.2145162015933965,0.4987923701090578,1.452873238578328,-5.826205137188234e-05,7260
-0.2096751378739111,0.5411301453652322,1.4505373026642183,0.0001464022571125,7260
-0.2048442806863949,0.5833654364245253,1.447895044273989,-0.0001794330785868,7260
-0.2001378308807107,0.6253651147495414,1.4460161210264983,-0.0001196827627664,7260
-0.1953960274453865,0.6674574139247429,1.443661494564378,3.8453881266713175e-05,7260
-0.1906982888523705,0.7095794841231859,1.441213067889723,-1.3971356197198248e-05,7260
-0.1864416819457533,0.3675996260083349,1.459027110491071,-0.0002526950329568,7260
-0.1860124974046365,0.751651126330511,1.4388301100238785,-5.0390459258704834e-05,7260
-0.1818076480606454,0.4097310871276084,1.4569919563001814,-6.6979175850225e-05,7260
-0.1815335228953593,0.7932993426134485,1.4395455573456792,-0.0002386577687262,7260
-0.1770190145069796,0.4519437522969785,1.4544799638894337,0.0001241954073393,7260
-0.1723535126806423,0.4941151691521666,1.452544585003413,-1.2604313048357464e-05,7260
-0.167531667454723,0.5363211746103778,1.4497816422036054,0.0005060985486465,7260
-0.1627008102672069,0.5785564656696709,1.447139383813376,1.732102259830587e-05,7260
-0.1580074367388848,0.6206970692750138,1.4451746453653265,9.251393893503627e-05,7260
-0.1532656333035607,0.6627893684502153,1.4428200189032063,-0.0001005788952673,7260
-0.1485579158223793,0.7048292157519942,1.4405895563958646,-3.7693621727348525e-05,7260
-0.1438721243746453,0.7469008579593193,1.43820659853002,-1.3763587714987756e-05,7260
-0.139744098587276,0.4051114299882871,1.4572520388993673,0.000101910978527,7260
-0.1349554650336103,0.4473240951576571,1.454740046488619,-9.117660423151736e-05,7260
-0.1300618566911776,0.4894674090803371,1.4516615034985123,0.000225038533762,7260
-0.1252400114652583,0.5316734145385482,1.4488985606987046,6.623757679876524e-05,7260
-0.1205326965004088,0.5738541553073894,1.4462840191809851,6.287093631263119e-07,7260
-0.1158393229720868,0.6159947589127321,1.4443192807329353,-1.965141016443267e-05,7260
-0.111171454727068,0.6580365838872974,1.442400964231374,-0.0001664128903167,7260
-0.1064637372458866,0.7000764311890764,1.4401705017240325,-5.645244397205207e-05,7260
-0.0928131127448432,0.4425974417556153,1.454681396939871,0.0001452325593287,7260
-0.0879195044024105,0.4847407556782953,1.451602853949764,-1.881899084246047e-05,7260
-0.0831397837735713,0.5269516418217454,1.4486640094462355,3.701139290884087e-05,7260
-0.0784324688087218,0.5691323825905865,1.4460494679285163,-3.583050490592321e-06,7260
-0.0737591700040574,0.6112554254907752,1.4437537769229567,-0.0001165167776614,7260
-0.0690913017590386,0.6532972504653405,1.4418354604213954,-0.0001470643872239,7260
-0.0458046054072957,0.4800243882047855,1.4512479599406274,0.0002274350618637,7260
-0.0410248847784565,0.5222352743482356,1.4483091154370993,6.644288467376469e-05,7260
-0.036257003188814,0.5643337792418817,1.4454795801635083,5.654175641846282e-05,7260
-0.0315837043841495,0.6064568221420704,1.443183889157949,0.0001917702620308,7260
0.0011404031285776,0.5174489494132852,1.4479629450842588,2.757934892506919e-05,7260
0.0059082847182201,0.5595474543069314,1.4451334098106683,-1.7093187115568842e-05,7260
-0.6941256927809138,0.5240234456239479,1.5245404778524732,-1.953097941445603e-05,7590
-0.6892606838991437,0.5661717022817325,1.525377644474404,-0.0001027433395365,7590
-0.6568069724494299,0.4769874391534044,1.5223104098608091,0.0001904514008917,7590
-0.6520019243069765,0.5191765734120406,1.5228554359054,0.0001041339358582,7590
-0.6471369154252065,0.5613248300698253,1.523692602527331,7.20779099719071e-05,7590
-0.6422504409384088,0.6036997914316153,1.5249974707848328,0.0004167077245648,7590
-0.6194343699322596,0.4299098465369998,1.5199601909138925,0.000123579607643,7590
-0.6145577075692756,0.4721471410743505,1.5207633149684967,6.48135712996642e-05,7590
-0.6097526594268223,0.5143362753329868,1.5213083410130874,0.0001143063836096,7590
-0.604939150062759,0.5566048547771335,1.522306490169751,0.0001641553061544,7590
-0.6000526755759614,0.5989798161389236,1.523611358427253,0.0002179615911587,7590
-0.5951397482158558,0.6412047461942627,1.524950034878246,1.850685901699095e-05,7590
-0.5821769894145574,0.3828236107464443,1.517321623480913,8.064065740111259e-05,7590
-0.5772487259877417,0.4249955776829038,1.518092745887539,8.619841612538676e-05,7590
-0.5723720636247578,0.4672328722202545,1.518895869942143,0.0002495543248295,7590
-0.567611358897762,0.509527576507067,1.5199876941291677,-2.9112243658278855e-05,7590
-0.5627978495336987,0.5517961559512138,1.5209858432858314,0.0001358739828335,7590
-0.5579149245500015,0.5941301627640555,1.522279869379464,0.0001615300777001,7590
-0.5530019971898958,0.6363550928193946,1.5236185458304572,-6.887327900981233e-05,7590
-0.5481347932870253,0.6784957296083821,1.5242925508047136,-8.029007880903938e-06,7590
-0.5449842925132726,0.3360562851278723,1.5153413007249117,-0.0005054214530052,7590
-0.5400279546050074,0.3780033087964319,1.5159289500507938,0.0001111835534696,7590
-0.5350996911781917,0.4201752757328915,1.5167000724574198,-0.0001076452136732,7590
-0.5302342716461085,0.4623424067281689,1.517358014015466,8.875943780926876e-06,7590
-0.5254735669191127,0.5046371110149814,1.5184498382024902,0.0002567670157642,7590
-0.5205830760110788,0.5468991515133499,1.5196778259689694,0.0001691066257833,7590
-0.5157001510273814,0.5892331583261916,1.520971852062602,0.000385218368652,7590
-0.5108944911760257,0.6314628272299732,1.5221682973318962,-8.000286671341894e-05,7590
-0.5078194551149515,0.2892150363056308,1.5138542494486038,0.0001313899164608,7590
-0.5060272872731552,0.6736034640189608,1.5228423023061526,0.0001270442054667,7590
-0.5028607356310916,0.3314923131008654,1.5145330341119865,0.0001236263203778,7590
-0.5013986065645618,0.7157439300267419,1.5233791695260122,-0.0004505155162128,7590
-0.4979043977228264,0.373439336769425,1.515120683437868,-0.0003868180774111,7590
-0.4929839119720688,0.4155193979681606,1.515924444528693,0.0002346032568397,7590
-0.4881184924399856,0.457686528963438,1.5165823860867391,-0.000187178755411,7590
-0.483158687067592,0.4996837447898489,1.5168632901459231,0.0001706868649964,7590
-0.478268196159558,0.5419457852882172,1.5180912779124025,0.0003716133804998,7590
-0.4735160838745605,0.5843368694059929,1.5197159900850288,0.0001151249850741,7590
-0.4705026312783907,0.2420578401031493,1.5119964777716168,0.0002022030579272,7590
-0.4687104240232049,0.6265665383097746,1.5209124353543229,1.875813912085439e-05,7590
-0.4656366067622276,0.2842786103744396,1.512998031601638,0.0001547692260462,7590
-0.4640962730871263,0.6686525358811,1.5211024064633762,-0.0003447569989608,7590
-0.4606778872783676,0.3265558871696741,1.5136768162650205,0.0001541188722469,7590
-0.4594675923785329,0.7107930018888811,1.5216392736832356,0.0001123411524643,7590
-0.4557474524794375,0.36870888005126,1.5143516876013727,-4.36333167472408e-05,7590
-0.4547847084119866,0.7529300476841294,1.5226257790769608,-0.0002810583275876,7590
-0.4508269667286798,0.4107889412499955,1.5151554486921976,5.987567878611155e-05,7590
-0.4458909910337864,0.4529580655565267,1.5158454742041014,9.276564333972336e-05,7590
-0.4409311856613927,0.4949552813829375,1.5161263782632854,-0.0002599686418953,7590
-0.4359896466613047,0.5370832771569586,1.516611979501818,0.0002242923798603,7590
-0.4312375343763072,0.5794743612747343,1.5182366916744447,0.0004731843841772,7590
-0.4282376453929987,0.2372130780689224,1.510953357222887,0.0001513079570866,7590
-0.4266019125706812,0.621742863114964,1.51971920546278,-0.0001092421558296,7590
-0.4233716208768355,0.2794338483402127,1.5119549110529082,9.929955153999136e-05,7590
-0.4219877616346026,0.6638288606862893,1.519909176571833,0.0001242566501373,7590
-0.418536637069734,0.3216113621454495,1.5124925353829477,5.216489081587977e-05,7590
-0.417534776298239,0.7058851982094805,1.5198375267030086,-0.0003919816471215,7590
-0.4136062022708037,0.3637643550270354,1.5131674067193002,-4.902813460736649e-05,7590
-0.4128518923316926,0.7480222440047289,1.520824032096734,3.0529257206632354e-05,7590
-0.4085529824522783,0.4059548001093551,1.5137693636584548,0.0002929670673869,7590
-0.4080734654701619,0.7900987172000907,1.5223747283882352,-0.0003257271379302,7590
-0.4036170067573849,0.4481239244158862,1.5144593891703586,6.954539752713346e-05,7590
-0.3988065358920855,0.4901296710211489,1.5150582768075542,-0.0001037035013584,7590
-0.3938649968919975,0.53225766679517,1.515543878046087,9.052585213734782e-05,7590
-0.3891972276173535,0.5741389230427423,1.519596761900467,-0.0005306921364167,7590
-0.3845616058117276,0.6164074248829721,1.5210792756888027,0.0007903691752034,7590
-0.3812250721137946,0.2746096069152538,1.5109958916444963,-5.885769012010933e-06,7590
-0.3802072904013168,0.6590436599941603,1.5185574049774675,-0.0007979628183242,7590
-0.376390088306693,0.3167871207204906,1.5115335159745356,-3.894422847274676e-05,7590
-0.3757543050649532,0.7010999975173513,1.5184857551086433,-0.0003016122157696,7590
-0.3714135924935706,0.3589577531056552,1.5119629419016936,0.0002081710407951,7590
-0.3708408881342773,0.7431805815298302,1.5197175453778669,-7.554682233365528e-05,7590
-0.3663603726750452,0.401148198187975,1.5125648988408482,-9.490724737624272e-05,7590
-0.3660624612727464,0.785257054725192,1.521268241669368,-0.0001183696828059,7590
-0.3614685267170016,0.4432026637404547,1.5131538563201947,-0.0002135014692159,7590
-0.3610967533333379,0.8272479128720478,1.5241062724211254,0.0001979546921544,7590
-0.3566580558517023,0.4852084103457173,1.51375274395739,-6.975767020427764e-05,7590
-0.342948277964532,0.6113335043389749,1.5201375030339646,-0.0002323165514672,7590
-0.3385939625541212,0.6539697394501631,1.5176156323226295,0.0003628237577888,7590
-0.3342154572759843,0.3119887225296728,1.5107086747610872,0.000125868285878,7590
-0.3335456686866762,0.6962050003139495,1.518778593428019,0.0001805409507798,7590
-0.3292389614628619,0.3541593549148374,1.5111381006882452,-0.0001050399050017,7590
-0.3286322517560003,0.7382855843264283,1.5200103836972427,0.0002878102957059,7590
-0.324366777269072,0.3962764945491572,1.51178623916831,-0.000105408695711,7590
-0.3238971371143131,0.7805084449528753,1.520831161295266,5.02013839389151e-05,7590
-0.3194749313110284,0.4383309601016369,1.5123751966476562,-0.0002300940341728,7590
-0.3189314291749046,0.8224993030997312,1.5236691920470231,-0.0002164363600696,7590
-0.3146909124757061,0.4804222225610695,1.5132441557854843,-0.000225232107637,7590
-0.3140559647148614,0.86419169620217,1.5275934994743012,-0.0003666362069961,7590
-0.3010449674877686,0.6066003861342795,1.517209081398696,0.0005366524020448,7590
-0.2963214434982806,0.6489449408349806,1.5180538676040354,0.0002686491773117,7590
-0.2912731496308356,0.6911802016987669,1.5192168287094252,-2.6534710860760813e-05,7590
-0.2871763612219402,0.3492922510871217,1.5101521564573055,-4.985203216502365e-05,7590
-0.28646344924983,0.7333336783257518,1.5201636789463335,-0.0002115274190257,7590
-0.2823041770281502,0.3914093907214416,1.5108002949373702,-4.147350681681095e-06,7590
-0.2817283346081428,0.7755565389521988,1.5209844565443569,0.0001692419843844,7590
-0.2774869287512335,0.433529823555736,1.5116428720007071,-0.0001351407384346,7590
-0.2769472459254428,0.8176774813779315,1.5224791263802957,-0.0002408370154559,7590
-0.2727029099159113,0.4756210860151685,1.5125118311385355,-6.754545136933299e-06,7590
-0.2720717814653995,0.8593698744803704,1.5264034338075736,-0.0003232895368789,7590
-0.2681581243552277,0.5177248221270181,1.5141409457159491,-0.0004820664132454,7590
-0.2673020813556434,0.9014384076988324,1.5283772659989738,7.384018357113609e-05,7590
-0.2635541879798165,0.559659147954543,1.515773996106967,-0.0003450309765913,7590
-0.2587604707237382,0.6017451507382217,1.5166143096641342,-7.120287736799014e-06,7590
-0.2540369467342503,0.6440897054389227,1.5174590958694738,0.0001471247289017,7590
-0.249285705209146,0.6862323679609972,1.518438374604244,-0.0002168566332095,7590
-0.2444760048281404,0.7283858445879821,1.5193852248411526,8.940599072753547e-05,7590
-0.2401946360357299,0.3865740635432756,1.50967947786372,8.100370815819491e-06,7590
-0.2397053840477035,0.7704882182976083,1.5214102503316678,-0.0003067427575711,7590
-0.2353773877588132,0.42869449637757,1.510522054927057,-5.518368035438426e-06,7590
-0.2349242953650035,0.812609160723341,1.5229049201676068,7.952549744952297e-05,7590
-0.2307677229166984,0.470791671692314,1.511778691724568,-0.0003430524087448,7590
-0.2302262803393044,0.85476823853741,1.5247319726840842,-0.0003627973410716,7590
-0.2262229373560149,0.5128954078041636,1.5134078063019818,0.0001140656578269,7590
-0.2254565802295482,0.8968367717558721,1.5267058048754842,-0.0001460562739934,7590
-0.2215629073640081,0.554918388552297,1.5150581664200016,-0.0002630246914844,7590
-0.2167691901079299,0.5970043913359758,1.515898479977169,-3.742013557066215e-06,7590
-0.2119555533266414,0.6391296354216762,1.5165218176926878,-0.0001860386693654,7590
-0.2072043118015372,0.6812722979437507,1.517501096427458,0.000117667824535,7590
-0.2023964004477773,0.7234257794131176,1.5185414035191802,-8.327837631243173e-05,7590
-0.1976257796673404,0.7655281531227438,1.520566429009696,0.0001739920208727,7590
-0.193473679868397,0.4238549506275498,1.5104236325037932,-0.0004379575224508,7590
-0.1927181547831971,0.8073507036037304,1.5248975181704192,-1.0931149502867166e-05,7590
-0.1888640150262822,0.4659521259422938,1.5116802693013045,-6.00869324105871e-05,7590
-0.1880201397574979,0.8495097814177992,1.5267245706868966,0.0008593727459484,7590
-0.1839611257616769,0.5079998906272242,1.51205523853322,-6.553987633410585e-05,7590
-0.1793010957696702,0.5500228713753577,1.51370559865124,0.0002915080827481,7590
-0.1746808731747554,0.5921313888382611,1.515381701031477,-2.1768115769434104e-05,7590
-0.169867236393467,0.6342566329239615,1.5160050387469957,-3.727501951308887e-06,7590
-0.1649996587848939,0.6763810916757649,1.5166340397006786,6.177355568676157e-05,7590
-0.160191747431134,0.7185345731451318,1.5176743467924008,0.0001384516686259,7590
-0.155361582297278,0.7607132431135852,1.5188194946361746,0.0001284056972305,7590
-0.1504539574131346,0.8025357935945718,1.523150583796898,4.4759865718412006e-05,7590
-0.1467584123527419,0.4610866704813654,1.5110096531652375,-5.984052304830456e-05,7590
-0.1418555230881367,0.5031344351662957,1.5113846223971532,-0.0001725808257328,7590
-0.1370722839949443,0.5451889203475317,1.512742848409437,-0.0002247361854723,7590
-0.1324520614000295,0.5872974378104353,1.514418950789674,0.0001320702167649,7590
-0.1277208303992547,0.6294430268807236,1.5150835140584502,-1.8379923923547703e-05,7590
-0.1228532527906816,0.6715674856325271,1.515712515012133,-7.293622960385243e-05,7590
-0.1179914231368607,0.7137660257276004,1.5165864843584596,6.193374977717797e-05,7590
-0.1131612580030047,0.7559446956960539,1.5177316322022334,-4.530529980995013e-05,7590
-0.0998856315985694,0.4982485737382391,1.5111222810386713,-0.0002986248624689,7590
-0.095102392505377,0.5403030589194753,1.512480507050955,-1.1420139135326355e-05,7590
-0.0903462202578193,0.5824522566046617,1.5135169859402244,-0.0002280106339581,7590
-0.0856149892570444,0.6245978456749501,1.5141815492090007,-5.505802685955297e-06,7590
-0.0807489721805432,0.6667252937730238,1.514998414379188,-3.814273029389276e-05,7590
-0.0758871425267223,0.7089238338680971,1.5158723837255146,0.0001135322188453,7590
-0.0529867437707737,0.5354913735398574,1.5114623019710036,7.916217192156794e-05,7590
-0.0482305715232159,0.5776405712250439,1.512498780860273,9.995590192758697e-05,7590
-0.0434445954549536,0.6197408114156536,1.513605631914413,6.491223234752347e-05,7590
-0.0385785783784524,0.6618682595137273,1.5144224970846007,2.4520551139044226e-05,7590
-0.0060143789836539,0.5728148819225206,1.511505802201769,-8.798666557015972e-05,7590
-0.0012284029153917,0.6149151221131304,1.5126126532559097,2.4719007439291677e-05,7590
-0.6946607057399254,0.5231003135886084,1.5239118059187524,-9.841234302625929e-05,7650
-0.6898232051308318,0.5653359846752017,1.5251545420373445,7.338508458164944e-05,7650
-0.6573638651903405,0.4761372086274066,1.5213089074114392,0.0001559357219607,7650
-0.6526848140981081,0.5182883603441432,1.522427129785751,-0.0002046917521894,7650
-0.6478473134890145,0.5605240314307365,1.5236698659043433,0.0001021809125612,7650
-0.6428665746785094,0.6029504944549671,1.5252217354319035,0.000259643380466,7650
-0.6200496009014342,0.4290923930052153,1.5187429974143662,4.763306521635147e-05,7650
-0.6152614449409874,0.4712276619704298,1.5197708411797497,-0.000200352826576,7650
-0.610582393848755,0.5133788136871664,1.5208890635540615,0.0002166808524153,7650
-0.6057808541868106,0.5556381801262548,1.522314993040909,0.0001214035369772,7650
-0.6008001153763056,0.5980646431504852,1.5238668625684693,0.0002701838921233,7650
-0.5958429118613191,0.6403989787857338,1.525451195571102,-3.019920506128204e-05,7650
-0.5828896821118515,0.3821003467222083,1.5164048810725284,-0.0001341968356728,7650
-0.5780006680462679,0.4241674439765426,1.5172513680932591,-0.0001563735781454,7650
-0.5732125120858211,0.4663027129417573,1.5182792118586428,0.0001100832780235,7650
-0.5684819780612496,0.5085507565081786,1.5194265501401794,-0.0001061470798459,7650
-0.5636804383993052,0.550810122947267,1.5208524796270266,6.298549548506421e-05,7650
-0.5586900471193028,0.5932079863909492,1.522797105980661,0.0003720432711466,7650
-0.5537328436043165,0.6355423220261978,1.524381438983294,-2.4458096570964535e-05,7650
-0.5488315866398941,0.6777265866191957,1.52520431512857,8.85821759910449e-05,7650
-0.5457673527298998,0.3352737900017247,1.5144300205120778,-0.000287948079686,7650
-0.5408805451497712,0.3772720551856247,1.5152629817740226,-7.266684967105475e-05,7650
-0.5359915310841876,0.419339152439959,1.5161094687947536,-0.0001819851381777,7650
-0.5311370659311014,0.4615100449722526,1.517094980106473,1.4183262917813466e-06,7650
-0.5264065319065299,0.503758088538674,1.5182423183880096,0.0001051041660634,7650
-0.5215487554599375,0.5459922962661398,1.5197449517054045,0.000185506759743,7650
-0.5165583641799353,0.588390159709822,1.5216895780590391,0.0002398723973927,7650
-0.5115999916082956,0.6307421943252589,1.5232197673744148,7.632074227128388e-05,7650
-0.5085708090428841,0.2884594844281197,1.5121763908444792,-4.1411571803887104e-05,7650
-0.5066987346438733,0.6729264589182569,1.5240426435196908,-1.440946356610212e-05,7650
-0.5037118345754562,0.330646799527195,1.5136180807949988,7.930063897832601e-05,7650
-0.5019060728036657,0.7151521159703652,1.5245659998451606,-3.621597522543429e-05,7650
-0.4988250269953277,0.372645064711095,1.5144510420569437,-0.000408425274286,7650
-0.4939611672137198,0.4146432891347065,1.5151880807616696,4.2180172644852576e-05,7650
-0.4891067020606336,0.456814181667,1.5161735920733888,-0.0001146638502716,7650
-0.4842793292108357,0.498841712126569,1.516725158524508,-0.0001764650339955,7650
-0.4794215527642433,0.5410759198540347,1.5182277918419032,0.0002554788357582,7650
-0.4744868867588272,0.5835485558786695,1.520381301572484,0.0002422526187618,7650
-0.4712072342863392,0.2415829029671478,1.5102570352925242,-2.055769117222106e-06,7650
-0.4695285141871876,0.6259005904941064,1.5219114908878597,-2.4737761879528582e-05,7650
-0.4664736494562944,0.2836516209427776,1.5114124573240648,-3.5851649007760666e-05,7650
-0.4647316880907333,0.6681360859740011,1.522525012602734,-0.0001493234961683,7650
-0.4616146749888665,0.3258389360418529,1.512854147274585,4.377232050502972e-05,7650
-0.4599390262505258,0.7103617430261094,1.5230483689282035,-4.181328019063624e-05,7650
-0.4567205074921988,0.3679731916239024,1.5139691625821103,-5.272871486035336e-05,7650
-0.4549997598140317,0.7524778318510827,1.524534224239349,-6.157788384567042e-05,7650
-0.451856647710591,0.4099714160475138,1.514706201286836,-0.0001519972798198,7650
-0.4470254877472843,0.4520987423045797,1.5153662776693912,5.629087300441926e-05,7650
-0.4421981148974864,0.4941262727641486,1.5159178441205103,-0.000307331240894,7650
-0.4373025845308811,0.5361035287019498,1.5164011350463027,0.00010033734487,7650
-0.4323679185254649,0.5785761647265846,1.5185546447768836,0.0005698502234847,7650
-0.4290805995556817,0.2367860545137264,1.5097437315007476,-0.0002053170069617,7650
-0.427371216112889,0.6210348242557102,1.5207369630925442,0.0001802141430325,7650
-0.4243470147256369,0.2788547724893562,1.5108991535322884,-4.007442382613496e-05,7650
-0.4225743900164347,0.6632703197356049,1.5213504848074186,0.0003223749654064,7650
-0.419566096848284,0.3210366773414462,1.5121448033812657,1.1318009051561329e-05,7650
-0.4177940064860689,0.7054700296772316,1.5222589721157354,0.0001129298997359,7650
-0.4146719293516163,0.3631709329234956,1.5132598186887911,-0.0002632361779248,7650
-0.4128547400495749,0.7475861185022049,1.52374482742688,2.843398178969253e-05,7650
-0.4098580108124574,0.4053786713321998,1.514627117566124,-1.4914291055941054e-05,7650
-0.4080641134052299,0.789694916182725,1.524850154499739,-0.0001318033732288,7650
-0.4050268508491508,0.4475059975892657,1.5152871939486792,-0.0004330113465374,7650
-0.4000879952969819,0.4896034991281125,1.515605560891108,0.0001072631648659,7650
-0.3951924649303767,0.5315807550659137,1.5160888518169005,-0.0005647884032917,7650
-0.3902133743236987,0.5737040353477434,1.5178416112328723,0.000490449266716,7650
-0.3852166719111228,0.616162694876869,1.520023929548533,-4.720725345871285e-05,7650
-0.382164956360448,0.2741357733840135,1.510303189676124,0.0001455941272705,7650
-0.3804826046099664,0.6584145393212484,1.520331935234446,-0.0002440421644121,7650
-0.3773840384830951,0.3163176782361035,1.511548839525101,7.242561975418643e-05,7650
-0.3757022210796006,0.7006142492628751,1.5212404225427625,-0.0001457285581558,7650
-0.3725753575785052,0.3584452485362276,1.5125950159912565,0.0001180133989207,7650
-0.3707802782979555,0.742812209710642,1.5221077478835534,-2.414443102225633e-05,7650
-0.3677614390393463,0.4006529869449318,1.5139623148685897,0.0002134937325018,7650
-0.3659896516536106,0.7849210073911621,1.5232130749564123,-9.965296872625762e-05,7650
-0.3628351780010747,0.4428790971471256,1.5147532615293835,0.0003218672230372,7650
-0.3610168239014443,0.8270837161431366,1.52614122586415,0.000384211592967,7650
-0.3578963224489058,0.4849765986859724,1.5150716284718122,-3.364717682585727e-05,7650
-0.343303298866588,0.6112109385883846,1.518858998777224,-0.0002898165944596,7650
-0.3385692315654315,0.653462783032764,1.519167004463137,0.0002578994356916,7650
-0.335149770495981,0.3115138506813402,1.5108817131316488,-1.3921851420524434e-05,7650
-0.3335019889466037,0.6958081364951507,1.5208394498810434,0.0003694290319908,7650
-0.3303410895913911,0.3536414209814643,1.511927889597804,3.042530728571829e-05,7650
-0.3285800461649587,0.7380060969429176,1.5217067752218345,0.0001882697993786,7650
-0.3254502826493525,0.3958655356282807,1.5128210478412871,0.0002333516478703,7650
-0.3237926105924172,0.7802626919382987,1.522674118681376,0.0002377625724488,7650
-0.3205240216110808,0.4380916458304745,1.513611994502081,-1.5851221337986887e-05,7650
-0.3188197828402509,0.8224254006902731,1.5256022695891138,-6.701005002605898e-05,7650
-0.3158901534872611,0.4804486015113901,1.5151763948473722,-3.544454855811119e-05,7650
-0.3139456063819152,0.8641906830947,1.5291412672754945,-0.000354916457945,7650
-0.3011864011117713,0.6063498888440919,1.5180519948499658,5.109735102370311e-05,7650
-0.2962878260384179,0.6485642052229972,1.5193428411124892,0.000420997435152,7650
-0.2912205834195901,0.690909558685384,1.5210152865303956,6.040942829524387e-05,7650
-0.2881189201521001,0.3488793656534327,1.5110550537153196,0.000150218166411,7650
-0.2863388374634247,0.7331697709283087,1.5220341138340363,-1.7272993158706784e-06,7650
-0.2832281132100616,0.3911034803002491,1.5119482119588028,4.394060958912149e-05,7650
-0.2815514018908832,0.7754263659236897,1.5230014572935782,0.0001692329220982,7650
-0.2783285857395101,0.4333267572432673,1.5127625672534526,0.0001632702945004,7650
-0.2766523255463556,0.8175223051161231,1.524758904217134,9.773039765702264e-06,7650
-0.2736947176156904,0.4756837129241829,1.514326967598744,0.0006488612277345,7650
-0.27177814908802,0.85928758752055,1.528297901903514,-0.0001284436417018,7650
-0.2688470196922911,0.5178874034798436,1.515360745022018,0.0003231701937186,7650
-0.2670952265258719,0.9014837925151696,1.5294464998662276,0.0002676685915381,7650
-0.2637572002924412,0.559677631191963,1.516201734135172,-0.0003182599174183,7650
-0.2589793508681097,0.6017900494609215,1.5175257339966617,0.0002215162528261,7650
-0.2540807757947563,0.6440043658398268,1.5188165802591849,-0.0003131755112663,7650
-0.2491848579587836,0.6861645151257033,1.5199565737470313,0.0001519617509193,7650
-0.2443031120026181,0.728424727368628,1.5209754010506722,-0.0001503706445181,7650
-0.2410130758016034,0.386292686146608,1.5111268142450618,0.0001618638177355,7650
-0.239562385163229,0.7704769383405763,1.5227780162328175,-0.000324546737716,7650
-0.2361135483310519,0.4285159630896263,1.5119411695397118,7.907697808020447e-05,7650
-0.2346633088187013,0.8125728775330097,1.524535463156373,-0.0002816216704312,7650
-0.2312180619634782,0.4707242102264756,1.512578044808965,0.0001365226562634,7650
-0.229867201771882,0.8547485663594578,1.5263184027034902,-0.0003845216207895,7650
-0.2263703640400788,0.5129279007821363,1.5136118222322392,0.0001550363683226,7650
-0.225184279209734,0.8969447713540776,1.5274670006662037,-0.000151081531339,7650
-0.2214712726684104,0.5551672624884435,1.5146447413924773,0.0002613923421214,7650
-0.2166934232440789,0.597279680757402,1.5159687412539666,0.000132369821863,7650
-0.2119628716831416,0.6393646506216781,1.5173433923784534,0.0001530401253785,7650
-0.2070669538471689,0.6815247999075547,1.5184833858662998,2.3390642997792036e-05,7650
-0.2022141672469251,0.7236778347962685,1.5194746373675794,7.747365946046691e-05,7650
-0.197473440407536,0.7657300457682167,1.521277252549725,8.999856487414831e-05,7650
-0.1939548091319927,0.4236997460356705,1.511614402411615,7.247760040879347e-05,7650
-0.1927632276433531,0.8076346310508074,1.5248426816557823,-6.867180162464792e-05,7650
-0.189059322764419,0.4659079931725197,1.512251277680868,-6.298569195967857e-05,7650
-0.1879671205965338,0.8498103198772555,1.5266256212029,0.0002796484291883,7650
-0.184076146298872,0.5081365746081717,1.5125136179474472,0.0002304713128608,7650
-0.1791770549272036,0.5503759363144789,1.5135465371076853,9.1813984500283e-05,7650
-0.1743374431323235,0.5926128473501104,1.5144057213475857,0.000135359223243,7650
-0.1696068915713861,0.6346978172143865,1.5157803724720724,3.52212056716969e-05,7650
-0.1648744976814239,0.6767397583886042,1.517223651953158,8.40258598219859e-05,7650
-0.1600217110811802,0.718892793277318,1.5182149034544377,1.832699304439578e-05,7650
-0.15513028889141,0.7611262050420086,1.5191786067250104,0.0002447903102021,7650
-0.1504200761272271,0.8030307903245992,1.5227440358310689,0.0001503597961301,7650
-0.1468926267811411,0.4610937828992214,1.5116508216473223,0.0001550838311577,7650
-0.1419094503155942,0.5033223643348734,1.5119131619139012,4.531159510795524e-06,7650
-0.1369894223242309,0.5455625365807371,1.5126753341770396,6.778022782870374e-05,7650
-0.1321498105293508,0.5877994476163686,1.51353451841694,0.0001033502310652,7650
-0.1273822596752911,0.6298163330631728,1.5150721095341386,-0.0002954532711291,7650
-0.1226498657853289,0.6718582742373904,1.5165153890152243,0.0001822306468595,7650
-0.1177955767863904,0.7141426424121378,1.5170897865431354,0.0001727904962784,7650
-0.1129041545966202,0.7563760541768283,1.518053489813708,7.685035526820011e-05,7650
-0.0997686377501895,0.4985300905103133,1.511338100234129,0.0002172756297671,7650
-0.0948486097588262,0.540770262756177,1.5121002724972672,-1.6993491671848937e-05,7650
-0.0900641203731245,0.5829076908108433,1.513254932937081,-0.0001170701700618,7650
-0.0852965695190647,0.6249245762576474,1.5147925240542794,-0.0001606290174375,7650
-0.0805241098770558,0.6668914313460235,1.5160700873149875,-0.0001765999154409,7650
-0.0756698208781173,0.7091757995207708,1.5166444848428986,0.0001995268235414,7650
-0.0527086878764121,0.5359028973743082,1.511774937810292,-2.2152427557660392e-05,7650
-0.0479241984907103,0.5780403254289745,1.5129295982501056,0.000134795422224,7650
-0.0430724749169889,0.620194178292399,1.5135594130570778,9.83332003603732e-05,7650
-0.0383000152749799,0.662161033380775,1.514836976317786,-1.201238519125264e-05,7650
-0.0057097424293988,0.5732121798334353,1.5121213121774593,4.283688088566051e-05,7650
-0.0008580188556773,0.6153660326968597,1.5127511269844316,-4.562236756629201e-05,7650
-0.6943606244666718,0.5235131653551386,1.5237501829282736,-0.000121397459076,7830
-0.6896023116670741,0.5656694472803332,1.52446771145159,-0.0002372944433401,7830
-0.6570850979060228,0.4766040274008224,1.52161549538407,3.132440236199713e-05,7830
-0.6523453550725464,0.5187339192798498,1.5223330750534458,-6.374272964723704e-06,7830
-0.6475870422729486,0.5608902012050445,1.523050603576762,4.940624240363373e-05,7830
-0.6427189033123326,0.6032449891302085,1.5243446912106695,0.0004162233793895,7830
-0.6197101138671819,0.4296433195769587,1.5194291179290236,8.703786328032037e-05,7830
-0.6149403236165094,0.4717718315936643,1.5202288263189174,-0.0001638609556987,7830
-0.6102005807830331,0.5139017234726917,1.5209464059882936,0.0001198393064272,7830
-0.605421800933556,0.5561466770381751,1.521960372376845,3.429665582603547e-05,7830
-0.6005536619729399,0.5985014649633391,1.5232544600107525,0.0002058976986028,7830
-0.5956625889936247,0.6407058888023492,1.5245261761949604,-0.0001166004352768,7830
-0.5824955930119623,0.3826002383166313,1.5170936795629868,-2.9249733081132545e-05,7830
-0.5775619854297493,0.4247521096455359,1.5180526055723045,-3.019267888656335e-05,7830
-0.5727921951790769,0.4668806216622416,1.5188523139621983,0.0001271069373754,7830
-0.5680554003733849,0.509093789732687,1.5199159533524602,2.387726184482908e-05,7830
-0.5632766205239077,0.5513387432981705,1.5209299197410118,0.0001216556871288,7830
-0.5584028032041286,0.5936471088958872,1.5221309488389556,0.0002546030468417,7830
-0.5535117302248134,0.6358515327348974,1.5234026650231636,-5.82123285787356e-05,7830
-0.5487213169636928,0.6779800631745885,1.5240269851901012,1.930309528615226e-06,7830
-0.5452625289369908,0.3356577346972307,1.5151100239101765,-7.276127011651007e-05,7830
-0.5403872319995494,0.3777427237376042,1.5160065774670008,9.420172657331056e-05,7830
-0.5354536244173365,0.4198945950665088,1.5169655034763183,-3.670130580186309e-05,7830
-0.5306034619520981,0.4620454843393305,1.5176857813286802,-3.5554973933038525e-05,7830
-0.5258666671464058,0.5042586524097761,1.518749420718942,0.0002278541625257,7830
-0.5211506184450164,0.5465149782964205,1.519610644802548,-9.41168277154153e-06,7830
-0.5162768011252372,0.5888233438941373,1.5208116739004915,0.0001474828299827,7830
-0.5113685493270964,0.6310753234321029,1.522345594402612,-3.2239066129778615e-05,7830
-0.5078966619924432,0.2887710851946993,1.5131678553904977,4.528040720554877e-05,7830
-0.5065781360659758,0.673203853871794,1.5229699145695497,2.7302937771325756e-05,7830
-0.5030619108473521,0.3309153175800975,1.5143448997271771,8.322866255109501e-05,7830
-0.5017919032507603,0.71532253794536,1.5235481974829677,-5.058273242931205e-05,7830
-0.4981866139099108,0.373000306620471,1.5152414532840015,-0.0001144964912662,7830
-0.4933544777756152,0.4151389705851377,1.5160782658559544,8.204205640723744e-05,7830
-0.4885043153103767,0.4572898598579594,1.516798543708316,-0.0001232055288401,7830
-0.4836637273865353,0.4993379561742813,1.5172152491457962,-5.962166223685145e-05,7830
-0.4789476786851459,0.5415942820609259,1.518076473229402,0.0003828679733866,7830
-0.4741164876889907,0.5839421220635321,1.519794581030909,0.0002466238501923,7830
-0.47056484568247,0.2418402331486723,1.511375520320255,-5.437677762853282e-05,7830
-0.4692082358908498,0.6261941016014977,1.5213285015330296,0.0001249720849326,7830
-0.4657461233521641,0.284020130465901,1.5124223015838991,1.8161201486226183e-05,7830
-0.4645529141874875,0.668317635289591,1.5216396273584127,-0.000311517988998,7830
-0.460911372207073,0.3261643628512992,1.5135993459205783,-0.0001229380988388,7830
-0.4597666813722719,0.7104363193631569,1.5222179102718307,-2.6726932053501573e-05,7830
-0.4560081981160382,0.3682835043284364,1.5146483189391438,9.207174398413732e-05,7830
-0.4548764414427142,0.752598621463238,1.5235787374811958,-0.000104424418709,7830
-0.4511760619817426,0.410422168293103,1.5154851315110964,-1.5091317183954511e-05,7830
-0.4463246145394625,0.4525708353408608,1.5162726912088995,0.0001343259242421,7830
-0.441484026615621,0.4946189316571828,1.51668939664638,-0.0001709086136928,7830
-0.4366082113467949,0.5366576807147967,1.5170908787479371,0.0001777913162182,7830
-0.4317770203506397,0.579005520717403,1.5188089865494443,0.0004525696186611,7830
-0.4283417387581456,0.2370250111617381,1.5105238651299804,0.0001358880626135,7830
-0.427071152769338,0.6212683092360423,1.5201388832452087,-0.0001216291178017,7830
-0.4235230164278397,0.2792049084789668,1.5115706463936245,0.0002437719881287,7830
-0.4224158310659757,0.6633918429241356,1.520450009070592,0.0002222858121661,7830
-0.4187737018204832,0.3214125441155916,1.5126134005895708,6.156197683124948e-05,7830
-0.4176265348822382,0.7055971323027731,1.5216794788455643,0.0001998188048821,7830
-0.4138705277294484,0.3635316855927287,1.5136623736081356,-8.561819295326706e-05,7830
-0.4127362949526804,0.7477594344028542,1.5230403060549291,3.5098825604151784e-05,7830
-0.4089506613114322,0.4056218431168104,1.5145266103959585,5.397531483822965e-05,7830
-0.4079917780353388,0.7898903145530651,1.5238992018678577,-7.985422126344233e-05,7830
-0.404099213869152,0.4477705101645682,1.5153141700937611,8.536377981706311e-05,7830
-0.3992847050174232,0.4899751236168431,1.516436574523658,6.32438959097259e-05,7830
-0.3944088897485971,0.532013872674457,1.516838056625215,-0.0002843239867474,7830
-0.389691181680079,0.5737946238511036,1.519812926943067,-0.0002730933786719,7830
-0.3849853140987772,0.6160574123697429,1.5211428236388314,0.0005387610695115,7830
-0.3812652899899812,0.2742969968355644,1.5103909611525996,-4.568082257575684e-05,7830
-0.3803211574175078,0.658573229034418,1.5197715002560055,-0.0002550864619848,7830
-0.3765159753826248,0.3165046324721891,1.511433715348546,0.0002834089707877,7830
-0.3755318612337703,0.7007785184130555,1.521000970030978,-0.0001037573125542,7830
-0.3716826384349424,0.3586811321316551,1.5125968393895444,4.763081035091127e-05,7830
-0.3706860648781683,0.743008264935922,1.521644736458779,-0.0001221065338142,7830
-0.3667627720169262,0.4007712896557368,1.5134610761773666,2.2045920164089072e-05,7830
-0.3659415479608267,0.785139145086133,1.5225036322717076,-0.000112893846009,7830
-0.3618453330588947,0.4429416978820903,1.5140942357289788,0.0001439561655828,7830
-0.36088042638402,0.8271436227458844,1.5256449197475177,0.0002901282360977,7830
-0.3570308242071659,0.4851463113343652,1.5152166401588754,0.0002372280981905,7830
-0.3430297589063048,0.6109908010560586,1.5209792395223207,-7.647231200211962e-05,7830
-0.3383656022250353,0.6535066177207336,1.519607916139495,0.0004263049992876,7830
-0.3343199155361711,0.3116491126817729,1.510753506396466,3.556498869856234e-05,7830
-0.3333148568668206,0.6959298532750351,1.520544187739001,0.0003653085827241,7830
-0.3294865785884888,0.3538256123412389,1.5119166304374645,-9.21090267230057e-05,7830
-0.3284690605112186,0.7381595997979017,1.5211879541668023,0.0003787078180181,7830
-0.324522230253748,0.3959217433471157,1.5125081223760537,0.0001361373324979,7830
-0.3236463584787808,0.7803822550222913,1.5224162415611278,0.0003642648801645,7830
-0.3196047912957165,0.4380921515734692,1.513141281927666,8.467316605038216e-05,7830
-0.3185852369019742,0.8223867326820427,1.525557529036938,-0.0001629596388977,7830
-0.3148130784440254,0.4802633412627973,1.5141242410795313,-5.971261831660968e-05,7830
-0.3137037298016334,0.8641711426049858,1.528999993740089,-0.0001577256078108,7830
-0.3008819770463781,0.6063273717535776,1.5184659864007544,0.0001265625095734,7830
-0.2960113977500406,0.6484823332160221,1.5202628572203962,0.0004396089190025,7830
-0.2909606523918259,0.6909055687703236,1.521199128819902,0.0002866625041837,7830
-0.2873198507670635,0.3490190777060833,1.511046236393048,6.258620376408536e-05,7830
-0.2860966236833308,0.7332599741759753,1.5217897330413002,4.831462521776714e-05,7830
-0.2823555024323227,0.3911152087119601,1.5116377283316376,-0.0001411492297987,7830
-0.281273921650893,0.7754826294003649,1.5230180204356256,0.0001527013197611,7830
-0.2774753298011259,0.4332854570784845,1.5124495245364662,2.2974364418060222e-05,7830
-0.2765354086795047,0.8175892669284466,1.5244613402277123,-0.0002204367909808,7830
-0.2726836169494347,0.4754566467678126,1.5134324836883315,-2.065977744308833e-05,7830
-0.2716539015791639,0.8593736768513898,1.527903804930864,-0.0002843970321614,7830
-0.2679456155145272,0.5176157894094936,1.5147030329347468,-7.119898039867345e-05,7830
-0.2668359335384508,0.9014765726023248,1.5295874184083538,0.0001088618647715,7830
-0.2632978713492229,0.5596160813552271,1.5162570492103762,-0.0001365133920448,7830
-0.2585044165820581,0.6016218718882409,1.5177883076810268,0.0001629745208056,7830
-0.2536338372857206,0.6437768333506854,1.5195851785006682,2.2688160828093773e-05,7830
-0.2488169053002568,0.6860893208145803,1.5203826716041349,0.0002842507942151,7830
-0.2439528765917617,0.728443726220232,1.5209732758255328,1.1451520516826684e-05,7830
-0.2401845443896371,0.3863696171706997,1.510817041077949,0.0002179677821597,7830
-0.2392670404159843,0.7704904533708601,1.523041319413931,-0.0003672389223346,7830
-0.2353043717584403,0.4285398655372241,1.5116288372827773,4.813632059599837e-05,7830
-0.234528527444596,0.8125970908989417,1.5244846392060176,2.288552878371153e-06,7830
-0.2305422861629321,0.4706763569259952,1.5126181573017252,-9.273269030905806e-06,7830
-0.2297316753486408,0.8547546215631086,1.5259690030471658,-0.000210233569365,7830
-0.2258042847280245,0.5128354995676763,1.5138887065481406,0.0001335368212563,7830
-0.2249137073079276,0.8968575173140436,1.5276526165246556,-0.0001003912225988,7830
-0.2211021556252926,0.5548789863298383,1.5155644327988855,-0.0002020960518374,7830
-0.2163087008581278,0.5968847768628522,1.517095691269536,-5.0039847008610805e-05,7830
-0.2114450733482865,0.6390529181508265,1.518169141881858,0.0001024350971348,7830
-0.2066281413628226,0.6813654056147215,1.518966634985324,0.0002169935298345,7830
-0.2018164946853264,0.7235876197202205,1.5196862295389584,-1.8004021867933095e-05,7830
-0.197130658509549,0.7656343468708484,1.5217542731273566,0.0002307121257026,7830
-0.1932269262592323,0.4236790279485075,1.511167558591909,-0.0002600461536751,7830
-0.1924780485288689,0.8075689412909177,1.5253052264380127,-0.0001425125599589,7830
-0.1884648406637242,0.4658155193372786,1.5121568786108577,9.66150856347714e-06,7830
-0.1876811964329138,0.8497264719550843,1.5267895902791606,0.0002480828545439,7830
-0.1835179103495999,0.5080158458744467,1.5127131675105714,0.0001016096684077,7830
-0.1788157812468681,0.5500593326366088,1.5143888937613164,0.0001506611831634,7830
-0.1741958087006427,0.592137038553229,1.5162031669324494,1.6489860179345894e-05,7830
-0.1693321811908014,0.6343051798412034,1.5172766175447712,-7.501592870083618e-05,7830
-0.1644128110916861,0.676521777179422,1.5179032405240136,0.0001656146734142,7830
-0.1596011644141898,0.718743991284921,1.5186228350776476,7.365586772192789e-05,7830
-0.1546999303054502,0.7609918092960533,1.5194856776242536,0.0003357503763086,7830
-0.1500473203247701,0.8029264037161226,1.5230366309349097,0.0003173500133115,7830
-0.1462066177935056,0.4610155976676531,1.5111613573756086,0.0003569134543062,7830
-0.1412596874793814,0.5032159242048212,1.5117176462753226,5.422229934602674e-05,7830
-0.1365620716963623,0.5452788618551486,1.513482451661138,-0.0001937451724145,7830
-0.131942099150137,0.5873565677717688,1.5152967248322713,0.0001775998542793,7830
-0.1271430009551676,0.6295141122241603,1.5161870539730888,0.0001691890509985,7830
-0.1222236308560524,0.6717307095623789,1.516813676952331,0.0001035589122823,7830
-0.1173331031908646,0.7139445129132678,1.5177229833191226,0.0001196383478261,7830
-0.112431869082125,0.7561923309244002,1.5185858258657283,0.0001411307311609,7830
-0.099063727057535,0.4984409533018429,1.510740908697571,3.517901412378871e-05,7830
-0.0943661112745159,0.5405038909521704,1.5125057140833864,7.763630018216283e-05,7830
-0.089636565561897,0.5825622032543175,1.513992087358083,8.103043774557867e-05,7830
-0.0848374673669277,0.624719747706709,1.5148824164989003,8.936896377934045e-05,7830
-0.0799832052650287,0.6668631136174892,1.5160314642000774,0.0001481686370077,7830
-0.075092677599841,0.709076916968378,1.516940770566869,0.0001385036757586,7830
-0.0521024133236328,0.5357102967822274,1.5112971274424742,-0.0001203769104722,7830
-0.0473728676110139,0.5777686090843746,1.5127835007171706,0.0001176138673475,7830
-0.042613669745919,0.6199287423542897,1.51372139328606,4.41990355371652e-05,7830
-0.0377594076440201,0.66207210826507,1.5148704409872369,-1.1684282432991576e-05,7830
-0.0051786467489944,0.5729852441214094,1.511677256285443,-1.6151761445613866e-05,7830
-0.0004194488838995,0.6151453773913246,1.5126151488543322,3.660521255244992e-05,7830
